#
# There is insufficient memory for the Java Runtime Environment to continue.
# Native memory allocation (malloc) failed to allocate 1052176 bytes. Error detail: Chunk::new
# Possible reasons:
#   The system is out of physical RAM or swap space
#   This process is running with CompressedOops enabled, and the Java Heap may be blocking the growth of the native heap
# Possible solutions:
#   Reduce memory load on the system
#   Increase physical memory or swap space
#   Check if swap backing store is full
#   Decrease Java heap size (-Xmx/-Xms)
#   Decrease number of Java threads
#   Decrease Java thread stack sizes (-Xss)
#   Set larger code cache with -XX:ReservedCodeCacheSize=
#   JVM is running with Unscaled Compressed Oops mode in which the Java heap is
#     placed in the first 4GB address space. The Java Heap base address is the
#     maximum limit for the native heap growth. Please use -XX:HeapBaseMinAddress
#     to set the Java Heap base and to place the Java Heap above 4GB virtual address.
# This output file may be truncated or incomplete.
#
#  Out of Memory Error (arena.cpp:168), pid=908, tid=23512
#
# JRE version: OpenJDK Runtime Environment (21.0.6) (build 21.0.6+-13368085-b895.109)
# Java VM: OpenJDK 64-Bit Server VM (21.0.6+-13368085-b895.109, mixed mode, tiered, compressed oops, compressed class ptrs, g1 gc, windows-amd64)
# No core dump will be written. Minidumps are not enabled by default on client versions of Windows
#

---------------  S U M M A R Y ------------

Command Line: --add-opens=java.base/java.util=ALL-UNNAMED --add-opens=java.base/java.lang=ALL-UNNAMED --add-opens=java.base/java.lang.invoke=ALL-UNNAMED --add-opens=java.prefs/java.util.prefs=ALL-UNNAMED --add-exports=jdk.compiler/com.sun.tools.javac.api=ALL-UNNAMED --add-exports=jdk.compiler/com.sun.tools.javac.util=ALL-UNNAMED --add-opens=java.base/java.nio.charset=ALL-UNNAMED --add-opens=java.base/java.net=ALL-UNNAMED --add-opens=java.base/java.util.concurrent.atomic=ALL-UNNAMED -Xmx2048m -Dfile.encoding=UTF-8 -Duser.country=US -Duser.language=en -Duser.variant -javaagent:C:\Users\xXx\.gradle\wrapper\dists\gradle-8.9-bin\90cnw93cvbtalezasaz0blq0a\gradle-8.9\lib\agents\gradle-instrumentation-agent-8.9.jar org.gradle.launcher.daemon.bootstrap.GradleDaemon 8.9

Host: 11th Gen Intel(R) Core(TM) i5-11400H @ 2.70GHz, 12 cores, 11G,  Windows 11 , 64 bit Build 26100 (10.0.26100.7309)
Time: Wed Dec 17 19:33:59 2025 Turkey Standard Time elapsed time: 9.645257 seconds (0d 0h 0m 9s)

---------------  T H R E A D  ---------------

Current thread (0x000001793954c8d0):  JavaThread "C2 CompilerThread0" daemon [_thread_in_native, id=23512, stack(0x0000007641d00000,0x0000007641e00000) (1024K)]


Current CompileTask:
C2:9645 10463 %     4       org.gradle.internal.instantiation.generator.AbstractClassGenerator::inspectType @ 250 (560 bytes)

Stack: [0x0000007641d00000,0x0000007641e00000]
Native frames: (J=compiled Java code, j=interpreted, Vv=VM code, C=native code)
V  [jvm.dll+0x6d0639]
V  [jvm.dll+0x85eb03]
V  [jvm.dll+0x86105e]
V  [jvm.dll+0x861743]
V  [jvm.dll+0x27e6e6]
V  [jvm.dll+0xbff6d]
V  [jvm.dll+0xc04a3]
V  [jvm.dll+0x2f2780]
V  [jvm.dll+0x5fa409]
V  [jvm.dll+0x250d92]
V  [jvm.dll+0x25114f]
V  [jvm.dll+0x2498f5]
V  [jvm.dll+0x24714e]
V  [jvm.dll+0x1c5f04]
V  [jvm.dll+0x2569ac]
V  [jvm.dll+0x254ef6]
V  [jvm.dll+0x3f0e96]
V  [jvm.dll+0x806ed8]
V  [jvm.dll+0x6cef0d]
C  [ucrtbase.dll+0x37b0]
C  [KERNEL32.DLL+0x2e8d7]
C  [ntdll.dll+0x8c53c]


---------------  P R O C E S S  ---------------

Threads class SMR info:
_java_thread_list=0x0000017941f6ce60, length=116, elements={
0x00000179218fcbb0, 0x00000179394ec7b0, 0x00000179394ed200, 0x00000179395182c0,
0x000001793951e5b0, 0x000001793953ea50, 0x0000017939540010, 0x000001793954c8d0,
0x000001793954a9e0, 0x00000179396f0130, 0x000001793986e820, 0x000001793e121b70,
0x000001793fb1dc50, 0x000001793f96c470, 0x000001793f918340, 0x000001793f90f340,
0x000001793f90c4e0, 0x000001793fb60d90, 0x000001793fb613f0, 0x000001793fb83f60,
0x000001793fd2a5a0, 0x000001793fd2b2c0, 0x000001793fd2ac30, 0x000001793fd2b950,
0x000001793fd2bfe0, 0x000001793fd2cd00, 0x000001793fd2c670, 0x000001793fd29880,
0x000001793fd29f10, 0x0000017941481610, 0x000001794147e190, 0x000001794147e820,
0x000001794147eeb0, 0x000001794147f540, 0x0000017941480f80, 0x00000179414808f0,
0x000001794147fbd0, 0x0000017941480260, 0x000001793fe05810, 0x000001793fe08600,
0x000001793fe06bc0, 0x000001793fe08c90, 0x000001793fe09320, 0x000001793fe05ea0,
0x000001793fe099b0, 0x000001793fe078e0, 0x000001793fe06530, 0x000001793fe0c7a0,
0x000001793fe0b3f0, 0x000001793fe0ba80, 0x000001793fe0c110, 0x000001793fe0ce30,
0x000001793fe0a6d0, 0x000001793fe0a040, 0x00000179430e5240, 0x00000179430e2ae0,
0x00000179430e3170, 0x00000179430e4bb0, 0x00000179430e1dc0, 0x00000179430e4520,
0x00000179430e58d0, 0x00000179430e2450, 0x00000179430e5f60, 0x00000179430e65f0,
0x00000179430e79a0, 0x00000179430e8030, 0x00000179430e86c0, 0x00000179430e8d50,
0x00000179430e93e0, 0x00000179414d0880, 0x00000179414ce7b0, 0x00000179414d0f10,
0x00000179414d15a0, 0x00000179414cee40, 0x00000179414cf4d0, 0x00000179414cfb60,
0x00000179414d01f0, 0x00000179414ce120, 0x00000179414d22c0, 0x00000179414d2fe0,
0x00000179414d4a20, 0x00000179414d3670, 0x00000179414d3d00, 0x00000179414d50b0,
0x00000179414d1c30, 0x00000179414d5740, 0x00000179414d2950, 0x00000179414d4390,
0x000001794245d3b0, 0x000001794245b970, 0x000001794245da40, 0x000001794245e0d0,
0x000001794245ac50, 0x000001794245c000, 0x000001794245b2e0, 0x000001794245c690,
0x000001794245cd20, 0x0000017940f5cff0, 0x0000017940f5c2d0, 0x0000017940f5a890,
0x0000017940f5c960, 0x0000017940f5bc40, 0x0000017940f5a200, 0x0000017940f5af20,
0x0000017940f5d680, 0x0000017940f5dd10, 0x0000017940f5e3a0, 0x0000017940f5ea30,
0x0000017940f5b5b0, 0x0000017940f61820, 0x0000017940f60b00, 0x0000017940f5f0c0,
0x0000017940f60470, 0x0000017940f5f750, 0x0000017940f61190, 0x0000017942513550
}

Java Threads: ( => current thread )
  0x00000179218fcbb0 JavaThread "main"                              [_thread_blocked, id=16716, stack(0x0000007640f00000,0x0000007641000000) (1024K)]
  0x00000179394ec7b0 JavaThread "Reference Handler"          daemon [_thread_blocked, id=8176, stack(0x0000007641700000,0x0000007641800000) (1024K)]
  0x00000179394ed200 JavaThread "Finalizer"                  daemon [_thread_blocked, id=18560, stack(0x0000007641800000,0x0000007641900000) (1024K)]
  0x00000179395182c0 JavaThread "Signal Dispatcher"          daemon [_thread_blocked, id=21452, stack(0x0000007641900000,0x0000007641a00000) (1024K)]
  0x000001793951e5b0 JavaThread "Attach Listener"            daemon [_thread_blocked, id=7504, stack(0x0000007641a00000,0x0000007641b00000) (1024K)]
  0x000001793953ea50 JavaThread "Service Thread"             daemon [_thread_blocked, id=18188, stack(0x0000007641b00000,0x0000007641c00000) (1024K)]
  0x0000017939540010 JavaThread "Monitor Deflation Thread"   daemon [_thread_blocked, id=6060, stack(0x0000007641c00000,0x0000007641d00000) (1024K)]
=>0x000001793954c8d0 JavaThread "C2 CompilerThread0"         daemon [_thread_in_native, id=23512, stack(0x0000007641d00000,0x0000007641e00000) (1024K)]
  0x000001793954a9e0 JavaThread "C1 CompilerThread0"         daemon [_thread_blocked, id=18752, stack(0x0000007641e00000,0x0000007641f00000) (1024K)]
  0x00000179396f0130 JavaThread "Common-Cleaner"             daemon [_thread_blocked, id=2204, stack(0x0000007641f00000,0x0000007642000000) (1024K)]
  0x000001793986e820 JavaThread "Notification Thread"        daemon [_thread_blocked, id=19572, stack(0x0000007642000000,0x0000007642100000) (1024K)]
  0x000001793e121b70 JavaThread "C2 CompilerThread1"         daemon [_thread_in_native, id=20856, stack(0x0000007642100000,0x0000007642200000) (1024K)]
  0x000001793fb1dc50 JavaThread "Daemon health stats"               [_thread_blocked, id=14044, stack(0x0000007642700000,0x0000007642800000) (1024K)]
  0x000001793f96c470 JavaThread "Incoming local TCP Connector on port 60831"        [_thread_in_native, id=12652, stack(0x0000007642800000,0x0000007642900000) (1024K)]
  0x000001793f918340 JavaThread "Daemon periodic checks"            [_thread_blocked, id=14328, stack(0x0000007642900000,0x0000007642a00000) (1024K)]
  0x000001793f90f340 JavaThread "Daemon"                            [_thread_blocked, id=24348, stack(0x0000007642a00000,0x0000007642b00000) (1024K)]
  0x000001793f90c4e0 JavaThread "Handler for socket connection from /127.0.0.1:60831 to /127.0.0.1:60832"        [_thread_in_native, id=17288, stack(0x0000007642b00000,0x0000007642c00000) (1024K)]
  0x000001793fb60d90 JavaThread "Cancel handler"                    [_thread_blocked, id=9116, stack(0x0000007642c00000,0x0000007642d00000) (1024K)]
  0x000001793fb613f0 JavaThread "Daemon worker"                     [_thread_in_vm, id=19828, stack(0x0000007642d00000,0x0000007642e00000) (1024K)]
  0x000001793fb83f60 JavaThread "Asynchronous log dispatcher for DefaultDaemonConnection: socket connection from /127.0.0.1:60831 to /127.0.0.1:60832"        [_thread_blocked, id=9284, stack(0x0000007642e00000,0x0000007642f00000) (1024K)]
  0x000001793fd2a5a0 JavaThread "Stdin handler"                     [_thread_blocked, id=13584, stack(0x0000007642f00000,0x0000007643000000) (1024K)]
  0x000001793fd2b2c0 JavaThread "Daemon client event forwarder"        [_thread_blocked, id=23596, stack(0x0000007643000000,0x0000007643100000) (1024K)]
  0x000001793fd2ac30 JavaThread "Cache worker for journal cache (C:\Users\xXx\.gradle\caches\journal-1)"        [_thread_blocked, id=23828, stack(0x0000007643800000,0x0000007643900000) (1024K)]
  0x000001793fd2b950 JavaThread "File lock request listener"        [_thread_in_native, id=6944, stack(0x0000007643900000,0x0000007643a00000) (1024K)]
  0x000001793fd2bfe0 JavaThread "Cache worker for file hash cache (C:\Users\xXx\.gradle\caches\8.9\fileHashes)"        [_thread_blocked, id=17508, stack(0x0000007643a00000,0x0000007643b00000) (1024K)]
  0x000001793fd2cd00 JavaThread "Cache worker for file hash cache (C:\Users\xXx\AndroidStudioProjects\Notepad-for-company-ComposeUI\.gradle\8.9\fileHashes)"        [_thread_blocked, id=4540, stack(0x0000007643b00000,0x0000007643c00000) (1024K)]
  0x000001793fd2c670 JavaThread "Cache worker for Build Output Cleanup Cache (C:\Users\xXx\AndroidStudioProjects\Notepad-for-company-ComposeUI\.gradle\buildOutputCleanup)"        [_thread_blocked, id=13456, stack(0x0000007643c00000,0x0000007643d00000) (1024K)]
  0x000001793fd29880 JavaThread "File watcher server"        daemon [_thread_in_native, id=12020, stack(0x0000007643d00000,0x0000007643e00000) (1024K)]
  0x000001793fd29f10 JavaThread "File watcher consumer"      daemon [_thread_blocked, id=2324, stack(0x0000007643e00000,0x0000007643f00000) (1024K)]
  0x0000017941481610 JavaThread "jar transforms"                    [_thread_blocked, id=23120, stack(0x0000007643f00000,0x0000007644000000) (1024K)]
  0x000001794147e190 JavaThread "jar transforms Thread 2"           [_thread_blocked, id=17260, stack(0x0000007644000000,0x0000007644100000) (1024K)]
  0x000001794147e820 JavaThread "jar transforms Thread 3"           [_thread_blocked, id=25228, stack(0x0000007644100000,0x0000007644200000) (1024K)]
  0x000001794147eeb0 JavaThread "jar transforms Thread 4"           [_thread_blocked, id=6992, stack(0x0000007644200000,0x0000007644300000) (1024K)]
  0x000001794147f540 JavaThread "jar transforms Thread 5"           [_thread_blocked, id=10280, stack(0x0000007644300000,0x0000007644400000) (1024K)]
  0x0000017941480f80 JavaThread "jar transforms Thread 6"           [_thread_blocked, id=20592, stack(0x0000007644400000,0x0000007644500000) (1024K)]
  0x00000179414808f0 JavaThread "jar transforms Thread 7"           [_thread_blocked, id=16868, stack(0x0000007644500000,0x0000007644600000) (1024K)]
  0x000001794147fbd0 JavaThread "jar transforms Thread 8"           [_thread_blocked, id=19584, stack(0x0000007644600000,0x0000007644700000) (1024K)]
  0x0000017941480260 JavaThread "jar transforms Thread 9"           [_thread_blocked, id=17704, stack(0x0000007644700000,0x0000007644800000) (1024K)]
  0x000001793fe05810 JavaThread "jar transforms Thread 10"          [_thread_blocked, id=16860, stack(0x0000007644800000,0x0000007644900000) (1024K)]
  0x000001793fe08600 JavaThread "jar transforms Thread 11"          [_thread_blocked, id=12092, stack(0x0000007644900000,0x0000007644a00000) (1024K)]
  0x000001793fe06bc0 JavaThread "jar transforms Thread 12"          [_thread_blocked, id=6896, stack(0x0000007644a00000,0x0000007644b00000) (1024K)]
  0x000001793fe08c90 JavaThread "Cache worker for checksums cache (C:\Users\xXx\AndroidStudioProjects\Notepad-for-company-ComposeUI\.gradle\8.9\checksums)"        [_thread_blocked, id=16548, stack(0x0000007644b00000,0x0000007644c00000) (1024K)]
  0x000001793fe09320 JavaThread "Cache worker for file content cache (C:\Users\xXx\.gradle\caches\8.9\fileContent)"        [_thread_blocked, id=12940, stack(0x0000007644c00000,0x0000007644d00000) (1024K)]
  0x000001793fe05ea0 JavaThread "Cache worker for cache directory md-rule (C:\Users\xXx\.gradle\caches\8.9\md-rule)"        [_thread_blocked, id=21832, stack(0x0000007644d00000,0x0000007644e00000) (1024K)]
  0x000001793fe099b0 JavaThread "Cache worker for cache directory md-supplier (C:\Users\xXx\.gradle\caches\8.9\md-supplier)"        [_thread_blocked, id=19160, stack(0x0000007644e00000,0x0000007644f00000) (1024K)]
  0x000001793fe078e0 JavaThread "Unconstrained build operations"        [_thread_blocked, id=19624, stack(0x0000007644f00000,0x0000007645000000) (1024K)]
  0x000001793fe06530 JavaThread "Unconstrained build operations Thread 2"        [_thread_blocked, id=18652, stack(0x0000007645000000,0x0000007645100000) (1024K)]
  0x000001793fe0c7a0 JavaThread "Unconstrained build operations Thread 3"        [_thread_blocked, id=21260, stack(0x0000007645100000,0x0000007645200000) (1024K)]
  0x000001793fe0b3f0 JavaThread "Unconstrained build operations Thread 4"        [_thread_blocked, id=24116, stack(0x0000007645200000,0x0000007645300000) (1024K)]
  0x000001793fe0ba80 JavaThread "Unconstrained build operations Thread 5"        [_thread_blocked, id=19784, stack(0x0000007645300000,0x0000007645400000) (1024K)]
  0x000001793fe0c110 JavaThread "Unconstrained build operations Thread 6"        [_thread_blocked, id=12480, stack(0x0000007645400000,0x0000007645500000) (1024K)]
  0x000001793fe0ce30 JavaThread "Unconstrained build operations Thread 7"        [_thread_blocked, id=24568, stack(0x0000007645500000,0x0000007645600000) (1024K)]
  0x000001793fe0a6d0 JavaThread "Unconstrained build operations Thread 8"        [_thread_blocked, id=11840, stack(0x0000007645600000,0x0000007645700000) (1024K)]
  0x000001793fe0a040 JavaThread "Unconstrained build operations Thread 9"        [_thread_blocked, id=25148, stack(0x0000007645700000,0x0000007645800000) (1024K)]
  0x00000179430e5240 JavaThread "Unconstrained build operations Thread 10"        [_thread_blocked, id=21792, stack(0x0000007645800000,0x0000007645900000) (1024K)]
  0x00000179430e2ae0 JavaThread "Unconstrained build operations Thread 11"        [_thread_blocked, id=21144, stack(0x0000007645900000,0x0000007645a00000) (1024K)]
  0x00000179430e3170 JavaThread "Unconstrained build operations Thread 12"        [_thread_blocked, id=2944, stack(0x0000007645a00000,0x0000007645b00000) (1024K)]
  0x00000179430e4bb0 JavaThread "Unconstrained build operations Thread 13"        [_thread_blocked, id=22616, stack(0x0000007645b00000,0x0000007645c00000) (1024K)]
  0x00000179430e1dc0 JavaThread "Unconstrained build operations Thread 14"        [_thread_blocked, id=22744, stack(0x0000007645c00000,0x0000007645d00000) (1024K)]
  0x00000179430e4520 JavaThread "Unconstrained build operations Thread 15"        [_thread_blocked, id=7348, stack(0x0000007645d00000,0x0000007645e00000) (1024K)]
  0x00000179430e58d0 JavaThread "Unconstrained build operations Thread 16"        [_thread_blocked, id=15048, stack(0x0000007645e00000,0x0000007645f00000) (1024K)]
  0x00000179430e2450 JavaThread "Unconstrained build operations Thread 17"        [_thread_blocked, id=25504, stack(0x0000007645f00000,0x0000007646000000) (1024K)]
  0x00000179430e5f60 JavaThread "Unconstrained build operations Thread 18"        [_thread_blocked, id=13352, stack(0x0000007646000000,0x0000007646100000) (1024K)]
  0x00000179430e65f0 JavaThread "Unconstrained build operations Thread 19"        [_thread_blocked, id=24832, stack(0x0000007646100000,0x0000007646200000) (1024K)]
  0x00000179430e79a0 JavaThread "Unconstrained build operations Thread 20"        [_thread_blocked, id=23688, stack(0x0000007646200000,0x0000007646300000) (1024K)]
  0x00000179430e8030 JavaThread "Unconstrained build operations Thread 21"        [_thread_blocked, id=16024, stack(0x0000007646300000,0x0000007646400000) (1024K)]
  0x00000179430e86c0 JavaThread "Unconstrained build operations Thread 22"        [_thread_blocked, id=18388, stack(0x0000007646400000,0x0000007646500000) (1024K)]
  0x00000179430e8d50 JavaThread "Unconstrained build operations Thread 23"        [_thread_blocked, id=22248, stack(0x0000007646500000,0x0000007646600000) (1024K)]
  0x00000179430e93e0 JavaThread "Unconstrained build operations Thread 24"        [_thread_blocked, id=19696, stack(0x0000007646600000,0x0000007646700000) (1024K)]
  0x00000179414d0880 JavaThread "Unconstrained build operations Thread 25"        [_thread_blocked, id=20724, stack(0x0000007646700000,0x0000007646800000) (1024K)]
  0x00000179414ce7b0 JavaThread "Unconstrained build operations Thread 26"        [_thread_blocked, id=20848, stack(0x0000007646800000,0x0000007646900000) (1024K)]
  0x00000179414d0f10 JavaThread "Unconstrained build operations Thread 27"        [_thread_blocked, id=24092, stack(0x0000007646900000,0x0000007646a00000) (1024K)]
  0x00000179414d15a0 JavaThread "Unconstrained build operations Thread 28"        [_thread_blocked, id=25020, stack(0x0000007646a00000,0x0000007646b00000) (1024K)]
  0x00000179414cee40 JavaThread "Unconstrained build operations Thread 29"        [_thread_blocked, id=9052, stack(0x0000007646b00000,0x0000007646c00000) (1024K)]
  0x00000179414cf4d0 JavaThread "Unconstrained build operations Thread 30"        [_thread_blocked, id=18100, stack(0x0000007646c00000,0x0000007646d00000) (1024K)]
  0x00000179414cfb60 JavaThread "Unconstrained build operations Thread 31"        [_thread_blocked, id=20836, stack(0x0000007646d00000,0x0000007646e00000) (1024K)]
  0x00000179414d01f0 JavaThread "Unconstrained build operations Thread 32"        [_thread_blocked, id=21984, stack(0x0000007646e00000,0x0000007646f00000) (1024K)]
  0x00000179414ce120 JavaThread "Unconstrained build operations Thread 33"        [_thread_blocked, id=13784, stack(0x0000007646f00000,0x0000007647000000) (1024K)]
  0x00000179414d22c0 JavaThread "Unconstrained build operations Thread 34"        [_thread_blocked, id=22924, stack(0x0000007647000000,0x0000007647100000) (1024K)]
  0x00000179414d2fe0 JavaThread "Unconstrained build operations Thread 35"        [_thread_blocked, id=21684, stack(0x0000007647100000,0x0000007647200000) (1024K)]
  0x00000179414d4a20 JavaThread "Unconstrained build operations Thread 36"        [_thread_blocked, id=4008, stack(0x0000007647200000,0x0000007647300000) (1024K)]
  0x00000179414d3670 JavaThread "Unconstrained build operations Thread 37"        [_thread_blocked, id=17056, stack(0x0000007647300000,0x0000007647400000) (1024K)]
  0x00000179414d3d00 JavaThread "Unconstrained build operations Thread 38"        [_thread_blocked, id=24372, stack(0x0000007647400000,0x0000007647500000) (1024K)]
  0x00000179414d50b0 JavaThread "Unconstrained build operations Thread 39"        [_thread_blocked, id=24384, stack(0x0000007647500000,0x0000007647600000) (1024K)]
  0x00000179414d1c30 JavaThread "Unconstrained build operations Thread 40"        [_thread_blocked, id=22380, stack(0x0000007647600000,0x0000007647700000) (1024K)]
  0x00000179414d5740 JavaThread "Unconstrained build operations Thread 41"        [_thread_blocked, id=3772, stack(0x0000007647700000,0x0000007647800000) (1024K)]
  0x00000179414d2950 JavaThread "Unconstrained build operations Thread 42"        [_thread_blocked, id=1524, stack(0x0000007647800000,0x0000007647900000) (1024K)]
  0x00000179414d4390 JavaThread "Unconstrained build operations Thread 43"        [_thread_blocked, id=12628, stack(0x0000007647900000,0x0000007647a00000) (1024K)]
  0x000001794245d3b0 JavaThread "Unconstrained build operations Thread 44"        [_thread_blocked, id=6564, stack(0x0000007647a00000,0x0000007647b00000) (1024K)]
  0x000001794245b970 JavaThread "Unconstrained build operations Thread 45"        [_thread_blocked, id=25376, stack(0x0000007647b00000,0x0000007647c00000) (1024K)]
  0x000001794245da40 JavaThread "Unconstrained build operations Thread 46"        [_thread_blocked, id=20484, stack(0x0000007647c00000,0x0000007647d00000) (1024K)]
  0x000001794245e0d0 JavaThread "Unconstrained build operations Thread 47"        [_thread_blocked, id=12708, stack(0x0000007647d00000,0x0000007647e00000) (1024K)]
  0x000001794245ac50 JavaThread "Unconstrained build operations Thread 48"        [_thread_blocked, id=16968, stack(0x0000007647e00000,0x0000007647f00000) (1024K)]
  0x000001794245c000 JavaThread "Unconstrained build operations Thread 49"        [_thread_blocked, id=17236, stack(0x0000007647f00000,0x0000007648000000) (1024K)]
  0x000001794245b2e0 JavaThread "Unconstrained build operations Thread 50"        [_thread_blocked, id=4908, stack(0x0000007648000000,0x0000007648100000) (1024K)]
  0x000001794245c690 JavaThread "Unconstrained build operations Thread 51"        [_thread_blocked, id=3112, stack(0x0000007648100000,0x0000007648200000) (1024K)]
  0x000001794245cd20 JavaThread "Unconstrained build operations Thread 52"        [_thread_blocked, id=24516, stack(0x0000007648200000,0x0000007648300000) (1024K)]
  0x0000017940f5cff0 JavaThread "Unconstrained build operations Thread 53"        [_thread_blocked, id=20668, stack(0x0000007648300000,0x0000007648400000) (1024K)]
  0x0000017940f5c2d0 JavaThread "Unconstrained build operations Thread 54"        [_thread_blocked, id=18020, stack(0x0000007648400000,0x0000007648500000) (1024K)]
  0x0000017940f5a890 JavaThread "Unconstrained build operations Thread 55"        [_thread_blocked, id=11936, stack(0x0000007648500000,0x0000007648600000) (1024K)]
  0x0000017940f5c960 JavaThread "Unconstrained build operations Thread 56"        [_thread_blocked, id=23648, stack(0x0000007648600000,0x0000007648700000) (1024K)]
  0x0000017940f5bc40 JavaThread "Unconstrained build operations Thread 57"        [_thread_blocked, id=11376, stack(0x0000007648700000,0x0000007648800000) (1024K)]
  0x0000017940f5a200 JavaThread "Unconstrained build operations Thread 58"        [_thread_blocked, id=10836, stack(0x0000007648800000,0x0000007648900000) (1024K)]
  0x0000017940f5af20 JavaThread "Unconstrained build operations Thread 59"        [_thread_blocked, id=9388, stack(0x0000007648900000,0x0000007648a00000) (1024K)]
  0x0000017940f5d680 JavaThread "Unconstrained build operations Thread 60"        [_thread_blocked, id=22316, stack(0x0000007648a00000,0x0000007648b00000) (1024K)]
  0x0000017940f5dd10 JavaThread "Unconstrained build operations Thread 61"        [_thread_blocked, id=18840, stack(0x0000007648b00000,0x0000007648c00000) (1024K)]
  0x0000017940f5e3a0 JavaThread "Unconstrained build operations Thread 62"        [_thread_blocked, id=18324, stack(0x0000007648c00000,0x0000007648d00000) (1024K)]
  0x0000017940f5ea30 JavaThread "Unconstrained build operations Thread 63"        [_thread_blocked, id=18616, stack(0x0000007648d00000,0x0000007648e00000) (1024K)]
  0x0000017940f5b5b0 JavaThread "Unconstrained build operations Thread 64"        [_thread_blocked, id=1908, stack(0x0000007648e00000,0x0000007648f00000) (1024K)]
  0x0000017940f61820 JavaThread "Unconstrained build operations Thread 65"        [_thread_blocked, id=21060, stack(0x0000007648f00000,0x0000007649000000) (1024K)]
  0x0000017940f60b00 JavaThread "Unconstrained build operations Thread 66"        [_thread_blocked, id=7532, stack(0x0000007649000000,0x0000007649100000) (1024K)]
  0x0000017940f5f0c0 JavaThread "Unconstrained build operations Thread 67"        [_thread_blocked, id=11116, stack(0x0000007649100000,0x0000007649200000) (1024K)]
  0x0000017940f60470 JavaThread "Unconstrained build operations Thread 68"        [_thread_blocked, id=6484, stack(0x0000007649200000,0x0000007649300000) (1024K)]
  0x0000017940f5f750 JavaThread "Unconstrained build operations Thread 69"        [_thread_blocked, id=19416, stack(0x0000007649300000,0x0000007649400000) (1024K)]
  0x0000017940f61190 JavaThread "Memory manager"                    [_thread_blocked, id=18128, stack(0x0000007642200000,0x0000007642300000) (1024K)]
  0x0000017942513550 JavaThread "build event listener"              [_thread_blocked, id=15640, stack(0x0000007649400000,0x0000007649500000) (1024K)]
Total: 116

Other Threads:
  0x00000179394c53b0 VMThread "VM Thread"                           [id=3652, stack(0x0000007641600000,0x0000007641700000) (1024K)]
  0x0000017939301ed0 WatcherThread "VM Periodic Task Thread"        [id=9412, stack(0x0000007641500000,0x0000007641600000) (1024K)]
  0x00000179219566d0 WorkerThread "GC Thread#0"                     [id=420, stack(0x0000007641000000,0x0000007641100000) (1024K)]
  0x000001793e7febc0 WorkerThread "GC Thread#1"                     [id=25592, stack(0x0000007642300000,0x0000007642400000) (1024K)]
  0x000001793e5f7110 WorkerThread "GC Thread#2"                     [id=16004, stack(0x0000007642400000,0x0000007642500000) (1024K)]
  0x000001793e6af880 WorkerThread "GC Thread#3"                     [id=16236, stack(0x0000007642500000,0x0000007642600000) (1024K)]
  0x000001793f096e00 WorkerThread "GC Thread#4"                     [id=17708, stack(0x0000007642600000,0x0000007642700000) (1024K)]
  0x000001793fbebc20 WorkerThread "GC Thread#5"                     [id=4744, stack(0x0000007643100000,0x0000007643200000) (1024K)]
  0x000001793fbebfc0 WorkerThread "GC Thread#6"                     [id=9660, stack(0x0000007643200000,0x0000007643300000) (1024K)]
  0x000001793fd3d850 WorkerThread "GC Thread#7"                     [id=10212, stack(0x0000007643300000,0x0000007643400000) (1024K)]
  0x000001793fd3dbf0 WorkerThread "GC Thread#8"                     [id=17088, stack(0x0000007643400000,0x0000007643500000) (1024K)]
  0x000001793fd3e7a0 WorkerThread "GC Thread#9"                     [id=23284, stack(0x0000007643500000,0x0000007643600000) (1024K)]
  0x00000179219675c0 ConcurrentGCThread "G1 Main Marker"            [id=10128, stack(0x0000007641100000,0x0000007641200000) (1024K)]
  0x0000017921968e10 WorkerThread "G1 Conc#0"                       [id=23256, stack(0x0000007641200000,0x0000007641300000) (1024K)]
  0x000001793fb642f0 WorkerThread "G1 Conc#1"                       [id=23540, stack(0x0000007643600000,0x0000007643700000) (1024K)]
  0x000001793fb64690 WorkerThread "G1 Conc#2"                       [id=22656, stack(0x0000007643700000,0x0000007643800000) (1024K)]
  0x00000179391d6660 ConcurrentGCThread "G1 Refine#0"               [id=1548, stack(0x0000007641300000,0x0000007641400000) (1024K)]
  0x00000179391d6fe0 ConcurrentGCThread "G1 Service"                [id=21604, stack(0x0000007641400000,0x0000007641500000) (1024K)]
Total: 18

Threads with active compile tasks:
C2 CompilerThread0  9671 10463 %     4       org.gradle.internal.instantiation.generator.AbstractClassGenerator::inspectType @ 250 (560 bytes)
C2 CompilerThread1  9671 10532   !   4       com.google.common.cache.LocalCache$Segment::get (210 bytes)
Total: 2

VM state: not at safepoint (normal execution)

VM Mutex/Monitor currently owned by a thread: None

Heap address: 0x0000000080000000, size: 2048 MB, Compressed Oops mode: 32-bit

CDS archive(s) not mapped
Compressed class space mapped at: 0x0000000100000000-0x0000000140000000, reserved size: 1073741824
Narrow klass base: 0x0000000000000000, Narrow klass shift: 3, Narrow klass range: 0x140000000

GC Precious Log:
 CardTable entry size: 512
 Card Set container configuration: InlinePtr #cards 5 size 8 Array Of Cards #cards 12 size 40 Howl #buckets 4 coarsen threshold 1843 Howl Bitmap #cards 512 size 80 coarsen threshold 460 Card regions per heap region 1 cards per card region 2048
 CPUs: 12 total, 12 available
 Memory: 11925M
 Large Page Support: Disabled
 NUMA Support: Disabled
 Compressed Oops: Enabled (32-bit)
 Heap Region Size: 1M
 Heap Min Capacity: 8M
 Heap Initial Capacity: 188M
 Heap Max Capacity: 2G
 Pre-touch: Disabled
 Parallel Workers: 10
 Concurrent Workers: 3
 Concurrent Refinement Workers: 10
 Periodic GC: Disabled

Heap:
 garbage-first heap   total 236544K, used 184465K [0x0000000080000000, 0x0000000100000000)
  region size 1024K, 65 young (66560K), 7 survivors (7168K)
 Metaspace       used 93175K, committed 95168K, reserved 1179648K
  class space    used 12489K, committed 13504K, reserved 1048576K

Heap Regions: E=young(eden), S=young(survivor), O=old, HS=humongous(starts), HC=humongous(continues), CS=collection set, F=free, TAMS=top-at-mark-start, PB=parsable bottom
|   0|0x0000000080000000, 0x0000000080100000, 0x0000000080100000|100%|HS|  |TAMS 0x0000000080000000| PB 0x0000000080000000| Complete 
|   1|0x0000000080100000, 0x0000000080200000, 0x0000000080200000|100%|HC|  |TAMS 0x0000000080100000| PB 0x0000000080100000| Complete 
|   2|0x0000000080200000, 0x0000000080300000, 0x0000000080300000|100%|HC|  |TAMS 0x0000000080200000| PB 0x0000000080200000| Complete 
|   3|0x0000000080300000, 0x0000000080400000, 0x0000000080400000|100%|HC|  |TAMS 0x0000000080300000| PB 0x0000000080300000| Complete 
|   4|0x0000000080400000, 0x0000000080500000, 0x0000000080500000|100%| O|  |TAMS 0x0000000080400000| PB 0x0000000080400000| Untracked 
|   5|0x0000000080500000, 0x0000000080600000, 0x0000000080600000|100%| O|  |TAMS 0x0000000080500000| PB 0x0000000080500000| Untracked 
|   6|0x0000000080600000, 0x0000000080700000, 0x0000000080700000|100%| O|  |TAMS 0x0000000080600000| PB 0x0000000080600000| Untracked 
|   7|0x0000000080700000, 0x0000000080800000, 0x0000000080800000|100%| O|  |TAMS 0x0000000080700000| PB 0x0000000080700000| Untracked 
|   8|0x0000000080800000, 0x0000000080900000, 0x0000000080900000|100%| O|  |TAMS 0x0000000080800000| PB 0x0000000080800000| Untracked 
|   9|0x0000000080900000, 0x0000000080a00000, 0x0000000080a00000|100%| O|  |TAMS 0x0000000080900000| PB 0x0000000080900000| Untracked 
|  10|0x0000000080a00000, 0x0000000080b00000, 0x0000000080b00000|100%|HS|  |TAMS 0x0000000080a00000| PB 0x0000000080a00000| Complete 
|  11|0x0000000080b00000, 0x0000000080c00000, 0x0000000080c00000|100%|HS|  |TAMS 0x0000000080b00000| PB 0x0000000080b00000| Complete 
|  12|0x0000000080c00000, 0x0000000080d00000, 0x0000000080d00000|100%|HS|  |TAMS 0x0000000080c00000| PB 0x0000000080c00000| Complete 
|  13|0x0000000080d00000, 0x0000000080e00000, 0x0000000080e00000|100%|HC|  |TAMS 0x0000000080d00000| PB 0x0000000080d00000| Complete 
|  14|0x0000000080e00000, 0x0000000080f00000, 0x0000000080f00000|100%|HC|  |TAMS 0x0000000080e00000| PB 0x0000000080e00000| Complete 
|  15|0x0000000080f00000, 0x0000000081000000, 0x0000000081000000|100%|HC|  |TAMS 0x0000000080f00000| PB 0x0000000080f00000| Complete 
|  16|0x0000000081000000, 0x0000000081100000, 0x0000000081100000|100%|HC|  |TAMS 0x0000000081000000| PB 0x0000000081000000| Complete 
|  17|0x0000000081100000, 0x0000000081200000, 0x0000000081200000|100%|HC|  |TAMS 0x0000000081100000| PB 0x0000000081100000| Complete 
|  18|0x0000000081200000, 0x0000000081300000, 0x0000000081300000|100%|HS|  |TAMS 0x0000000081200000| PB 0x0000000081200000| Complete 
|  19|0x0000000081300000, 0x0000000081400000, 0x0000000081400000|100%|HC|  |TAMS 0x0000000081300000| PB 0x0000000081300000| Complete 
|  20|0x0000000081400000, 0x0000000081500000, 0x0000000081500000|100%|HC|  |TAMS 0x0000000081400000| PB 0x0000000081400000| Complete 
|  21|0x0000000081500000, 0x0000000081600000, 0x0000000081600000|100%|HC|  |TAMS 0x0000000081500000| PB 0x0000000081500000| Complete 
|  22|0x0000000081600000, 0x0000000081700000, 0x0000000081700000|100%|HS|  |TAMS 0x0000000081600000| PB 0x0000000081600000| Complete 
|  23|0x0000000081700000, 0x0000000081800000, 0x0000000081800000|100%|HC|  |TAMS 0x0000000081700000| PB 0x0000000081700000| Complete 
|  24|0x0000000081800000, 0x0000000081900000, 0x0000000081900000|100%| O|  |TAMS 0x0000000081800000| PB 0x0000000081800000| Untracked 
|  25|0x0000000081900000, 0x0000000081a00000, 0x0000000081a00000|100%|HS|  |TAMS 0x0000000081900000| PB 0x0000000081900000| Complete 
|  26|0x0000000081a00000, 0x0000000081b00000, 0x0000000081b00000|100%| O|  |TAMS 0x0000000081a00000| PB 0x0000000081a00000| Untracked 
|  27|0x0000000081b00000, 0x0000000081c00000, 0x0000000081c00000|100%| O|  |TAMS 0x0000000081b00000| PB 0x0000000081b00000| Untracked 
|  28|0x0000000081c00000, 0x0000000081d00000, 0x0000000081d00000|100%| O|  |TAMS 0x0000000081c00000| PB 0x0000000081c00000| Untracked 
|  29|0x0000000081d00000, 0x0000000081e00000, 0x0000000081e00000|100%| O|  |TAMS 0x0000000081d00000| PB 0x0000000081d00000| Untracked 
|  30|0x0000000081e00000, 0x0000000081f00000, 0x0000000081f00000|100%| O|  |TAMS 0x0000000081e00000| PB 0x0000000081e00000| Untracked 
|  31|0x0000000081f00000, 0x0000000082000000, 0x0000000082000000|100%| O|  |TAMS 0x0000000081f00000| PB 0x0000000081f00000| Untracked 
|  32|0x0000000082000000, 0x0000000082100000, 0x0000000082100000|100%| O|  |TAMS 0x0000000082000000| PB 0x0000000082000000| Untracked 
|  33|0x0000000082100000, 0x0000000082200000, 0x0000000082200000|100%| O|  |TAMS 0x0000000082100000| PB 0x0000000082100000| Untracked 
|  34|0x0000000082200000, 0x0000000082300000, 0x0000000082300000|100%| O|  |TAMS 0x0000000082200000| PB 0x0000000082200000| Untracked 
|  35|0x0000000082300000, 0x0000000082400000, 0x0000000082400000|100%| O|  |TAMS 0x0000000082300000| PB 0x0000000082300000| Untracked 
|  36|0x0000000082400000, 0x0000000082500000, 0x0000000082500000|100%| O|  |TAMS 0x0000000082400000| PB 0x0000000082400000| Untracked 
|  37|0x0000000082500000, 0x0000000082600000, 0x0000000082600000|100%| O|  |TAMS 0x0000000082500000| PB 0x0000000082500000| Untracked 
|  38|0x0000000082600000, 0x0000000082700000, 0x0000000082700000|100%| O|  |TAMS 0x0000000082600000| PB 0x0000000082600000| Untracked 
|  39|0x0000000082700000, 0x0000000082800000, 0x0000000082800000|100%| O|  |TAMS 0x0000000082700000| PB 0x0000000082700000| Untracked 
|  40|0x0000000082800000, 0x0000000082900000, 0x0000000082900000|100%| O|  |TAMS 0x0000000082800000| PB 0x0000000082800000| Untracked 
|  41|0x0000000082900000, 0x0000000082a00000, 0x0000000082a00000|100%| O|  |TAMS 0x0000000082900000| PB 0x0000000082900000| Untracked 
|  42|0x0000000082a00000, 0x0000000082b00000, 0x0000000082b00000|100%|HS|  |TAMS 0x0000000082a00000| PB 0x0000000082a00000| Complete 
|  43|0x0000000082b00000, 0x0000000082c00000, 0x0000000082c00000|100%|HC|  |TAMS 0x0000000082b00000| PB 0x0000000082b00000| Complete 
|  44|0x0000000082c00000, 0x0000000082d00000, 0x0000000082d00000|100%| O|  |TAMS 0x0000000082c00000| PB 0x0000000082c00000| Untracked 
|  45|0x0000000082d00000, 0x0000000082e00000, 0x0000000082e00000|100%| O|  |TAMS 0x0000000082d00000| PB 0x0000000082d00000| Untracked 
|  46|0x0000000082e00000, 0x0000000082f00000, 0x0000000082f00000|100%| O|  |TAMS 0x0000000082e00000| PB 0x0000000082e00000| Untracked 
|  47|0x0000000082f00000, 0x0000000083000000, 0x0000000083000000|100%| O|  |TAMS 0x0000000082f00000| PB 0x0000000082f00000| Untracked 
|  48|0x0000000083000000, 0x0000000083100000, 0x0000000083100000|100%| O|  |TAMS 0x0000000083000000| PB 0x0000000083000000| Untracked 
|  49|0x0000000083100000, 0x0000000083200000, 0x0000000083200000|100%|HS|  |TAMS 0x0000000083100000| PB 0x0000000083100000| Complete 
|  50|0x0000000083200000, 0x0000000083300000, 0x0000000083300000|100%|HC|  |TAMS 0x0000000083200000| PB 0x0000000083200000| Complete 
|  51|0x0000000083300000, 0x0000000083400000, 0x0000000083400000|100%|HC|  |TAMS 0x0000000083300000| PB 0x0000000083300000| Complete 
|  52|0x0000000083400000, 0x0000000083500000, 0x0000000083500000|100%|HC|  |TAMS 0x0000000083400000| PB 0x0000000083400000| Complete 
|  53|0x0000000083500000, 0x0000000083600000, 0x0000000083600000|100%|HC|  |TAMS 0x0000000083500000| PB 0x0000000083500000| Complete 
|  54|0x0000000083600000, 0x0000000083700000, 0x0000000083700000|100%|HC|  |TAMS 0x0000000083600000| PB 0x0000000083600000| Complete 
|  55|0x0000000083700000, 0x0000000083800000, 0x0000000083800000|100%|HS|  |TAMS 0x0000000083700000| PB 0x0000000083700000| Complete 
|  56|0x0000000083800000, 0x0000000083900000, 0x0000000083900000|100%|HC|  |TAMS 0x0000000083800000| PB 0x0000000083800000| Complete 
|  57|0x0000000083900000, 0x0000000083a00000, 0x0000000083a00000|100%|HC|  |TAMS 0x0000000083900000| PB 0x0000000083900000| Complete 
|  58|0x0000000083a00000, 0x0000000083b00000, 0x0000000083b00000|100%|HC|  |TAMS 0x0000000083a00000| PB 0x0000000083a00000| Complete 
|  59|0x0000000083b00000, 0x0000000083c00000, 0x0000000083c00000|100%|HC|  |TAMS 0x0000000083b00000| PB 0x0000000083b00000| Complete 
|  60|0x0000000083c00000, 0x0000000083d00000, 0x0000000083d00000|100%|HC|  |TAMS 0x0000000083c00000| PB 0x0000000083c00000| Complete 
|  61|0x0000000083d00000, 0x0000000083e00000, 0x0000000083e00000|100%| O|  |TAMS 0x0000000083d00000| PB 0x0000000083d00000| Untracked 
|  62|0x0000000083e00000, 0x0000000083f00000, 0x0000000083f00000|100%| O|  |TAMS 0x0000000083e00000| PB 0x0000000083e00000| Untracked 
|  63|0x0000000083f00000, 0x0000000084000000, 0x0000000084000000|100%| O|  |TAMS 0x0000000083f00000| PB 0x0000000083f00000| Untracked 
|  64|0x0000000084000000, 0x0000000084100000, 0x0000000084100000|100%| O|  |TAMS 0x0000000084000000| PB 0x0000000084000000| Untracked 
|  65|0x0000000084100000, 0x0000000084100000, 0x0000000084200000|  0%| F|  |TAMS 0x0000000084100000| PB 0x0000000084100000| Untracked 
|  66|0x0000000084200000, 0x0000000084300000, 0x0000000084300000|100%| O|  |TAMS 0x0000000084200000| PB 0x0000000084200000| Untracked 
|  67|0x0000000084300000, 0x0000000084400000, 0x0000000084400000|100%| O|  |TAMS 0x0000000084300000| PB 0x0000000084300000| Untracked 
|  68|0x0000000084400000, 0x0000000084500000, 0x0000000084500000|100%| O|  |TAMS 0x0000000084400000| PB 0x0000000084400000| Untracked 
|  69|0x0000000084500000, 0x0000000084600000, 0x0000000084600000|100%| O|  |TAMS 0x0000000084500000| PB 0x0000000084500000| Untracked 
|  70|0x0000000084600000, 0x0000000084700000, 0x0000000084700000|100%| O|  |TAMS 0x0000000084600000| PB 0x0000000084600000| Untracked 
|  71|0x0000000084700000, 0x0000000084800000, 0x0000000084800000|100%| O|  |TAMS 0x0000000084700000| PB 0x0000000084700000| Untracked 
|  72|0x0000000084800000, 0x0000000084900000, 0x0000000084900000|100%|HS|  |TAMS 0x0000000084800000| PB 0x0000000084800000| Complete 
|  73|0x0000000084900000, 0x0000000084a00000, 0x0000000084a00000|100%|HS|  |TAMS 0x0000000084900000| PB 0x0000000084900000| Complete 
|  74|0x0000000084a00000, 0x0000000084b00000, 0x0000000084b00000|100%|HS|  |TAMS 0x0000000084a00000| PB 0x0000000084a00000| Complete 
|  75|0x0000000084b00000, 0x0000000084c00000, 0x0000000084c00000|100%| O|  |TAMS 0x0000000084b00000| PB 0x0000000084b00000| Untracked 
|  76|0x0000000084c00000, 0x0000000084c00000, 0x0000000084d00000|  0%| F|  |TAMS 0x0000000084c00000| PB 0x0000000084c00000| Untracked 
|  77|0x0000000084d00000, 0x0000000084e00000, 0x0000000084e00000|100%| O|  |TAMS 0x0000000084d00000| PB 0x0000000084d00000| Untracked 
|  78|0x0000000084e00000, 0x0000000084f00000, 0x0000000084f00000|100%|HS|  |TAMS 0x0000000084e00000| PB 0x0000000084e00000| Complete 
|  79|0x0000000084f00000, 0x0000000085000000, 0x0000000085000000|100%|HC|  |TAMS 0x0000000084f00000| PB 0x0000000084f00000| Complete 
|  80|0x0000000085000000, 0x0000000085100000, 0x0000000085100000|100%|HS|  |TAMS 0x0000000085000000| PB 0x0000000085000000| Complete 
|  81|0x0000000085100000, 0x0000000085200000, 0x0000000085200000|100%|HC|  |TAMS 0x0000000085100000| PB 0x0000000085100000| Complete 
|  82|0x0000000085200000, 0x0000000085300000, 0x0000000085300000|100%|HS|  |TAMS 0x0000000085200000| PB 0x0000000085200000| Complete 
|  83|0x0000000085300000, 0x0000000085400000, 0x0000000085400000|100%|HC|  |TAMS 0x0000000085300000| PB 0x0000000085300000| Complete 
|  84|0x0000000085400000, 0x0000000085500000, 0x0000000085500000|100%|HC|  |TAMS 0x0000000085400000| PB 0x0000000085400000| Complete 
|  85|0x0000000085500000, 0x0000000085600000, 0x0000000085600000|100%|HS|  |TAMS 0x0000000085500000| PB 0x0000000085500000| Complete 
|  86|0x0000000085600000, 0x0000000085700000, 0x0000000085700000|100%| O|  |TAMS 0x0000000085600000| PB 0x0000000085600000| Untracked 
|  87|0x0000000085700000, 0x0000000085800000, 0x0000000085800000|100%|HS|  |TAMS 0x0000000085700000| PB 0x0000000085700000| Complete 
|  88|0x0000000085800000, 0x0000000085900000, 0x0000000085900000|100%|HS|  |TAMS 0x0000000085800000| PB 0x0000000085800000| Complete 
|  89|0x0000000085900000, 0x0000000085a00000, 0x0000000085a00000|100%| O|  |TAMS 0x0000000085900000| PB 0x0000000085900000| Untracked 
|  90|0x0000000085a00000, 0x0000000085b00000, 0x0000000085b00000|100%| O|  |TAMS 0x0000000085a00000| PB 0x0000000085a00000| Untracked 
|  91|0x0000000085b00000, 0x0000000085c00000, 0x0000000085c00000|100%| O|  |TAMS 0x0000000085b00000| PB 0x0000000085b00000| Untracked 
|  92|0x0000000085c00000, 0x0000000085c7fb68, 0x0000000085d00000| 49%| O|  |TAMS 0x0000000085c00000| PB 0x0000000085c00000| Untracked 
|  93|0x0000000085d00000, 0x0000000085e00000, 0x0000000085e00000|100%|HS|  |TAMS 0x0000000085d00000| PB 0x0000000085d00000| Complete 
|  94|0x0000000085e00000, 0x0000000085f00000, 0x0000000085f00000|100%| O|  |TAMS 0x0000000085e00000| PB 0x0000000085e00000| Untracked 
|  95|0x0000000085f00000, 0x0000000086000000, 0x0000000086000000|100%| O|  |TAMS 0x0000000085f00000| PB 0x0000000085f00000| Untracked 
|  96|0x0000000086000000, 0x0000000086100000, 0x0000000086100000|100%| O|  |TAMS 0x0000000086000000| PB 0x0000000086000000| Untracked 
|  97|0x0000000086100000, 0x0000000086200000, 0x0000000086200000|100%| O|  |TAMS 0x0000000086100000| PB 0x0000000086100000| Untracked 
|  98|0x0000000086200000, 0x0000000086300000, 0x0000000086300000|100%| O|  |TAMS 0x0000000086200000| PB 0x0000000086200000| Untracked 
|  99|0x0000000086300000, 0x0000000086400000, 0x0000000086400000|100%| O|  |TAMS 0x0000000086300000| PB 0x0000000086300000| Untracked 
| 100|0x0000000086400000, 0x0000000086400000, 0x0000000086500000|  0%| F|  |TAMS 0x0000000086400000| PB 0x0000000086400000| Untracked 
| 101|0x0000000086500000, 0x0000000086600000, 0x0000000086600000|100%| O|  |TAMS 0x0000000086500000| PB 0x0000000086500000| Untracked 
| 102|0x0000000086600000, 0x0000000086700000, 0x0000000086700000|100%| O|  |TAMS 0x0000000086600000| PB 0x0000000086600000| Untracked 
| 103|0x0000000086700000, 0x0000000086800000, 0x0000000086800000|100%| O|  |TAMS 0x0000000086700000| PB 0x0000000086700000| Untracked 
| 104|0x0000000086800000, 0x0000000086900000, 0x0000000086900000|100%|HS|  |TAMS 0x0000000086800000| PB 0x0000000086800000| Complete 
| 105|0x0000000086900000, 0x0000000086a00000, 0x0000000086a00000|100%|HC|  |TAMS 0x0000000086900000| PB 0x0000000086900000| Complete 
| 106|0x0000000086a00000, 0x0000000086b00000, 0x0000000086b00000|100%|HC|  |TAMS 0x0000000086a00000| PB 0x0000000086a00000| Complete 
| 107|0x0000000086b00000, 0x0000000086b00000, 0x0000000086c00000|  0%| F|  |TAMS 0x0000000086b00000| PB 0x0000000086b00000| Untracked 
| 108|0x0000000086c00000, 0x0000000086c00000, 0x0000000086d00000|  0%| F|  |TAMS 0x0000000086c00000| PB 0x0000000086c00000| Untracked 
| 109|0x0000000086d00000, 0x0000000086d00000, 0x0000000086e00000|  0%| F|  |TAMS 0x0000000086d00000| PB 0x0000000086d00000| Untracked 
| 110|0x0000000086e00000, 0x0000000086e00000, 0x0000000086f00000|  0%| F|  |TAMS 0x0000000086e00000| PB 0x0000000086e00000| Untracked 
| 111|0x0000000086f00000, 0x0000000086f00000, 0x0000000087000000|  0%| F|  |TAMS 0x0000000086f00000| PB 0x0000000086f00000| Untracked 
| 112|0x0000000087000000, 0x0000000087000000, 0x0000000087100000|  0%| F|  |TAMS 0x0000000087000000| PB 0x0000000087000000| Untracked 
| 113|0x0000000087100000, 0x0000000087100000, 0x0000000087200000|  0%| F|  |TAMS 0x0000000087100000| PB 0x0000000087100000| Untracked 
| 114|0x0000000087200000, 0x00000000872a4940, 0x0000000087300000| 64%| S|CS|TAMS 0x0000000087200000| PB 0x0000000087200000| Complete 
| 115|0x0000000087300000, 0x0000000087400000, 0x0000000087400000|100%| S|CS|TAMS 0x0000000087300000| PB 0x0000000087300000| Complete 
| 116|0x0000000087400000, 0x0000000087500000, 0x0000000087500000|100%| S|CS|TAMS 0x0000000087400000| PB 0x0000000087400000| Complete 
| 117|0x0000000087500000, 0x0000000087600000, 0x0000000087600000|100%| S|CS|TAMS 0x0000000087500000| PB 0x0000000087500000| Complete 
| 118|0x0000000087600000, 0x0000000087700000, 0x0000000087700000|100%| S|CS|TAMS 0x0000000087600000| PB 0x0000000087600000| Complete 
| 119|0x0000000087700000, 0x0000000087800000, 0x0000000087800000|100%| S|CS|TAMS 0x0000000087700000| PB 0x0000000087700000| Complete 
| 120|0x0000000087800000, 0x0000000087900000, 0x0000000087900000|100%| S|CS|TAMS 0x0000000087800000| PB 0x0000000087800000| Complete 
| 121|0x0000000087900000, 0x0000000087900000, 0x0000000087a00000|  0%| F|  |TAMS 0x0000000087900000| PB 0x0000000087900000| Untracked 
| 122|0x0000000087a00000, 0x0000000087a00000, 0x0000000087b00000|  0%| F|  |TAMS 0x0000000087a00000| PB 0x0000000087a00000| Untracked 
| 123|0x0000000087b00000, 0x0000000087b00000, 0x0000000087c00000|  0%| F|  |TAMS 0x0000000087b00000| PB 0x0000000087b00000| Untracked 
| 124|0x0000000087c00000, 0x0000000087c00000, 0x0000000087d00000|  0%| F|  |TAMS 0x0000000087c00000| PB 0x0000000087c00000| Untracked 
| 125|0x0000000087d00000, 0x0000000087d00000, 0x0000000087e00000|  0%| F|  |TAMS 0x0000000087d00000| PB 0x0000000087d00000| Untracked 
| 126|0x0000000087e00000, 0x0000000087e00000, 0x0000000087f00000|  0%| F|  |TAMS 0x0000000087e00000| PB 0x0000000087e00000| Untracked 
| 127|0x0000000087f00000, 0x0000000087f00000, 0x0000000088000000|  0%| F|  |TAMS 0x0000000087f00000| PB 0x0000000087f00000| Untracked 
| 128|0x0000000088000000, 0x0000000088000000, 0x0000000088100000|  0%| F|  |TAMS 0x0000000088000000| PB 0x0000000088000000| Untracked 
| 129|0x0000000088100000, 0x0000000088100000, 0x0000000088200000|  0%| F|  |TAMS 0x0000000088100000| PB 0x0000000088100000| Untracked 
| 130|0x0000000088200000, 0x0000000088200000, 0x0000000088300000|  0%| F|  |TAMS 0x0000000088200000| PB 0x0000000088200000| Untracked 
| 131|0x0000000088300000, 0x0000000088300000, 0x0000000088400000|  0%| F|  |TAMS 0x0000000088300000| PB 0x0000000088300000| Untracked 
| 132|0x0000000088400000, 0x0000000088400000, 0x0000000088500000|  0%| F|  |TAMS 0x0000000088400000| PB 0x0000000088400000| Untracked 
| 133|0x0000000088500000, 0x0000000088500000, 0x0000000088600000|  0%| F|  |TAMS 0x0000000088500000| PB 0x0000000088500000| Untracked 
| 134|0x0000000088600000, 0x0000000088600000, 0x0000000088700000|  0%| F|  |TAMS 0x0000000088600000| PB 0x0000000088600000| Untracked 
| 135|0x0000000088700000, 0x0000000088700000, 0x0000000088800000|  0%| F|  |TAMS 0x0000000088700000| PB 0x0000000088700000| Untracked 
| 136|0x0000000088800000, 0x0000000088800000, 0x0000000088900000|  0%| F|  |TAMS 0x0000000088800000| PB 0x0000000088800000| Untracked 
| 137|0x0000000088900000, 0x0000000088900000, 0x0000000088a00000|  0%| F|  |TAMS 0x0000000088900000| PB 0x0000000088900000| Untracked 
| 138|0x0000000088a00000, 0x0000000088a00000, 0x0000000088b00000|  0%| F|  |TAMS 0x0000000088a00000| PB 0x0000000088a00000| Untracked 
| 139|0x0000000088b00000, 0x0000000088b00000, 0x0000000088c00000|  0%| F|  |TAMS 0x0000000088b00000| PB 0x0000000088b00000| Untracked 
| 140|0x0000000088c00000, 0x0000000088c00000, 0x0000000088d00000|  0%| F|  |TAMS 0x0000000088c00000| PB 0x0000000088c00000| Untracked 
| 141|0x0000000088d00000, 0x0000000088d00000, 0x0000000088e00000|  0%| F|  |TAMS 0x0000000088d00000| PB 0x0000000088d00000| Untracked 
| 142|0x0000000088e00000, 0x0000000088e00000, 0x0000000088f00000|  0%| F|  |TAMS 0x0000000088e00000| PB 0x0000000088e00000| Untracked 
| 143|0x0000000088f00000, 0x0000000088f00000, 0x0000000089000000|  0%| F|  |TAMS 0x0000000088f00000| PB 0x0000000088f00000| Untracked 
| 144|0x0000000089000000, 0x0000000089000000, 0x0000000089100000|  0%| F|  |TAMS 0x0000000089000000| PB 0x0000000089000000| Untracked 
| 145|0x0000000089100000, 0x0000000089100000, 0x0000000089200000|  0%| F|  |TAMS 0x0000000089100000| PB 0x0000000089100000| Untracked 
| 146|0x0000000089200000, 0x0000000089200000, 0x0000000089300000|  0%| F|  |TAMS 0x0000000089200000| PB 0x0000000089200000| Untracked 
| 147|0x0000000089300000, 0x0000000089300000, 0x0000000089400000|  0%| F|  |TAMS 0x0000000089300000| PB 0x0000000089300000| Untracked 
| 148|0x0000000089400000, 0x0000000089400000, 0x0000000089500000|  0%| F|  |TAMS 0x0000000089400000| PB 0x0000000089400000| Untracked 
| 149|0x0000000089500000, 0x0000000089500000, 0x0000000089600000|  0%| F|  |TAMS 0x0000000089500000| PB 0x0000000089500000| Untracked 
| 150|0x0000000089600000, 0x0000000089600000, 0x0000000089700000|  0%| F|  |TAMS 0x0000000089600000| PB 0x0000000089600000| Untracked 
| 151|0x0000000089700000, 0x0000000089700000, 0x0000000089800000|  0%| F|  |TAMS 0x0000000089700000| PB 0x0000000089700000| Untracked 
| 152|0x0000000089800000, 0x0000000089800000, 0x0000000089900000|  0%| F|  |TAMS 0x0000000089800000| PB 0x0000000089800000| Untracked 
| 153|0x0000000089900000, 0x0000000089900000, 0x0000000089a00000|  0%| F|  |TAMS 0x0000000089900000| PB 0x0000000089900000| Untracked 
| 154|0x0000000089a00000, 0x0000000089a00000, 0x0000000089b00000|  0%| F|  |TAMS 0x0000000089a00000| PB 0x0000000089a00000| Untracked 
| 155|0x0000000089b00000, 0x0000000089b00000, 0x0000000089c00000|  0%| F|  |TAMS 0x0000000089b00000| PB 0x0000000089b00000| Untracked 
| 156|0x0000000089c00000, 0x0000000089c00000, 0x0000000089d00000|  0%| F|  |TAMS 0x0000000089c00000| PB 0x0000000089c00000| Untracked 
| 157|0x0000000089d00000, 0x0000000089d00000, 0x0000000089e00000|  0%| F|  |TAMS 0x0000000089d00000| PB 0x0000000089d00000| Untracked 
| 158|0x0000000089e00000, 0x0000000089e00000, 0x0000000089f00000|  0%| F|  |TAMS 0x0000000089e00000| PB 0x0000000089e00000| Untracked 
| 159|0x0000000089f00000, 0x0000000089f00000, 0x000000008a000000|  0%| F|  |TAMS 0x0000000089f00000| PB 0x0000000089f00000| Untracked 
| 160|0x000000008a000000, 0x000000008a003920, 0x000000008a100000|  1%| E|  |TAMS 0x000000008a000000| PB 0x000000008a000000| Complete 
| 161|0x000000008a100000, 0x000000008a200000, 0x000000008a200000|100%| E|CS|TAMS 0x000000008a100000| PB 0x000000008a100000| Complete 
| 162|0x000000008a200000, 0x000000008a300000, 0x000000008a300000|100%| E|CS|TAMS 0x000000008a200000| PB 0x000000008a200000| Complete 
| 163|0x000000008a300000, 0x000000008a400000, 0x000000008a400000|100%| E|CS|TAMS 0x000000008a300000| PB 0x000000008a300000| Complete 
| 164|0x000000008a400000, 0x000000008a500000, 0x000000008a500000|100%| E|CS|TAMS 0x000000008a400000| PB 0x000000008a400000| Complete 
| 165|0x000000008a500000, 0x000000008a600000, 0x000000008a600000|100%| E|CS|TAMS 0x000000008a500000| PB 0x000000008a500000| Complete 
| 166|0x000000008a600000, 0x000000008a700000, 0x000000008a700000|100%| E|CS|TAMS 0x000000008a600000| PB 0x000000008a600000| Complete 
| 167|0x000000008a700000, 0x000000008a800000, 0x000000008a800000|100%| E|CS|TAMS 0x000000008a700000| PB 0x000000008a700000| Complete 
| 168|0x000000008a800000, 0x000000008a900000, 0x000000008a900000|100%| E|CS|TAMS 0x000000008a800000| PB 0x000000008a800000| Complete 
| 169|0x000000008a900000, 0x000000008aa00000, 0x000000008aa00000|100%| E|CS|TAMS 0x000000008a900000| PB 0x000000008a900000| Complete 
| 170|0x000000008aa00000, 0x000000008ab00000, 0x000000008ab00000|100%| E|CS|TAMS 0x000000008aa00000| PB 0x000000008aa00000| Complete 
| 171|0x000000008ab00000, 0x000000008ac00000, 0x000000008ac00000|100%| E|CS|TAMS 0x000000008ab00000| PB 0x000000008ab00000| Complete 
| 172|0x000000008ac00000, 0x000000008ad00000, 0x000000008ad00000|100%| E|CS|TAMS 0x000000008ac00000| PB 0x000000008ac00000| Complete 
| 173|0x000000008ad00000, 0x000000008ae00000, 0x000000008ae00000|100%| E|CS|TAMS 0x000000008ad00000| PB 0x000000008ad00000| Complete 
| 174|0x000000008ae00000, 0x000000008af00000, 0x000000008af00000|100%| E|CS|TAMS 0x000000008ae00000| PB 0x000000008ae00000| Complete 
| 175|0x000000008af00000, 0x000000008b000000, 0x000000008b000000|100%| E|CS|TAMS 0x000000008af00000| PB 0x000000008af00000| Complete 
| 176|0x000000008b000000, 0x000000008b100000, 0x000000008b100000|100%| E|CS|TAMS 0x000000008b000000| PB 0x000000008b000000| Complete 
| 177|0x000000008b100000, 0x000000008b200000, 0x000000008b200000|100%| E|CS|TAMS 0x000000008b100000| PB 0x000000008b100000| Complete 
| 178|0x000000008b200000, 0x000000008b300000, 0x000000008b300000|100%| E|CS|TAMS 0x000000008b200000| PB 0x000000008b200000| Complete 
| 179|0x000000008b300000, 0x000000008b400000, 0x000000008b400000|100%| E|CS|TAMS 0x000000008b300000| PB 0x000000008b300000| Complete 
| 180|0x000000008b400000, 0x000000008b500000, 0x000000008b500000|100%| E|CS|TAMS 0x000000008b400000| PB 0x000000008b400000| Complete 
| 181|0x000000008b500000, 0x000000008b600000, 0x000000008b600000|100%| E|CS|TAMS 0x000000008b500000| PB 0x000000008b500000| Complete 
| 182|0x000000008b600000, 0x000000008b700000, 0x000000008b700000|100%| E|CS|TAMS 0x000000008b600000| PB 0x000000008b600000| Complete 
| 183|0x000000008b700000, 0x000000008b800000, 0x000000008b800000|100%| E|CS|TAMS 0x000000008b700000| PB 0x000000008b700000| Complete 
| 184|0x000000008b800000, 0x000000008b900000, 0x000000008b900000|100%| E|CS|TAMS 0x000000008b800000| PB 0x000000008b800000| Complete 
| 185|0x000000008b900000, 0x000000008ba00000, 0x000000008ba00000|100%| E|CS|TAMS 0x000000008b900000| PB 0x000000008b900000| Complete 
| 186|0x000000008ba00000, 0x000000008bb00000, 0x000000008bb00000|100%| E|CS|TAMS 0x000000008ba00000| PB 0x000000008ba00000| Complete 
| 187|0x000000008bb00000, 0x000000008bc00000, 0x000000008bc00000|100%| E|CS|TAMS 0x000000008bb00000| PB 0x000000008bb00000| Complete 
| 188|0x000000008bc00000, 0x000000008bd00000, 0x000000008bd00000|100%| E|CS|TAMS 0x000000008bc00000| PB 0x000000008bc00000| Complete 
| 189|0x000000008bd00000, 0x000000008be00000, 0x000000008be00000|100%| E|CS|TAMS 0x000000008bd00000| PB 0x000000008bd00000| Complete 
| 190|0x000000008be00000, 0x000000008bf00000, 0x000000008bf00000|100%| E|CS|TAMS 0x000000008be00000| PB 0x000000008be00000| Complete 
| 191|0x000000008bf00000, 0x000000008c000000, 0x000000008c000000|100%| E|CS|TAMS 0x000000008bf00000| PB 0x000000008bf00000| Complete 
| 192|0x000000008c000000, 0x000000008c100000, 0x000000008c100000|100%| E|CS|TAMS 0x000000008c000000| PB 0x000000008c000000| Complete 
| 193|0x000000008c100000, 0x000000008c200000, 0x000000008c200000|100%| E|CS|TAMS 0x000000008c100000| PB 0x000000008c100000| Complete 
| 194|0x000000008c200000, 0x000000008c300000, 0x000000008c300000|100%| E|CS|TAMS 0x000000008c200000| PB 0x000000008c200000| Complete 
| 195|0x000000008c300000, 0x000000008c400000, 0x000000008c400000|100%| E|CS|TAMS 0x000000008c300000| PB 0x000000008c300000| Complete 
| 196|0x000000008c400000, 0x000000008c500000, 0x000000008c500000|100%| E|CS|TAMS 0x000000008c400000| PB 0x000000008c400000| Complete 
| 197|0x000000008c500000, 0x000000008c600000, 0x000000008c600000|100%| E|CS|TAMS 0x000000008c500000| PB 0x000000008c500000| Complete 
| 198|0x000000008c600000, 0x000000008c700000, 0x000000008c700000|100%| E|CS|TAMS 0x000000008c600000| PB 0x000000008c600000| Complete 
| 199|0x000000008c700000, 0x000000008c800000, 0x000000008c800000|100%| E|CS|TAMS 0x000000008c700000| PB 0x000000008c700000| Complete 
| 200|0x000000008c800000, 0x000000008c900000, 0x000000008c900000|100%| E|CS|TAMS 0x000000008c800000| PB 0x000000008c800000| Complete 
| 201|0x000000008c900000, 0x000000008ca00000, 0x000000008ca00000|100%| E|CS|TAMS 0x000000008c900000| PB 0x000000008c900000| Complete 
| 202|0x000000008ca00000, 0x000000008cb00000, 0x000000008cb00000|100%| E|CS|TAMS 0x000000008ca00000| PB 0x000000008ca00000| Complete 
| 203|0x000000008cb00000, 0x000000008cc00000, 0x000000008cc00000|100%| E|CS|TAMS 0x000000008cb00000| PB 0x000000008cb00000| Complete 
| 204|0x000000008cc00000, 0x000000008cd00000, 0x000000008cd00000|100%| E|CS|TAMS 0x000000008cc00000| PB 0x000000008cc00000| Complete 
| 205|0x000000008cd00000, 0x000000008ce00000, 0x000000008ce00000|100%| E|CS|TAMS 0x000000008cd00000| PB 0x000000008cd00000| Complete 
| 206|0x000000008ce00000, 0x000000008cf00000, 0x000000008cf00000|100%| E|CS|TAMS 0x000000008ce00000| PB 0x000000008ce00000| Complete 
| 207|0x000000008cf00000, 0x000000008d000000, 0x000000008d000000|100%| E|CS|TAMS 0x000000008cf00000| PB 0x000000008cf00000| Complete 
| 208|0x000000008d000000, 0x000000008d100000, 0x000000008d100000|100%| E|CS|TAMS 0x000000008d000000| PB 0x000000008d000000| Complete 
| 209|0x000000008d100000, 0x000000008d200000, 0x000000008d200000|100%| E|CS|TAMS 0x000000008d100000| PB 0x000000008d100000| Complete 
| 210|0x000000008d200000, 0x000000008d300000, 0x000000008d300000|100%| E|CS|TAMS 0x000000008d200000| PB 0x000000008d200000| Complete 
| 211|0x000000008d300000, 0x000000008d400000, 0x000000008d400000|100%| E|CS|TAMS 0x000000008d300000| PB 0x000000008d300000| Complete 
| 212|0x000000008d400000, 0x000000008d500000, 0x000000008d500000|100%| E|CS|TAMS 0x000000008d400000| PB 0x000000008d400000| Complete 
| 213|0x000000008d500000, 0x000000008d600000, 0x000000008d600000|100%| E|CS|TAMS 0x000000008d500000| PB 0x000000008d500000| Complete 
|2031|0x00000000fef00000, 0x00000000ff000000, 0x00000000ff000000|100%| E|CS|TAMS 0x00000000fef00000| PB 0x00000000fef00000| Complete 
|2032|0x00000000ff000000, 0x00000000ff100000, 0x00000000ff100000|100%| O|  |TAMS 0x00000000ff000000| PB 0x00000000ff000000| Untracked 
|2033|0x00000000ff100000, 0x00000000ff200000, 0x00000000ff200000|100%| O|  |TAMS 0x00000000ff100000| PB 0x00000000ff100000| Untracked 
|2034|0x00000000ff200000, 0x00000000ff300000, 0x00000000ff300000|100%| E|CS|TAMS 0x00000000ff200000| PB 0x00000000ff200000| Complete 
|2035|0x00000000ff300000, 0x00000000ff400000, 0x00000000ff400000|100%| E|CS|TAMS 0x00000000ff300000| PB 0x00000000ff300000| Complete 
|2036|0x00000000ff400000, 0x00000000ff500000, 0x00000000ff500000|100%| O|  |TAMS 0x00000000ff400000| PB 0x00000000ff400000| Untracked 
|2037|0x00000000ff500000, 0x00000000ff600000, 0x00000000ff600000|100%| O|  |TAMS 0x00000000ff500000| PB 0x00000000ff500000| Untracked 
|2038|0x00000000ff600000, 0x00000000ff700000, 0x00000000ff700000|100%| O|  |TAMS 0x00000000ff600000| PB 0x00000000ff600000| Untracked 
|2039|0x00000000ff700000, 0x00000000ff800000, 0x00000000ff800000|100%| E|CS|TAMS 0x00000000ff700000| PB 0x00000000ff700000| Complete 
|2040|0x00000000ff800000, 0x00000000ff900000, 0x00000000ff900000|100%| O|  |TAMS 0x00000000ff800000| PB 0x00000000ff800000| Untracked 
|2041|0x00000000ff900000, 0x00000000ffa00000, 0x00000000ffa00000|100%| O|  |TAMS 0x00000000ff900000| PB 0x00000000ff900000| Untracked 
|2042|0x00000000ffa00000, 0x00000000ffb00000, 0x00000000ffb00000|100%| O|  |TAMS 0x00000000ffa00000| PB 0x00000000ffa00000| Untracked 
|2043|0x00000000ffb00000, 0x00000000ffc00000, 0x00000000ffc00000|100%| O|  |TAMS 0x00000000ffb00000| PB 0x00000000ffb00000| Untracked 
|2044|0x00000000ffc00000, 0x00000000ffd00000, 0x00000000ffd00000|100%| O|  |TAMS 0x00000000ffc00000| PB 0x00000000ffc00000| Untracked 
|2045|0x00000000ffd00000, 0x00000000ffe00000, 0x00000000ffe00000|100%| O|  |TAMS 0x00000000ffd00000| PB 0x00000000ffd00000| Untracked 
|2046|0x00000000ffe00000, 0x00000000fff00000, 0x00000000fff00000|100%| O|  |TAMS 0x00000000ffe00000| PB 0x00000000ffe00000| Untracked 
|2047|0x00000000fff00000, 0x0000000100000000, 0x0000000100000000|100%| O|  |TAMS 0x00000000fff00000| PB 0x00000000fff00000| Untracked 

Card table byte_map: [0x0000017934290000,0x0000017934690000] _byte_map_base: 0x0000017933e90000

Marking Bits: (CMBitMap*) 0x0000017921956ce0
 Bits: [0x0000017934690000, 0x0000017936690000)

Polling page: 0x000001791f6d0000

Metaspace:

Usage:
  Non-class:     78.79 MB used.
      Class:     12.20 MB used.
       Both:     90.99 MB used.

Virtual space:
  Non-class space:      128.00 MB reserved,      79.75 MB ( 62%) committed,  2 nodes.
      Class space:        1.00 GB reserved,      13.19 MB (  1%) committed,  1 nodes.
             Both:        1.12 GB reserved,      92.94 MB (  8%) committed. 

Chunk freelists:
   Non-Class:  15.64 MB
       Class:  2.69 MB
        Both:  18.33 MB

MaxMetaspaceSize: unlimited
CompressedClassSpaceSize: 1.00 GB
Initial GC threshold: 21.00 MB
Current GC threshold: 137.31 MB
CDS: off
 - commit_granule_bytes: 65536.
 - commit_granule_words: 8192.
 - virtual_space_node_default_size: 8388608.
 - enlarge_chunks_in_place: 1.
 - use_allocation_guard: 0.


Internal statistics:

num_allocs_failed_limit: 6.
num_arena_births: 3738.
num_arena_deaths: 0.
num_vsnodes_births: 3.
num_vsnodes_deaths: 0.
num_space_committed: 1487.
num_space_uncommitted: 0.
num_chunks_returned_to_freelist: 6.
num_chunks_taken_from_freelist: 7539.
num_chunk_merges: 6.
num_chunk_splits: 4974.
num_chunks_enlarged: 3175.
num_inconsistent_stats: 0.

CodeHeap 'non-profiled nmethods': size=120000Kb used=5545Kb max_used=5545Kb free=114455Kb
 bounds [0x000001792c520000, 0x000001792ca90000, 0x0000017933a50000]
CodeHeap 'profiled nmethods': size=120000Kb used=16387Kb max_used=16387Kb free=103613Kb
 bounds [0x0000017924a50000, 0x0000017925a60000, 0x000001792bf80000]
CodeHeap 'non-nmethods': size=5760Kb used=3067Kb max_used=3117Kb free=2692Kb
 bounds [0x000001792bf80000, 0x000001792c2a0000, 0x000001792c520000]
 total_blobs=9969 nmethods=9029 adapters=843
 compilation: enabled
              stopped_count=0, restarted_count=0
 full_count=0

Compilation events (20 events):
Event: 8.614 Thread 0x000001793954a9e0 10543       3       java.util.Arrays$ArrayItr::<init> (10 bytes)
Event: 8.614 Thread 0x000001793954a9e0 nmethod 10543 0x0000017925a4b690 code [0x0000017925a4b840, 0x0000017925a4b9f8]
Event: 8.628 Thread 0x000001793954a9e0 10544       3       org.codehaus.groovy.reflection.ClassInfo$LazyCachedClassRef::<init> (11 bytes)
Event: 8.629 Thread 0x000001793954a9e0 nmethod 10544 0x0000017925a4ba90 code [0x0000017925a4bc60, 0x0000017925a4c060]
Event: 8.629 Thread 0x000001793954a9e0 10545       3       org.codehaus.groovy.reflection.ClassInfo$LazyClassLoaderRef::<init> (11 bytes)
Event: 8.629 Thread 0x000001793954a9e0 nmethod 10545 0x0000017925a4c210 code [0x0000017925a4c3e0, 0x0000017925a4c7e0]
Event: 8.629 Thread 0x000001793954a9e0 10546       3       org.codehaus.groovy.util.ManagedConcurrentLinkedQueue$Element::<init> (15 bytes)
Event: 8.629 Thread 0x000001793954a9e0 nmethod 10546 0x0000017925a4c990 code [0x0000017925a4cb60, 0x0000017925a4cdb8]
Event: 8.629 Thread 0x000001793954a9e0 10547       3       org.codehaus.groovy.reflection.ClassInfo$LazyCachedClassRef::initValue (5 bytes)
Event: 8.629 Thread 0x000001793954a9e0 nmethod 10547 0x0000017925a4cf10 code [0x0000017925a4d0e0, 0x0000017925a4d4a0]
Event: 8.629 Thread 0x000001793954a9e0 10548       3       org.codehaus.groovy.reflection.ClassInfo$LazyCachedClassRef::initValue (21 bytes)
Event: 8.629 Thread 0x000001793954a9e0 nmethod 10548 0x0000017925a4d610 code [0x0000017925a4d7e0, 0x0000017925a4db30]
Event: 8.629 Thread 0x000001793954a9e0 10549       3       org.codehaus.groovy.reflection.CachedClass$8::initValue (5 bytes)
Event: 8.629 Thread 0x000001793954a9e0 nmethod 10549 0x0000017925a4dc90 code [0x0000017925a4de40, 0x0000017925a4df98]
Event: 8.634 Thread 0x000001793e121b70 nmethod 10497 0x000001792ca83290 code [0x000001792ca835a0, 0x000001792ca850a0]
Event: 8.634 Thread 0x000001793e121b70 10537       4       org.apache.commons.io.FilenameUtils::doNormalize (530 bytes)
Event: 8.635 Thread 0x000001793954a9e0 10550       3       org.codehaus.groovy.runtime.metaclass.MetaMethodIndex::resize (103 bytes)
Event: 8.635 Thread 0x000001793954a9e0 nmethod 10550 0x0000017925a4e090 code [0x0000017925a4e260, 0x0000017925a4e7e0]
Event: 8.639 Thread 0x000001793954a9e0 10551       3       org.codehaus.groovy.reflection.CachedClass::getNewMetaMethods (166 bytes)
Event: 8.640 Thread 0x000001793954a9e0 nmethod 10551 0x0000017925a4ea10 code [0x0000017925a4eda0, 0x0000017925a50428]

GC Heap History (20 events):
Event: 5.940 GC heap before
{Heap before GC invocations=21 (full 0):
 garbage-first heap   total 146432K, used 130161K [0x0000000080000000, 0x0000000100000000)
  region size 1024K, 53 young (54272K), 6 survivors (6144K)
 Metaspace       used 72321K, committed 74112K, reserved 1114112K
  class space    used 9839K, committed 10752K, reserved 1048576K
}
Event: 5.946 GC heap after
{Heap after GC invocations=22 (full 0):
 garbage-first heap   total 146432K, used 87989K [0x0000000080000000, 0x0000000100000000)
  region size 1024K, 7 young (7168K), 7 survivors (7168K)
 Metaspace       used 72321K, committed 74112K, reserved 1114112K
  class space    used 9839K, committed 10752K, reserved 1048576K
}
Event: 6.110 GC heap before
{Heap before GC invocations=22 (full 0):
 garbage-first heap   total 146432K, used 129973K [0x0000000080000000, 0x0000000100000000)
  region size 1024K, 49 young (50176K), 7 survivors (7168K)
 Metaspace       used 72566K, committed 74368K, reserved 1114112K
  class space    used 9839K, committed 10752K, reserved 1048576K
}
Event: 6.114 GC heap after
{Heap after GC invocations=23 (full 0):
 garbage-first heap   total 146432K, used 90788K [0x0000000080000000, 0x0000000100000000)
  region size 1024K, 4 young (4096K), 4 survivors (4096K)
 Metaspace       used 72566K, committed 74368K, reserved 1114112K
  class space    used 9839K, committed 10752K, reserved 1048576K
}
Event: 6.227 GC heap before
{Heap before GC invocations=24 (full 0):
 garbage-first heap   total 153600K, used 130724K [0x0000000080000000, 0x0000000100000000)
  region size 1024K, 44 young (45056K), 4 survivors (4096K)
 Metaspace       used 72677K, committed 74496K, reserved 1114112K
  class space    used 9839K, committed 10752K, reserved 1048576K
}
Event: 6.229 GC heap after
{Heap after GC invocations=25 (full 0):
 garbage-first heap   total 153600K, used 91261K [0x0000000080000000, 0x0000000100000000)
  region size 1024K, 4 young (4096K), 4 survivors (4096K)
 Metaspace       used 72677K, committed 74496K, reserved 1114112K
  class space    used 9839K, committed 10752K, reserved 1048576K
}
Event: 6.312 GC heap before
{Heap before GC invocations=25 (full 0):
 garbage-first heap   total 153600K, used 138365K [0x0000000080000000, 0x0000000100000000)
  region size 1024K, 51 young (52224K), 4 survivors (4096K)
 Metaspace       used 72711K, committed 74560K, reserved 1114112K
  class space    used 9840K, committed 10752K, reserved 1048576K
}
Event: 6.315 GC heap after
{Heap after GC invocations=26 (full 0):
 garbage-first heap   total 153600K, used 91645K [0x0000000080000000, 0x0000000100000000)
  region size 1024K, 4 young (4096K), 4 survivors (4096K)
 Metaspace       used 72711K, committed 74560K, reserved 1114112K
  class space    used 9840K, committed 10752K, reserved 1048576K
}
Event: 6.440 GC heap before
{Heap before GC invocations=26 (full 0):
 garbage-first heap   total 153600K, used 128509K [0x0000000080000000, 0x0000000100000000)
  region size 1024K, 42 young (43008K), 4 survivors (4096K)
 Metaspace       used 72853K, committed 74624K, reserved 1114112K
  class space    used 9859K, committed 10752K, reserved 1048576K
}
Event: 6.444 GC heap after
{Heap after GC invocations=27 (full 0):
 garbage-first heap   total 153600K, used 92740K [0x0000000080000000, 0x0000000100000000)
  region size 1024K, 5 young (5120K), 5 survivors (5120K)
 Metaspace       used 72853K, committed 74624K, reserved 1114112K
  class space    used 9859K, committed 10752K, reserved 1048576K
}
Event: 6.888 GC heap before
{Heap before GC invocations=28 (full 0):
 garbage-first heap   total 160768K, used 151108K [0x0000000080000000, 0x0000000100000000)
  region size 1024K, 49 young (50176K), 5 survivors (5120K)
 Metaspace       used 74413K, committed 76224K, reserved 1179648K
  class space    used 10045K, committed 10944K, reserved 1048576K
}
Event: 6.892 GC heap after
{Heap after GC invocations=29 (full 0):
 garbage-first heap   total 164864K, used 113372K [0x0000000080000000, 0x0000000100000000)
  region size 1024K, 7 young (7168K), 7 survivors (7168K)
 Metaspace       used 74413K, committed 76224K, reserved 1179648K
  class space    used 10045K, committed 10944K, reserved 1048576K
}
Event: 7.204 GC heap before
{Heap before GC invocations=29 (full 0):
 garbage-first heap   total 164864K, used 147164K [0x0000000080000000, 0x0000000100000000)
  region size 1024K, 41 young (41984K), 7 survivors (7168K)
 Metaspace       used 77657K, committed 79424K, reserved 1179648K
  class space    used 10391K, committed 11264K, reserved 1048576K
}
Event: 7.207 GC heap after
{Heap after GC invocations=30 (full 0):
 garbage-first heap   total 164864K, used 114038K [0x0000000080000000, 0x0000000100000000)
  region size 1024K, 1 young (1024K), 1 survivors (1024K)
 Metaspace       used 77657K, committed 79424K, reserved 1179648K
  class space    used 10391K, committed 11264K, reserved 1048576K
}
Event: 7.522 GC heap before
{Heap before GC invocations=30 (full 0):
 garbage-first heap   total 164864K, used 151926K [0x0000000080000000, 0x0000000100000000)
  region size 1024K, 38 young (38912K), 1 survivors (1024K)
 Metaspace       used 81997K, committed 83904K, reserved 1179648K
  class space    used 11009K, committed 11968K, reserved 1048576K
}
Event: 7.526 GC heap after
{Heap after GC invocations=31 (full 0):
 garbage-first heap   total 164864K, used 116741K [0x0000000080000000, 0x0000000100000000)
  region size 1024K, 4 young (4096K), 4 survivors (4096K)
 Metaspace       used 81997K, committed 83904K, reserved 1179648K
  class space    used 11009K, committed 11968K, reserved 1048576K
}
Event: 7.749 GC heap before
{Heap before GC invocations=32 (full 0):
 garbage-first heap   total 196608K, used 152581K [0x0000000080000000, 0x0000000100000000)
  region size 1024K, 35 young (35840K), 4 survivors (4096K)
 Metaspace       used 83884K, committed 85824K, reserved 1179648K
  class space    used 11265K, committed 12224K, reserved 1048576K
}
Event: 7.752 GC heap after
{Heap after GC invocations=33 (full 0):
 garbage-first heap   total 196608K, used 120518K [0x0000000080000000, 0x0000000100000000)
  region size 1024K, 5 young (5120K), 5 survivors (5120K)
 Metaspace       used 83884K, committed 85824K, reserved 1179648K
  class space    used 11265K, committed 12224K, reserved 1048576K
}
Event: 8.181 GC heap before
{Heap before GC invocations=33 (full 0):
 garbage-first heap   total 196608K, used 173766K [0x0000000080000000, 0x0000000100000000)
  region size 1024K, 57 young (58368K), 5 survivors (5120K)
 Metaspace       used 88895K, committed 90816K, reserved 1179648K
  class space    used 11911K, committed 12864K, reserved 1048576K
}
Event: 8.186 GC heap after
{Heap after GC invocations=34 (full 0):
 garbage-first heap   total 236544K, used 123025K [0x0000000080000000, 0x0000000100000000)
  region size 1024K, 7 young (7168K), 7 survivors (7168K)
 Metaspace       used 88895K, committed 90816K, reserved 1179648K
  class space    used 11911K, committed 12864K, reserved 1048576K
}

Dll operation events (3 events):
Event: 0.005 Loaded shared library C:\Program Files\Android\Android Studio\jbr\bin\java.dll
Event: 0.010 Loaded shared library C:\Program Files\Android\Android Studio\jbr\bin\zip.dll
Event: 0.346 Loaded shared library C:\Program Files\Android\Android Studio\jbr\bin\verify.dll

Deoptimization events (20 events):
Event: 8.406 Thread 0x000001793fb613f0 DEOPT PACKING pc=0x000001792ca6aacc sp=0x0000007642df5bd0
Event: 8.406 Thread 0x000001793fb613f0 DEOPT UNPACKING pc=0x000001792bfd7da2 sp=0x0000007642df5ab8 mode 2
Event: 8.406 Thread 0x000001793fb613f0 Uncommon trap: trap_request=0xffffffde fr.pc=0x000001792ca6aacc relative=0x00000000000004cc
Event: 8.406 Thread 0x000001793fb613f0 Uncommon trap: reason=class_check action=maybe_recompile pc=0x000001792ca6aacc method=kotlin.reflect.jvm.internal.impl.protobuf.CodedInputStream.tryRefillBuffer(I)Z @ 175 c2
Event: 8.406 Thread 0x000001793fb613f0 DEOPT PACKING pc=0x000001792ca6aacc sp=0x0000007642df5cd0
Event: 8.406 Thread 0x000001793fb613f0 DEOPT UNPACKING pc=0x000001792bfd7da2 sp=0x0000007642df5bb8 mode 2
Event: 8.406 Thread 0x000001793fb613f0 Uncommon trap: trap_request=0xffffffde fr.pc=0x000001792ca6aacc relative=0x00000000000004cc
Event: 8.406 Thread 0x000001793fb613f0 Uncommon trap: reason=class_check action=maybe_recompile pc=0x000001792ca6aacc method=kotlin.reflect.jvm.internal.impl.protobuf.CodedInputStream.tryRefillBuffer(I)Z @ 175 c2
Event: 8.406 Thread 0x000001793fb613f0 DEOPT PACKING pc=0x000001792ca6aacc sp=0x0000007642df5cd0
Event: 8.406 Thread 0x000001793fb613f0 DEOPT UNPACKING pc=0x000001792bfd7da2 sp=0x0000007642df5bb8 mode 2
Event: 8.431 Thread 0x000001793fb613f0 DEOPT PACKING pc=0x000001792516f5de sp=0x0000007642df70d0
Event: 8.431 Thread 0x000001793fb613f0 DEOPT UNPACKING pc=0x000001792bfd88e2 sp=0x0000007642df65b8 mode 0
Event: 8.528 Thread 0x000001793fb613f0 Uncommon trap: trap_request=0xffffff45 fr.pc=0x000001792c7f6330 relative=0x0000000000000b30
Event: 8.528 Thread 0x000001793fb613f0 Uncommon trap: reason=unstable_if action=reinterpret pc=0x000001792c7f6330 method=java.util.regex.Pattern.escape(ZZZ)I @ 8 c2
Event: 8.528 Thread 0x000001793fb613f0 DEOPT PACKING pc=0x000001792c7f6330 sp=0x0000007642df5c10
Event: 8.528 Thread 0x000001793fb613f0 DEOPT UNPACKING pc=0x000001792bfd7da2 sp=0x0000007642df5ba8 mode 2
Event: 8.545 Thread 0x000001793fb613f0 DEOPT PACKING pc=0x000001792586fbe8 sp=0x0000007642df5e10
Event: 8.545 Thread 0x000001793fb613f0 DEOPT UNPACKING pc=0x000001792bfd88e2 sp=0x0000007642df5330 mode 0
Event: 8.610 Thread 0x000001793fb613f0 DEOPT PACKING pc=0x00000179254be8c5 sp=0x0000007642df5e80
Event: 8.610 Thread 0x000001793fb613f0 DEOPT UNPACKING pc=0x000001792bfd88e2 sp=0x0000007642df53d0 mode 0

Classes loaded (20 events):
Event: 8.210 Loading class javax/management/NotificationFilter
Event: 8.210 Loading class javax/management/NotificationFilter done
Event: 8.210 Loading class javax/management/ListenerNotFoundException
Event: 8.210 Loading class javax/management/OperationsException
Event: 8.210 Loading class javax/management/JMException
Event: 8.210 Loading class javax/management/JMException done
Event: 8.210 Loading class javax/management/OperationsException done
Event: 8.210 Loading class javax/management/ListenerNotFoundException done
Event: 8.210 Loading class jdk/jfr/Recording
Event: 8.210 Loading class jdk/jfr/Recording done
Event: 8.210 Loading class jdk/jfr/FlightRecorder
Event: 8.210 Loading class jdk/jfr/FlightRecorder done
Event: 8.210 Loading class jdk/management/jfr/FlightRecorderMXBeanImpl$MXBeanListener
Event: 8.210 Loading class jdk/jfr/FlightRecorderListener
Event: 8.210 Loading class jdk/jfr/FlightRecorderListener done
Event: 8.210 Loading class jdk/management/jfr/FlightRecorderMXBeanImpl$MXBeanListener done
Event: 8.241 Loading class com/sun/jmx/mbeanserver/StandardMBeanSupport
Event: 8.241 Loading class com/sun/jmx/mbeanserver/StandardMBeanSupport done
Event: 8.241 Loading class com/sun/jmx/mbeanserver/StandardMBeanIntrospector
Event: 8.241 Loading class com/sun/jmx/mbeanserver/StandardMBeanIntrospector done

Classes unloaded (0 events):
No events

Classes redefined (0 events):
No events

Internal exceptions (20 events):
Event: 8.127 Thread 0x000001793fb613f0 Exception <a 'java/lang/NoSuchMethodError'{0x0000000087d42180}: static Lorg/jetbrains/kotlin/gradle/plugin/internal/DefaultMppTestReportHelperVariantFactory;.<clinit>()V> (0x0000000087d42180) 
thrown [s\src\hotspot\share\prims\jni.cpp, line 1139]
Event: 8.128 Thread 0x000001793fb613f0 Exception <a 'java/lang/NoSuchMethodError'{0x0000000087d61288}: static Lorg/jetbrains/kotlin/gradle/plugin/internal/DefaultConfigurationCacheStartParameterAccessorVariantFactory;.<clinit>()V> (0x0000000087d61288) 
thrown [s\src\hotspot\share\prims\jni.cpp, line 1139]
Event: 8.128 Thread 0x000001793fb613f0 Exception <a 'java/lang/NoSuchMethodError'{0x0000000087d81a80}: static Lorg/jetbrains/kotlin/gradle/plugin/internal/MavenPluginConfigurator$DefaultMavenPluginConfiguratorVariantFactory;.<clinit>()V> (0x0000000087d81a80) 
thrown [s\src\hotspot\share\prims\jni.cpp, line 1139]
Event: 8.129 Thread 0x000001793fb613f0 Exception <a 'java/lang/NoSuchMethodError'{0x0000000087da0c60}: static Lorg/jetbrains/kotlin/gradle/targets/js/nodejs/DefaultUnameExecutorVariantFactory;.<clinit>()V> (0x0000000087da0c60) 
thrown [s\src\hotspot\share\prims\jni.cpp, line 1139]
Event: 8.129 Thread 0x000001793fb613f0 Exception <a 'java/lang/NoSuchMethodError'{0x0000000087dc08a8}: static Lorg/jetbrains/kotlin/gradle/plugin/internal/DefaultBasePluginConfigurationVariantFactory;.<clinit>()V> (0x0000000087dc08a8) 
thrown [s\src\hotspot\share\prims\jni.cpp, line 1139]
Event: 8.130 Thread 0x000001793fb613f0 Exception <a 'java/lang/NoSuchMethodError'{0x0000000087de08e0}: static Lorg/jetbrains/kotlin/gradle/plugin/internal/DefaultAttributeConfigurationHelperVariantFactory;.<clinit>()V> (0x0000000087de08e0) 
thrown [s\src\hotspot\share\prims\jni.cpp, line 1139]
Event: 8.147 Thread 0x000001793fb613f0 Exception <a 'java/lang/IncompatibleClassChangeError'{0x0000000087b79f88}: Found class java.lang.Object, but interface was expected> (0x0000000087b79f88) 
thrown [s\src\hotspot\share\interpreter\linkResolver.cpp, line 851]
Event: 8.583 Thread 0x000001793fb613f0 Exception <a 'java/lang/NoSuchMethodError'{0x000000008a8a1a88}: 'java.lang.Object java.lang.invoke.DirectMethodHandle$Holder.newInvokeSpecial(java.lang.Object, java.lang.Object, java.lang.Object, java.lang.Object, java.lang.Object, java.lang.Object, java.lang.Object, java.lang.Object, java.lang.Object, java.lang.Object, java.lang.Object, java.lang.Object, java.lang.Object, java.lang.Object, java.lang.Object, java.lang.Object, java.lang.Object, java.lang.Object, java.lang.Object, java.lang.Object, java.lang
Event: 8.583 Thread 0x000001793fb613f0 Exception <a 'java/lang/NoSuchMethodError'{0x000000008a8a9f78}: 'java.lang.Object java.lang.invoke.DirectMethodHandle$Holder.invokeSpecial(java.lang.Object, java.lang.Object, java.lang.Object, java.lang.Object, java.lang.Object, java.lang.Object, java.lang.Object, java.lang.Object, java.lang.Object, java.lang.Object, java.lang.Object, java.lang.Object, java.lang.Object, java.lang.Object, java.lang.Object, java.lang.Object, java.lang.Object, java.lang.Object, java.lang.Object, java.lang.Object, java.lang.Ob
Event: 8.583 Thread 0x000001793fb613f0 Exception <a 'java/lang/NoSuchMethodError'{0x000000008a8b0d50}: 'java.lang.Object java.lang.invoke.DelegatingMethodHandle$Holder.reinvoke_L(java.lang.Object, java.lang.Object, java.lang.Object, java.lang.Object, java.lang.Object, java.lang.Object, java.lang.Object, java.lang.Object, java.lang.Object, java.lang.Object, java.lang.Object, java.lang.Object, java.lang.Object, java.lang.Object, java.lang.Object, java.lang.Object, java.lang.Object, java.lang.Object, java.lang.Object, java.lang.Object, java.lang.O
Event: 8.630 Thread 0x000001793fb613f0 Exception <a 'java/lang/ClassNotFoundException'{0x000000008a3dd600}: org/jetbrains/kotlin/gradle/targets/js/npm/DefaultNpmDependencyExtensionBeanInfo> (0x000000008a3dd600) 
thrown [s\src\hotspot\share\classfile\systemDictionary.cpp, line 312]
Event: 8.631 Thread 0x000001793fb613f0 Exception <a 'java/lang/ClassNotFoundException'{0x000000008a3ecf60}: org/jetbrains/kotlin/gradle/targets/js/npm/DefaultNpmDependencyExtensionCustomizer> (0x000000008a3ecf60) 
thrown [s\src\hotspot\share\classfile\systemDictionary.cpp, line 312]
Event: 8.636 Thread 0x000001793fb613f0 Exception <a 'java/lang/ClassNotFoundException'{0x000000008a282268}: org/jetbrains/kotlin/gradle/targets/js/npm/NpmDependencyExtensionKt$defaultNpmDependencyDelegate$1BeanInfo> (0x000000008a282268) 
thrown [s\src\hotspot\share\classfile\systemDictionary.cpp, line 312]
Event: 8.636 Thread 0x000001793fb613f0 Exception <a 'java/lang/ClassNotFoundException'{0x000000008a293178}: org/jetbrains/kotlin/gradle/targets/js/npm/NpmDependencyExtensionDelegateBeanInfo> (0x000000008a293178) 
thrown [s\src\hotspot\share\classfile\systemDictionary.cpp, line 312]
Event: 8.636 Thread 0x000001793fb613f0 Exception <a 'java/lang/ClassNotFoundException'{0x000000008a2a3318}: org/jetbrains/kotlin/gradle/targets/js/npm/NpmDependencyExtensionDelegateCustomizer> (0x000000008a2a3318) 
thrown [s\src\hotspot\share\classfile\systemDictionary.cpp, line 312]
Event: 8.637 Thread 0x000001793fb613f0 Exception <a 'java/lang/ClassNotFoundException'{0x000000008a2d5c80}: org/jetbrains/kotlin/gradle/targets/js/npm/NpmDependencyExtensionKt$defaultNpmDependencyDelegate$1Customizer> (0x000000008a2d5c80) 
thrown [s\src\hotspot\share\classfile\systemDictionary.cpp, line 312]
Event: 8.640 Thread 0x000001793fb613f0 Exception <a 'java/lang/ClassNotFoundException'{0x000000008a118a20}: org/jetbrains/kotlin/gradle/targets/js/npm/DefaultDevNpmDependencyExtensionBeanInfo> (0x000000008a118a20) 
thrown [s\src\hotspot\share\classfile\systemDictionary.cpp, line 312]
Event: 8.641 Thread 0x000001793fb613f0 Exception <a 'java/lang/ClassNotFoundException'{0x000000008a1283c8}: org/jetbrains/kotlin/gradle/targets/js/npm/DefaultDevNpmDependencyExtensionCustomizer> (0x000000008a1283c8) 
thrown [s\src\hotspot\share\classfile\systemDictionary.cpp, line 312]
Event: 8.643 Thread 0x000001793fb613f0 Exception <a 'java/lang/ClassNotFoundException'{0x000000008a173be8}: org/jetbrains/kotlin/gradle/targets/js/npm/DefaultPeerNpmDependencyExtensionBeanInfo> (0x000000008a173be8) 
thrown [s\src\hotspot\share\classfile\systemDictionary.cpp, line 312]
Event: 8.644 Thread 0x000001793fb613f0 Exception <a 'java/lang/ClassNotFoundException'{0x000000008a183870}: org/jetbrains/kotlin/gradle/targets/js/npm/DefaultPeerNpmDependencyExtensionCustomizer> (0x000000008a183870) 
thrown [s\src\hotspot\share\classfile\systemDictionary.cpp, line 312]

ZGC Phase Switch (0 events):
No events

VM Operations (20 events):
Event: 7.555 Executing VM operation: G1PauseRemark
Event: 7.559 Executing VM operation: G1PauseRemark done
Event: 7.571 Executing VM operation: G1PauseCleanup
Event: 7.571 Executing VM operation: G1PauseCleanup done
Event: 7.749 Executing VM operation: G1CollectForAllocation (G1 Evacuation Pause)
Event: 7.752 Executing VM operation: G1CollectForAllocation (G1 Evacuation Pause) done
Event: 8.098 Executing VM operation: HandshakeAllThreads (Deoptimize)
Event: 8.098 Executing VM operation: HandshakeAllThreads (Deoptimize) done
Event: 8.180 Executing VM operation: ICBufferFull
Event: 8.180 Executing VM operation: ICBufferFull done
Event: 8.181 Executing VM operation: G1CollectForAllocation (G1 Evacuation Pause)
Event: 8.186 Executing VM operation: G1CollectForAllocation (G1 Evacuation Pause) done
Event: 8.266 Executing VM operation: HandshakeAllThreads (Deoptimize)
Event: 8.266 Executing VM operation: HandshakeAllThreads (Deoptimize) done
Event: 8.348 Executing VM operation: HandshakeAllThreads (Deoptimize)
Event: 8.348 Executing VM operation: HandshakeAllThreads (Deoptimize) done
Event: 8.629 Executing VM operation: ICBufferFull
Event: 8.629 Executing VM operation: ICBufferFull done
Event: 9.629 Executing VM operation: Cleanup
Event: 9.629 Executing VM operation: Cleanup done

Memory protections (0 events):
No events

Nmethod flushes (20 events):
Event: 7.558 Thread 0x00000179394c53b0 flushing  nmethod 0x0000017924c5d010
Event: 7.558 Thread 0x00000179394c53b0 flushing  nmethod 0x0000017924cbc690
Event: 7.558 Thread 0x00000179394c53b0 flushing  nmethod 0x0000017924e3a410
Event: 7.558 Thread 0x00000179394c53b0 flushing  nmethod 0x0000017924eaf110
Event: 7.558 Thread 0x00000179394c53b0 flushing  nmethod 0x0000017925101d90
Event: 7.558 Thread 0x00000179394c53b0 flushing  nmethod 0x0000017925106890
Event: 7.558 Thread 0x00000179394c53b0 flushing  nmethod 0x0000017925108290
Event: 7.558 Thread 0x00000179394c53b0 flushing  nmethod 0x0000017925171010
Event: 7.558 Thread 0x00000179394c53b0 flushing  nmethod 0x0000017925179190
Event: 7.558 Thread 0x00000179394c53b0 flushing  nmethod 0x00000179251cec90
Event: 7.558 Thread 0x00000179394c53b0 flushing  nmethod 0x00000179252f7590
Event: 7.558 Thread 0x00000179394c53b0 flushing  nmethod 0x00000179252f8310
Event: 7.558 Thread 0x00000179394c53b0 flushing  nmethod 0x00000179252f9510
Event: 7.558 Thread 0x00000179394c53b0 flushing  nmethod 0x0000017925350f10
Event: 7.558 Thread 0x00000179394c53b0 flushing  nmethod 0x00000179253e9310
Event: 7.558 Thread 0x00000179394c53b0 flushing  nmethod 0x00000179253f0610
Event: 7.558 Thread 0x00000179394c53b0 flushing  nmethod 0x00000179254ee590
Event: 7.558 Thread 0x00000179394c53b0 flushing  nmethod 0x00000179255ced90
Event: 7.558 Thread 0x00000179394c53b0 flushing  nmethod 0x0000017925695d10
Event: 7.558 Thread 0x00000179394c53b0 flushing  nmethod 0x0000017925697110

Events (20 events):
Event: 6.657 Thread 0x000001793fb613f0 Thread added: 0x0000017940f5cff0
Event: 6.657 Thread 0x000001793fb613f0 Thread added: 0x0000017940f5c2d0
Event: 6.657 Thread 0x000001793fb613f0 Thread added: 0x0000017940f5a890
Event: 6.665 Thread 0x000001793fb613f0 Thread added: 0x0000017940f5c960
Event: 6.666 Thread 0x000001793fb613f0 Thread added: 0x0000017940f5bc40
Event: 6.667 Thread 0x000001793fb613f0 Thread added: 0x0000017940f5a200
Event: 6.671 Thread 0x000001793fb613f0 Thread added: 0x0000017940f5af20
Event: 6.672 Thread 0x000001793fb613f0 Thread added: 0x0000017940f5d680
Event: 6.672 Thread 0x000001793fb613f0 Thread added: 0x0000017940f5dd10
Event: 6.672 Thread 0x000001793fb613f0 Thread added: 0x0000017940f5e3a0
Event: 6.672 Thread 0x000001793fb613f0 Thread added: 0x0000017940f5ea30
Event: 6.672 Thread 0x000001793fb613f0 Thread added: 0x0000017940f5b5b0
Event: 6.673 Thread 0x000001793fb613f0 Thread added: 0x0000017940f61820
Event: 6.673 Thread 0x000001793fb613f0 Thread added: 0x0000017940f60b00
Event: 6.673 Thread 0x000001793fb613f0 Thread added: 0x0000017940f5f0c0
Event: 6.673 Thread 0x000001793fb613f0 Thread added: 0x0000017940f60470
Event: 6.673 Thread 0x000001793fb613f0 Thread added: 0x0000017940f5f750
Event: 6.836 Thread 0x000001793e335090 Thread exited: 0x000001793e335090
Event: 7.427 Thread 0x000001793fb613f0 Thread added: 0x0000017940f61190
Event: 8.267 Thread 0x000001793fb613f0 Thread added: 0x0000017942513550


Dynamic libraries:
0x00007ff7a0ae0000 - 0x00007ff7a0aea000 	C:\Program Files\Android\Android Studio\jbr\bin\java.exe
0x00007ff958380000 - 0x00007ff9585e7000 	C:\WINDOWS\SYSTEM32\ntdll.dll
0x00007ff957980000 - 0x00007ff957a49000 	C:\WINDOWS\System32\KERNEL32.DLL
0x00007ff9559e0000 - 0x00007ff955dcf000 	C:\WINDOWS\System32\KERNELBASE.dll
0x00007ff955f20000 - 0x00007ff95606b000 	C:\WINDOWS\System32\ucrtbase.dll
0x00007ff94e160000 - 0x00007ff94e178000 	C:\Program Files\Android\Android Studio\jbr\bin\jli.dll
0x00007ff94fdf0000 - 0x00007ff94fe0b000 	C:\Program Files\Android\Android Studio\jbr\bin\VCRUNTIME140.dll
0x00007ff957780000 - 0x00007ff957945000 	C:\WINDOWS\System32\USER32.dll
0x00007ff9365a0000 - 0x00007ff936833000 	C:\WINDOWS\WinSxS\amd64_microsoft.windows.common-controls_6595b64144ccf1df_6.0.26100.7309_none_3e05feeae336a044\COMCTL32.dll
0x00007ff955700000 - 0x00007ff955727000 	C:\WINDOWS\System32\win32u.dll
0x00007ff956b30000 - 0x00007ff956bd9000 	C:\WINDOWS\System32\msvcrt.dll
0x00007ff957480000 - 0x00007ff9574ab000 	C:\WINDOWS\System32\GDI32.dll
0x00007ff955730000 - 0x00007ff95585c000 	C:\WINDOWS\System32\gdi32full.dll
0x00007ff955de0000 - 0x00007ff955e83000 	C:\WINDOWS\System32\msvcp_win.dll
0x00007ff958300000 - 0x00007ff958331000 	C:\WINDOWS\System32\IMM32.DLL
0x00007ff94fde0000 - 0x00007ff94fdec000 	C:\Program Files\Android\Android Studio\jbr\bin\vcruntime140_1.dll
0x00007ff926700000 - 0x00007ff92678d000 	C:\Program Files\Android\Android Studio\jbr\bin\msvcp140.dll
0x00007ff8559b0000 - 0x00007ff85663b000 	C:\Program Files\Android\Android Studio\jbr\bin\server\jvm.dll
0x00007ff957ba0000 - 0x00007ff957c54000 	C:\WINDOWS\System32\ADVAPI32.dll
0x00007ff957ce0000 - 0x00007ff957d86000 	C:\WINDOWS\System32\sechost.dll
0x00007ff9574b0000 - 0x00007ff9575c8000 	C:\WINDOWS\System32\RPCRT4.dll
0x00007ff956be0000 - 0x00007ff956c54000 	C:\WINDOWS\System32\WS2_32.dll
0x00007ff954dc0000 - 0x00007ff954e1e000 	C:\WINDOWS\SYSTEM32\POWRPROF.dll
0x00007ff94eb10000 - 0x00007ff94eb1b000 	C:\WINDOWS\SYSTEM32\VERSION.dll
0x00007ff946230000 - 0x00007ff946265000 	C:\WINDOWS\SYSTEM32\WINMM.dll
0x00007ff954d10000 - 0x00007ff954d24000 	C:\WINDOWS\SYSTEM32\UMPDC.dll
0x00007ff954250000 - 0x00007ff95426b000 	C:\WINDOWS\SYSTEM32\kernel.appcore.dll
0x00007ff94f560000 - 0x00007ff94f56a000 	C:\Program Files\Android\Android Studio\jbr\bin\jimage.dll
0x00007ff952d80000 - 0x00007ff952fc2000 	C:\WINDOWS\SYSTEM32\DBGHELP.DLL
0x00007ff957d90000 - 0x00007ff958116000 	C:\WINDOWS\System32\combase.dll
0x00007ff956a50000 - 0x00007ff956b26000 	C:\WINDOWS\System32\OLEAUT32.dll
0x00007ff94e0a0000 - 0x00007ff94e0dc000 	C:\WINDOWS\SYSTEM32\dbgcore.DLL
0x00007ff956070000 - 0x00007ff956115000 	C:\WINDOWS\System32\bcryptPrimitives.dll
0x00007ff941950000 - 0x00007ff94195e000 	C:\Program Files\Android\Android Studio\jbr\bin\instrument.dll
0x00007ff94e080000 - 0x00007ff94e0a0000 	C:\Program Files\Android\Android Studio\jbr\bin\java.dll
0x00007ff941a10000 - 0x00007ff941a28000 	C:\Program Files\Android\Android Studio\jbr\bin\zip.dll
0x00007ff956120000 - 0x00007ff956873000 	C:\WINDOWS\System32\SHELL32.dll
0x00007ff9554d0000 - 0x00007ff95563a000 	C:\WINDOWS\System32\wintypes.dll
0x00007ff9530b0000 - 0x00007ff95390e000 	C:\WINDOWS\SYSTEM32\windows.storage.dll
0x00007ff9575f0000 - 0x00007ff9576e4000 	C:\WINDOWS\System32\SHCORE.dll
0x00007ff957b30000 - 0x00007ff957b96000 	C:\WINDOWS\System32\shlwapi.dll
0x00007ff9553f0000 - 0x00007ff955419000 	C:\WINDOWS\SYSTEM32\profapi.dll
0x00007ff94e2f0000 - 0x00007ff94e300000 	C:\Program Files\Android\Android Studio\jbr\bin\net.dll
0x00007ff94e180000 - 0x00007ff94e2a8000 	C:\WINDOWS\SYSTEM32\WINHTTP.dll
0x00007ff9547f0000 - 0x00007ff95485b000 	C:\WINDOWS\system32\mswsock.dll
0x00007ff9419f0000 - 0x00007ff941a06000 	C:\Program Files\Android\Android Studio\jbr\bin\nio.dll
0x00007ff940750000 - 0x00007ff940760000 	C:\Program Files\Android\Android Studio\jbr\bin\verify.dll
0x00007ff9405f0000 - 0x00007ff940617000 	C:\Users\xXx\.gradle\native\c067742578af261105cb4f569cf0c3c89f3d7b1fecec35dd04571415982c5e48\windows-amd64\native-platform.dll
0x00007ff8e2610000 - 0x00007ff8e2754000 	C:\Users\xXx\.gradle\native\100fb08df4bc3b14c8652ba06237920a3bd2aa13389f12d3474272988ae205f9\windows-amd64\native-platform-file-events.dll
0x00007ff9419e0000 - 0x00007ff9419e9000 	C:\Program Files\Android\Android Studio\jbr\bin\management.dll
0x00007ff940770000 - 0x00007ff94077b000 	C:\Program Files\Android\Android Studio\jbr\bin\management_ext.dll
0x00007ff956e40000 - 0x00007ff956e48000 	C:\WINDOWS\System32\PSAPI.DLL
0x00007ff954ab0000 - 0x00007ff954acb000 	C:\WINDOWS\SYSTEM32\CRYPTSP.dll
0x00007ff9541b0000 - 0x00007ff9541ea000 	C:\WINDOWS\system32\rsaenh.dll
0x00007ff9548a0000 - 0x00007ff9548cb000 	C:\WINDOWS\SYSTEM32\USERENV.dll
0x00007ff9553c0000 - 0x00007ff9553ea000 	C:\WINDOWS\SYSTEM32\bcrypt.dll
0x00007ff954ad0000 - 0x00007ff954adc000 	C:\WINDOWS\SYSTEM32\CRYPTBASE.dll
0x00007ff953c30000 - 0x00007ff953c64000 	C:\WINDOWS\SYSTEM32\IPHLPAPI.DLL
0x00007ff958120000 - 0x00007ff95812a000 	C:\WINDOWS\System32\NSI.dll
0x00007ff94e0f0000 - 0x00007ff94e0f9000 	C:\Program Files\Android\Android Studio\jbr\bin\extnet.dll
0x00007ff8b2cf0000 - 0x00007ff8b2cf8000 	C:\WINDOWS\system32\wshunix.dll

dbghelp: loaded successfully - version: 4.0.5 - missing functions: none
symbol engine: initialized successfully - sym options: 0x614 - pdb path: .;C:\Program Files\Android\Android Studio\jbr\bin;C:\WINDOWS\SYSTEM32;C:\WINDOWS\WinSxS\amd64_microsoft.windows.common-controls_6595b64144ccf1df_6.0.26100.7309_none_3e05feeae336a044;C:\Program Files\Android\Android Studio\jbr\bin\server;C:\Users\xXx\.gradle\native\c067742578af261105cb4f569cf0c3c89f3d7b1fecec35dd04571415982c5e48\windows-amd64;C:\Users\xXx\.gradle\native\100fb08df4bc3b14c8652ba06237920a3bd2aa13389f12d3474272988ae205f9\windows-amd64

VM Arguments:
jvm_args: --add-opens=java.base/java.util=ALL-UNNAMED --add-opens=java.base/java.lang=ALL-UNNAMED --add-opens=java.base/java.lang.invoke=ALL-UNNAMED --add-opens=java.prefs/java.util.prefs=ALL-UNNAMED --add-exports=jdk.compiler/com.sun.tools.javac.api=ALL-UNNAMED --add-exports=jdk.compiler/com.sun.tools.javac.util=ALL-UNNAMED --add-opens=java.base/java.nio.charset=ALL-UNNAMED --add-opens=java.base/java.net=ALL-UNNAMED --add-opens=java.base/java.util.concurrent.atomic=ALL-UNNAMED -Xmx2048m -Dfile.encoding=UTF-8 -Duser.country=US -Duser.language=en -Duser.variant -javaagent:C:\Users\xXx\.gradle\wrapper\dists\gradle-8.9-bin\90cnw93cvbtalezasaz0blq0a\gradle-8.9\lib\agents\gradle-instrumentation-agent-8.9.jar 
java_command: org.gradle.launcher.daemon.bootstrap.GradleDaemon 8.9
java_class_path (initial): C:\Users\xXx\.gradle\wrapper\dists\gradle-8.9-bin\90cnw93cvbtalezasaz0blq0a\gradle-8.9\lib\gradle-daemon-main-8.9.jar
Launcher Type: SUN_STANDARD

[Global flags]
     intx CICompilerCount                          = 4                                         {product} {ergonomic}
     uint ConcGCThreads                            = 3                                         {product} {ergonomic}
     uint G1ConcRefinementThreads                  = 10                                        {product} {ergonomic}
   size_t G1HeapRegionSize                         = 1048576                                   {product} {ergonomic}
    uintx GCDrainStackTargetSize                   = 64                                        {product} {ergonomic}
   size_t InitialHeapSize                          = 197132288                                 {product} {ergonomic}
   size_t MarkStackSize                            = 4194304                                   {product} {ergonomic}
   size_t MaxHeapSize                              = 2147483648                                {product} {command line}
   size_t MaxNewSize                               = 1287651328                                {product} {ergonomic}
   size_t MinHeapDeltaBytes                        = 1048576                                   {product} {ergonomic}
   size_t MinHeapSize                              = 8388608                                   {product} {ergonomic}
    uintx NonNMethodCodeHeapSize                   = 5839372                                {pd product} {ergonomic}
    uintx NonProfiledCodeHeapSize                  = 122909434                              {pd product} {ergonomic}
    uintx ProfiledCodeHeapSize                     = 122909434                              {pd product} {ergonomic}
    uintx ReservedCodeCacheSize                    = 251658240                              {pd product} {ergonomic}
     bool SegmentedCodeCache                       = true                                      {product} {ergonomic}
   size_t SoftMaxHeapSize                          = 2147483648                             {manageable} {ergonomic}
     bool UseCompressedOops                        = true                           {product lp64_product} {ergonomic}
     bool UseG1GC                                  = true                                      {product} {ergonomic}
     bool UseLargePagesIndividualAllocation        = false                                  {pd product} {ergonomic}

Logging:
Log output configuration:
 #0: stdout all=warning uptime,level,tags foldmultilines=false
 #1: stderr all=off uptime,level,tags foldmultilines=false

Environment Variables:
JAVA_HOME=C:\Program Files\Java\jdk-23
PATH=C:\Program Files\ImageMagick-7.1.2-Q16-HDRI;C:\Python312\Scripts\;C:\Python312\;c:\windows\system32;c:\windows;c:\windows\system32\wbem;c:\windows\system32\windowspowershell\v1.0\;c:\windows\system32\openssh\;c:\program files\nvidia corporation\nvidia nvdlisr;c:\program files\git\cmd;C:\Program Files (x86)\NVIDIA Corporation\PhysX\Common;C:\Program Files\nodejs\;C:\ProgramData\chocolatey\bin;C:\WINDOWS\system32;C:\WINDOWS;C:\WINDOWS\System32\Wbem;C:\WINDOWS\System32\WindowsPowerShell\v1.0\;C:\WINDOWS\System32\OpenSSH\;C:\Program Files\Java\jdk-23\bin;;C:\Program Files\Docker\Docker\resources\bin;C:\Users\xXx\AppData\Local\Programs\Python\Python310\Scripts\;C:\Users\xXx\AppData\Local\Programs\Python\Python310\;C:\Users\xXx\AppData\Local\Microsoft\WindowsApps;C:\Users\xXx\AppData\Local\Programs\Microsoft VS Code\bin;C:\Program Files\JetBrains\PyCharm Community Edition 2023.2.1\bin;;C:\Program Files\JetBrains\IntelliJ IDEA 2023.2.4\bin;;C:\src\flutter\bin;C:\src\flutter;C:\Program Files\heroku\bin;C:\Users\xXx\AppData\Roaming\npm;C:\Users\xXx\AppData\Local\PowerToys\DSCModules\;C:\Users\xXx\AppData\Local\Google\Cloud SDK\google-cloud-sdk\bin
USERNAME=xXx
OS=Windows_NT
PROCESSOR_IDENTIFIER=Intel64 Family 6 Model 141 Stepping 1, GenuineIntel
TMP=C:\Users\xXx\AppData\Local\Temp
TEMP=C:\Users\xXx\AppData\Local\Temp




Periodic native trim disabled

JNI global refs:
JNI global refs: 28, weak refs: 0

JNI global refs memory usage: 835, weak refs: 833

Process memory usage:
Resident Set Size: 533576K (4% of 12212196K total physical memory with 782780K free physical memory)

OOME stack traces (most recent first):
Classloader memory used:
Loader org.gradle.internal.classloader.VisitableURLClassLoader                         : 38448K
Loader bootstrap                                                                       : 26989K
Loader org.gradle.internal.classloader.VisitableURLClassLoader$InstrumentingVisitableURLClassLoader: 13659K
Loader org.gradle.initialization.MixInLegacyTypesClassLoader                           : 11792K
Loader org.gradle.internal.classloader.VisitableURLClassLoader                         : 1078K
Loader jdk.internal.loader.ClassLoaders$PlatformClassLoader                            : 495K
Loader jdk.internal.reflect.DelegatingClassLoader                                      : 348K
Loader jdk.internal.loader.ClassLoaders$AppClassLoader                                 : 230K
Loader org.gradle.groovy.scripts.internal.DefaultScriptCompilationHandler$ScriptClassLoader: 88344B
Loader org.codehaus.groovy.runtime.callsite.CallSiteClassLoader                        : 49608B

Classes loaded by more than one classloader:
Class Program                                                                         : loaded 4 times (x 70B)
Class org.gradle.api.GradleException                                                  : loaded 3 times (x 78B)
Class com.google.common.collect.RegularImmutableMap$KeySet                            : loaded 2 times (x 146B)
Class kotlin.NotImplementedError                                                      : loaded 2 times (x 78B)
Class org.gradle.internal.classloader.FilteringClassLoader                            : loaded 2 times (x 101B)
Class [Lcom.google.common.base.AbstractIterator$State;                                : loaded 2 times (x 65B)
Class com.google.common.base.CharMatcher$IsEither                                     : loaded 2 times (x 107B)
Class org.gradle.internal.classloader.ClassLoaderHierarchy                            : loaded 2 times (x 66B)
Class com.google.common.collect.ImmutableEnumSet                                      : loaded 2 times (x 142B)
Class com.google.common.util.concurrent.ExecutionError                                : loaded 2 times (x 78B)
Class com.google.common.collect.ImmutableList$1                                       : loaded 2 times (x 93B)
Class org.gradle.api.internal.classpath.ManifestUtil                                  : loaded 2 times (x 67B)
Class com.google.common.collect.RegularImmutableMap                                   : loaded 2 times (x 117B)
Class com.google.common.collect.ImmutableMap$MapViewOfValuesAsSingletonSets           : loaded 2 times (x 121B)
Class org.jetbrains.plugins.gradle.model.GradleExtensions                             : loaded 2 times (x 66B)
Class org.jetbrains.plugins.gradle.model.AnnotationProcessingModel                    : loaded 2 times (x 66B)
Class [Lorg.objectweb.asm.Symbol;                                                     : loaded 2 times (x 65B)
Class org.objectweb.asm.ClassVisitor                                                  : loaded 2 times (x 84B)
Class com.google.common.collect.UnmodifiableListIterator                              : loaded 2 times (x 91B)
Class ijInit2_a4saqb87dqb4tevfffproke3k                                               : loaded 2 times (x 175B)
Class org.gradle.internal.operations.MultipleBuildOperationFailures                   : loaded 2 times (x 91B)
Class org.objectweb.asm.MethodTooLargeException                                       : loaded 2 times (x 79B)
Class [Lcom.google.common.cache.CacheBuilder$OneWeigher;                              : loaded 2 times (x 65B)
Class com.google.common.base.Suppliers                                                : loaded 2 times (x 67B)
Class com.google.common.base.Platform$JdkPatternCompiler                              : loaded 2 times (x 71B)
Class org.gradle.internal.classloader.DefaultClassLoaderFactory                       : loaded 2 times (x 78B)
Class com.google.common.base.CharMatcher$None                                         : loaded 2 times (x 108B)
Class kotlin.collections.AbstractList$Companion                                       : loaded 2 times (x 67B)
Class org.gradle.internal.classloader.ClassLoaderVisitor                              : loaded 2 times (x 72B)
Class [Lcom.google.common.collect.ImmutableMapEntry;                                  : loaded 2 times (x 65B)
Class org.gradle.api.internal.classpath.EffectiveClassPath                            : loaded 2 times (x 86B)
Class com.google.common.collect.ImmutableEnumMap                                      : loaded 2 times (x 121B)
Class com.google.common.collect.ListMultimap                                          : loaded 2 times (x 66B)
Class org.gradle.tooling.internal.gradle.DefaultProjectIdentifier                     : loaded 2 times (x 82B)
Class com.google.common.collect.Sets$1                                                : loaded 2 times (x 135B)
Class org.objectweb.asm.AnnotationVisitor                                             : loaded 2 times (x 74B)
Class com.google.common.base.Splitter                                                 : loaded 2 times (x 68B)
Class org.gradle.api.internal.DefaultClassPathProvider                                : loaded 2 times (x 72B)
Class com.google.common.collect.Sets$2                                                : loaded 2 times (x 135B)
Class [Lorg.gradle.api.internal.ClassPathProvider;                                    : loaded 2 times (x 65B)
Class org.gradle.api.internal.ClassPathProvider                                       : loaded 2 times (x 66B)
Class com.google.common.collect.Sets$3                                                : loaded 2 times (x 135B)
Class com.google.common.util.concurrent.AbstractFuture$SafeAtomicHelper               : loaded 2 times (x 75B)
Class com.google.common.cache.LocalCache$LocalLoadingCache                            : loaded 2 times (x 130B)
Class com.google.common.base.AbstractIterator$State                                   : loaded 2 times (x 75B)
Class org.gradle.internal.service.UnknownServiceException                             : loaded 2 times (x 79B)
Class com.google.common.collect.Sets$4                                                : loaded 2 times (x 135B)
Class org.objectweb.asm.ModuleVisitor                                                 : loaded 2 times (x 77B)
Class com.google.common.cache.LocalCache$Strength$1                                   : loaded 2 times (x 77B)
Class org.jetbrains.kotlin.idea.gradleTooling.KotlinDslScriptAdditionalTask           : loaded 2 times (x 66B)
Class com.google.common.util.concurrent.SettableFuture                                : loaded 2 times (x 110B)
Class com.google.common.cache.LocalCache$Strength$2                                   : loaded 2 times (x 77B)
Class com.google.common.cache.LocalCache$Strength$3                                   : loaded 2 times (x 77B)
Class com.google.common.collect.MapDifference                                         : loaded 2 times (x 66B)
Class com.google.common.base.Splitter$1                                               : loaded 2 times (x 73B)
Class org.objectweb.asm.FieldWriter                                                   : loaded 2 times (x 74B)
Class com.google.common.cache.CacheBuilder$NullListener                               : loaded 2 times (x 78B)
Class org.gradle.internal.classpath.TransformedClassPath                              : loaded 2 times (x 92B)
Class com.google.common.cache.CacheLoader$FunctionToCacheLoader                       : loaded 2 times (x 71B)
Class com.google.common.collect.Iterators$ArrayItr                                    : loaded 2 times (x 93B)
Class com.google.common.collect.ImmutableCollection$Builder                           : loaded 2 times (x 72B)
Class kotlin.enums.EnumEntriesList                                                    : loaded 2 times (x 219B)
Class com.google.common.base.Joiner                                                   : loaded 2 times (x 75B)
Class com.google.common.base.MoreObjects                                              : loaded 2 times (x 67B)
Class com.google.common.base.Equivalence$Identity                                     : loaded 2 times (x 78B)
Class com.google.common.collect.Platform                                              : loaded 2 times (x 67B)
Class com.google.common.collect.UnmodifiableIterator                                  : loaded 2 times (x 76B)
Class org.jetbrains.plugins.gradle.model.IntelliJSettings                             : loaded 2 times (x 66B)
Class org.jetbrains.kotlin.idea.gradleTooling.KotlinSourceSetContainer                : loaded 2 times (x 66B)
Class org.gradle.internal.service.ServiceLocator                                      : loaded 2 times (x 66B)
Class com.google.common.base.Ascii                                                    : loaded 2 times (x 67B)
Class com.google.common.collect.SingletonImmutableBiMap                               : loaded 2 times (x 139B)
Class com.google.common.cache.LocalCache$1                                            : loaded 2 times (x 85B)
Class com.google.common.collect.AbstractMapEntry                                      : loaded 2 times (x 77B)
Class org.gradle.tooling.model.UnsupportedMethodException                             : loaded 2 times (x 78B)
Class com.google.common.cache.LocalCache$2                                            : loaded 2 times (x 138B)
Class com.google.common.collect.AbstractMultimap                                      : loaded 2 times (x 119B)
Class com.google.common.util.concurrent.AbstractFuture$UnsafeAtomicHelper$1           : loaded 2 times (x 72B)
Class com.google.common.collect.RegularImmutableAsList                                : loaded 2 times (x 212B)
Class com.google.common.util.concurrent.AbstractFuture$Trusted                        : loaded 2 times (x 66B)
Class com.google.common.collect.Iterators                                             : loaded 2 times (x 67B)
Class com.google.common.base.CharMatcher$RangesMatcher                                : loaded 2 times (x 108B)
Class com.google.common.util.concurrent.UncheckedExecutionException                   : loaded 2 times (x 78B)
Class com.google.common.collect.Lists$StringAsImmutableList                           : loaded 2 times (x 203B)
Class org.gradle.kotlin.dsl.VersionCatalogAccessorsKt                                 : loaded 2 times (x 67B)
Class com.google.common.base.CharMatcher$JavaLetterOrDigit                            : loaded 2 times (x 107B)
Class org.gradle.internal.InternalTransformer                                         : loaded 2 times (x 66B)
Class org.objectweb.asm.ClassWriter                                                   : loaded 2 times (x 102B)
Class com.google.common.cache.CacheLoader$UnsupportedLoadingOperationException        : loaded 2 times (x 78B)
Class com.google.common.base.CharMatcher$And                                          : loaded 2 times (x 108B)
Class org.gradle.internal.time.DefaultTimer                                           : loaded 2 times (x 76B)
Class org.gradle.internal.classloader.ClasspathUtil$1                                 : loaded 2 times (x 72B)
Class org.objectweb.asm.FieldVisitor                                                  : loaded 2 times (x 73B)
Class com.google.common.collect.IndexedImmutableSet                                   : loaded 2 times (x 146B)
Class com.google.common.collect.ImmutableMap$1                                        : loaded 2 times (x 77B)
Class com.google.common.collect.BiMap                                                 : loaded 2 times (x 66B)
Class org.gradle.api.internal.classpath.DefaultModuleRegistry$DefaultModule           : loaded 2 times (x 82B)
Class com.google.common.primitives.Ints                                               : loaded 2 times (x 67B)
Class com.google.common.collect.AbstractIterator                                      : loaded 2 times (x 78B)
Class com.google.common.math.MathPreconditions                                        : loaded 2 times (x 67B)
Class com.google.common.collect.Multiset                                              : loaded 2 times (x 66B)
Class com.google.common.collect.ArrayListMultimapGwtSerializationDependencies         : loaded 2 times (x 168B)
Class com.google.common.collect.ObjectArrays                                          : loaded 2 times (x 67B)
Class com.google.common.collect.AbstractIndexedListIterator                           : loaded 2 times (x 92B)
Class org.gradle.internal.time.DefaultCountdownTimer                                  : loaded 2 times (x 84B)
Class com.google.common.collect.ImmutableMapEntrySet                                  : loaded 2 times (x 147B)
Class org.gradle.tooling.internal.gradle.DefaultBuildIdentifier                       : loaded 2 times (x 75B)
Class kotlin.Function                                                                 : loaded 2 times (x 66B)
Class org.gradle.api.internal.classpath.Module                                        : loaded 2 times (x 66B)
Class com.google.common.cache.Weigher                                                 : loaded 2 times (x 66B)
Class org.gradle.api.internal.classpath.UnknownModuleException                        : loaded 2 times (x 78B)
Class com.google.common.base.Stopwatch                                                : loaded 2 times (x 68B)
Class com.google.common.cache.LocalCache$Strength                                     : loaded 2 times (x 77B)
Class com.google.common.cache.Cache                                                   : loaded 2 times (x 66B)
Class com.intellij.openapi.externalSystem.model.project.dependencies.ProjectDependencies: loaded 2 times (x 66B)
Class com.google.common.util.concurrent.AbstractFuture$Cancellation                   : loaded 2 times (x 68B)
Class com.google.common.collect.ImmutableMap$Builder                                  : loaded 2 times (x 78B)
Class com.google.common.base.NullnessCasts                                            : loaded 2 times (x 67B)
Class com.google.common.cache.RemovalListener                                         : loaded 2 times (x 66B)
Class org.gradle.tooling.internal.gradle.GradleProjectIdentity                        : loaded 2 times (x 66B)
Class org.gradle.api.internal.DefaultClassPathRegistry                                : loaded 2 times (x 72B)
Class com.google.common.primitives.IntsMethodsForWeb                                  : loaded 2 times (x 67B)
Class com.google.common.collect.Multimap                                              : loaded 2 times (x 66B)
Class org.gradle.api.internal.ClassPathRegistry                                       : loaded 2 times (x 66B)
Class org.gradle.internal.classpath.DefaultClassPath$ImmutableUniqueList              : loaded 2 times (x 195B)
Class com.google.common.cache.CacheBuilder                                            : loaded 2 times (x 68B)
Class com.google.common.collect.SingletonImmutableList                                : loaded 2 times (x 203B)
Class [Lorg.objectweb.asm.Type;                                                       : loaded 2 times (x 65B)
Class Settings_gradle$1                                                               : loaded 2 times (x 70B)
Class org.gradle.internal.classpath.ClassPath                                         : loaded 2 times (x 66B)
Class org.gradle.api.UncheckedIOException                                             : loaded 2 times (x 78B)
Class com.google.common.collect.ImmutableList$ReverseImmutableList                    : loaded 2 times (x 204B)
Class com.google.common.base.JdkPattern                                               : loaded 2 times (x 71B)
Class org.objectweb.asm.SymbolTable$Entry                                             : loaded 2 times (x 70B)
Class com.google.common.util.concurrent.AbstractFuture$AtomicHelper                   : loaded 2 times (x 74B)
Class org.jetbrains.kotlin.idea.gradleTooling.KotlinGradleModel                       : loaded 2 times (x 66B)
Class org.objectweb.asm.Edge                                                          : loaded 2 times (x 68B)
Class com.google.common.base.Suppliers$SupplierOfInstance                             : loaded 2 times (x 75B)
Class com.google.common.collect.Iterators$1                                           : loaded 2 times (x 77B)
Class org.gradle.tooling.model.Model                                                  : loaded 2 times (x 66B)
Class com.google.common.cache.LocalCache$ComputingValueReference                      : loaded 2 times (x 92B)
Class com.google.common.collect.SingletonImmutableSet                                 : loaded 2 times (x 142B)
Class com.google.common.collect.ImmutableMap$IteratorBasedImmutableMap                : loaded 2 times (x 121B)
Class kotlin.UninitializedPropertyAccessException                                     : loaded 2 times (x 78B)
Class com.google.common.cache.LocalCache$Segment                                      : loaded 2 times (x 150B)
Class org.jetbrains.plugins.gradle.model.IntelliJProjectSettings                      : loaded 2 times (x 66B)
Class [Lorg.objectweb.asm.SymbolTable$Entry;                                          : loaded 2 times (x 65B)
Class com.google.common.cache.CacheLoader                                             : loaded 2 times (x 70B)
Class com.google.common.collect.Iterators$4                                           : loaded 2 times (x 78B)
Class com.google.common.collect.ImmutableBiMap                                        : loaded 2 times (x 139B)
Class com.google.common.collect.AbstractListMultimap                                  : loaded 2 times (x 168B)
Class org.gradle.internal.installation.GradleInstallation$1                           : loaded 2 times (x 71B)
Class org.gradle.api.internal.classpath.ModuleRegistry                                : loaded 2 times (x 66B)
Class com.google.common.util.concurrent.internal.InternalFutureFailureAccess          : loaded 2 times (x 68B)
Class com.google.common.collect.Iterators$5                                           : loaded 2 times (x 78B)
Class com.google.common.collect.ImmutableSet$JdkBackedSetBuilderImpl                  : loaded 2 times (x 72B)
Class com.google.common.base.Splitter$SplittingIterator                               : loaded 2 times (x 80B)
Class org.jetbrains.plugins.gradle.model.VersionCatalogsModel                         : loaded 2 times (x 66B)
Class com.google.common.util.concurrent.AbstractFuture$UnsafeAtomicHelper             : loaded 2 times (x 74B)
Class com.google.common.cache.LocalCache$LocalManualCache$1                           : loaded 2 times (x 71B)
Class com.google.common.base.CharMatcher$ForPredicate                                 : loaded 2 times (x 108B)
Class com.google.common.collect.ImmutableCollection                                   : loaded 2 times (x 121B)
Class com.google.common.base.CharMatcher$AnyOf                                        : loaded 2 times (x 108B)
Class org.gradle.api.internal.classpath.DefaultModuleRegistry                         : loaded 2 times (x 79B)
Class com.google.common.util.concurrent.ListenableFuture                              : loaded 2 times (x 66B)
Class com.google.common.cache.ReferenceEntry                                          : loaded 2 times (x 66B)
Class com.google.common.collect.ImmutableSet$CachingAsList                            : loaded 2 times (x 143B)
Class com.google.common.base.Converter                                                : loaded 2 times (x 86B)
Class com.google.common.collect.Lists                                                 : loaded 2 times (x 67B)
Class com.google.common.base.CharMatcher$Any                                          : loaded 2 times (x 108B)
Class com.google.common.util.concurrent.AbstractFuture                                : loaded 2 times (x 102B)
Class com.google.common.base.FunctionalEquivalence                                    : loaded 2 times (x 79B)
Class com.google.common.collect.Iterators$9                                           : loaded 2 times (x 77B)
Class com.google.common.collect.AbstractMapBasedMultimap                              : loaded 2 times (x 135B)
Class com.google.common.collect.ImmutableAsList                                       : loaded 2 times (x 205B)
Class org.objectweb.asm.RecordComponentVisitor                                        : loaded 2 times (x 73B)
Class com.google.common.cache.CacheLoader$SupplierToCacheLoader                       : loaded 2 times (x 71B)
Class com.google.common.collect.Maps$EntryTransformer                                 : loaded 2 times (x 66B)
Class org.gradle.internal.time.MonotonicClock                                         : loaded 2 times (x 73B)
Class org.gradle.internal.service.ServiceLookupException                              : loaded 2 times (x 78B)
Class [Lcom.google.common.cache.LocalCache$EntryFactory;                              : loaded 2 times (x 65B)
Class com.google.common.base.CharMatcher$JavaLetter                                   : loaded 2 times (x 107B)
Class org.gradle.internal.classloader.ClassLoaderFactory                              : loaded 2 times (x 66B)
Class com.google.common.cache.LocalCache$LocalManualCache                             : loaded 2 times (x 95B)
Class com.google.common.base.CharMatcher$IsNot                                        : loaded 2 times (x 107B)
Class com.google.common.base.CommonPattern                                            : loaded 2 times (x 70B)
Class org.gradle.internal.service.CachingServiceLocator                               : loaded 2 times (x 78B)
Class com.google.common.math.IntMath                                                  : loaded 2 times (x 67B)
Class org.jetbrains.plugins.gradle.model.RepositoryModels                             : loaded 2 times (x 66B)
Class com.google.common.collect.Iterators$10                                          : loaded 2 times (x 77B)
Class com.google.common.collect.ImmutableMapEntry                                     : loaded 2 times (x 81B)
Class com.google.common.base.CharMatcher$JavaDigit                                    : loaded 2 times (x 107B)
Class org.gradle.internal.time.TimeSource                                             : loaded 2 times (x 66B)
Class com.google.common.base.Equivalence                                              : loaded 2 times (x 78B)
Class com.google.common.collect.ImmutableMapEntry$NonTerminalImmutableMapEntry        : loaded 2 times (x 81B)
Class com.google.common.base.Function                                                 : loaded 2 times (x 66B)
Class org.gradle.tooling.internal.gradle.GradleBuildIdentity                          : loaded 2 times (x 66B)
Class kotlin.enums.EnumEntries                                                        : loaded 2 times (x 66B)
Class com.google.common.cache.CacheBuilder$OneWeigher                                 : loaded 2 times (x 78B)
Class com.google.common.collect.RegularImmutableList                                  : loaded 2 times (x 208B)
Class org.gradle.internal.exceptions.ResolutionProvider                               : loaded 2 times (x 66B)
Class com.google.common.collect.ImmutableBiMapFauxverideShim                          : loaded 2 times (x 116B)
Class org.gradle.tooling.model.ProjectIdentifier                                      : loaded 2 times (x 66B)
Class org.gradle.internal.classloader.ClasspathUtil                                   : loaded 2 times (x 67B)
Class org.jetbrains.kotlin.tooling.core.HasExtras                                     : loaded 2 times (x 66B)
Class com.google.common.base.Charsets                                                 : loaded 2 times (x 67B)
Class com.google.common.util.concurrent.Uninterruptibles                              : loaded 2 times (x 67B)
Class com.google.common.collect.Maps                                                  : loaded 2 times (x 67B)
Class com.google.common.base.CharMatcher$JavaUpperCase                                : loaded 2 times (x 107B)
Class org.gradle.internal.time.TimeSource$1                                           : loaded 2 times (x 73B)
Class kotlin.jvm.internal.DefaultConstructorMarker                                    : loaded 2 times (x 67B)
Class org.gradle.api.specs.Spec                                                       : loaded 2 times (x 66B)
Class [Lcom.google.common.collect.ImmutableEntry;                                     : loaded 2 times (x 65B)
Class com.google.common.cache.LocalCache$LoadingValueReference                        : loaded 2 times (x 92B)
Class com.google.common.base.Platform                                                 : loaded 2 times (x 67B)
Class Build_gradle$1                                                                  : loaded 2 times (x 74B)
Class org.gradle.internal.time.Clock                                                  : loaded 2 times (x 66B)
Class com.google.common.primitives.Ints$IntConverter                                  : loaded 2 times (x 86B)
Class com.google.common.collect.Maps$8                                                : loaded 2 times (x 78B)
Class kotlin.collections.AbstractList                                                 : loaded 2 times (x 193B)
Class kotlin.collections.AbstractCollection                                           : loaded 2 times (x 113B)
Class org.jetbrains.kotlin.tooling.core.Extras                                        : loaded 2 times (x 66B)
Class com.google.common.collect.Sets$SetView                                          : loaded 2 times (x 134B)
Class com.google.common.cache.LocalCache$StrongValueReference                         : loaded 2 times (x 86B)
Class com.google.common.util.concurrent.AbstractFuture$SynchronizedHelper             : loaded 2 times (x 74B)
Class com.google.common.base.CharMatcher$Invisible                                    : loaded 2 times (x 108B)
Class org.objectweb.asm.Type                                                          : loaded 2 times (x 68B)
Class org.gradle.internal.classloader.VisitableURLClassLoader$InstrumentingVisitableURLClassLoader: loaded 2 times (x 119B)
Class org.objectweb.asm.ByteVector                                                    : loaded 2 times (x 75B)
Class [Lcom.google.common.cache.CacheBuilder$NullListener;                            : loaded 2 times (x 65B)
Class com.google.common.math.IntMath$1                                                : loaded 2 times (x 67B)
Class org.gradle.internal.classloader.VisitableURLClassLoader$Spec                    : loaded 2 times (x 70B)
Class org.gradle.internal.classpath.DefaultClassPath                                  : loaded 2 times (x 86B)
Class org.objectweb.asm.Symbol                                                        : loaded 2 times (x 69B)
Class com.google.common.base.AbstractIterator                                         : loaded 2 times (x 76B)
Class com.google.common.collect.RegularImmutableMap$Values                            : loaded 2 times (x 203B)
Class com.google.common.collect.ImmutableSet                                          : loaded 2 times (x 141B)
Class com.google.common.base.CharMatcher$BitSetMatcher                                : loaded 2 times (x 108B)
Class com.google.common.base.CharMatcher$Ascii                                        : loaded 2 times (x 108B)
Class org.gradle.internal.classloader.ClassLoaderSpec                                 : loaded 2 times (x 67B)
Class org.objectweb.asm.AnnotationWriter                                              : loaded 2 times (x 75B)
Class com.google.common.cache.CacheStats                                              : loaded 2 times (x 67B)
Class org.objectweb.asm.RecordComponentWriter                                         : loaded 2 times (x 74B)
Class com.google.common.util.concurrent.AbstractFuture$Listener                       : loaded 2 times (x 68B)
Class com.google.common.base.CharMatcher$Or                                           : loaded 2 times (x 108B)
Class Settings_gradle$1$1                                                             : loaded 2 times (x 70B)
Class kotlin.Unit                                                                     : loaded 2 times (x 67B)
Class org.objectweb.asm.Attribute                                                     : loaded 2 times (x 73B)
Class com.google.common.base.Supplier                                                 : loaded 2 times (x 66B)
Class org.gradle.internal.classloader.VisitableURLClassLoader                         : loaded 2 times (x 113B)
Class com.google.common.util.concurrent.AbstractFuture$Waiter                         : loaded 2 times (x 68B)
Class Settings_gradle                                                                 : loaded 2 times (x 124B)
Class org.gradle.internal.Cast                                                        : loaded 2 times (x 67B)
Class org.gradle.api.Action                                                           : loaded 2 times (x 66B)
Class com.google.common.collect.Sets                                                  : loaded 2 times (x 67B)
Class org.objectweb.asm.Handler                                                       : loaded 2 times (x 68B)
Class com.google.common.base.Ticker                                                   : loaded 2 times (x 68B)
Class com.google.common.base.Strings                                                  : loaded 2 times (x 67B)
Class com.google.common.base.CharMatcher$FastMatcher                                  : loaded 2 times (x 107B)
Class kotlin.jvm.functions.Function1                                                  : loaded 2 times (x 66B)
Class org.gradle.internal.agents.InstrumentingClassLoader                             : loaded 2 times (x 66B)
Class [Lcom.google.common.cache.LocalCache$Segment;                                   : loaded 2 times (x 65B)
Class [Lcom.google.common.cache.LocalCache$Strength;                                  : loaded 2 times (x 65B)
Class com.google.common.cache.CacheBuilder$1                                          : loaded 2 times (x 81B)
Class com.google.common.collect.ImmutableMap                                          : loaded 2 times (x 116B)
Class com.google.common.base.Predicate                                                : loaded 2 times (x 66B)
Class org.gradle.internal.classpath.DefaultClassPath$ImmutableUniqueList$Builder      : loaded 2 times (x 71B)
Class com.google.common.cache.LocalCache                                              : loaded 2 times (x 183B)
Class com.google.common.cache.CacheBuilder$2                                          : loaded 2 times (x 68B)
Class com.google.common.base.CharMatcher$NegatedFastMatcher                           : loaded 2 times (x 109B)
Class [Lcom.google.common.collect.AbstractMapEntry;                                   : loaded 2 times (x 65B)
Class com.google.common.collect.ImmutableEntry                                        : loaded 2 times (x 78B)
Class com.google.common.collect.ArrayListMultimap                                     : loaded 2 times (x 168B)
Class com.google.common.base.AbstractIterator$1                                       : loaded 2 times (x 67B)
Class com.google.common.base.CharMatcher$Digit                                        : loaded 2 times (x 108B)
Class com.google.common.base.PairwiseEquivalence                                      : loaded 2 times (x 79B)
Class org.gradle.internal.exceptions.NonGradleCauseExceptionsHolder                   : loaded 2 times (x 66B)
Class com.google.common.collect.CollectPreconditions                                  : loaded 2 times (x 67B)
Class com.google.common.base.CharMatcher$JavaIsoControl                               : loaded 2 times (x 108B)
Class com.google.common.collect.SortedMapDifference                                   : loaded 2 times (x 66B)
Class com.google.common.base.CharMatcher$JavaLowerCase                                : loaded 2 times (x 107B)
Class org.jetbrains.plugins.gradle.tooling.ModelBuilderService$Parameter              : loaded 2 times (x 66B)
Class com.google.common.cache.LocalCache$EntryFactory                                 : loaded 2 times (x 79B)
Class org.jetbrains.kotlin.tooling.core.HasMutableExtras                              : loaded 2 times (x 66B)
Class com.google.common.cache.LocalCache$AbstractReferenceEntry                       : loaded 2 times (x 103B)
Class com.google.common.base.Splitter$1$1                                             : loaded 2 times (x 82B)
Class com.google.common.base.CharMatcher$Whitespace                                   : loaded 2 times (x 108B)
Class sync_studio_tooling6_3hr6sprnvmn9o35qpzui5948c                                  : loaded 2 times (x 175B)
Class kotlin.enums.EnumEntriesKt                                                      : loaded 2 times (x 67B)
Class org.gradle.internal.IoActions                                                   : loaded 2 times (x 67B)
Class org.objectweb.asm.SymbolTable                                                   : loaded 2 times (x 68B)
Class com.google.common.cache.CacheLoader$InvalidCacheLoadException                   : loaded 2 times (x 78B)
Class com.google.common.collect.ImmutableSet$RegularSetBuilderImpl                    : loaded 2 times (x 73B)
Class com.google.common.base.CharMatcher$SingleWidth                                  : loaded 2 times (x 108B)
Class org.gradle.internal.classloader.SystemClassLoaderSpec                           : loaded 2 times (x 67B)
Class com.google.common.cache.LocalCache$StrongEntry                                  : loaded 2 times (x 104B)
Class com.google.common.util.concurrent.AbstractFuture$TrustedFuture                  : loaded 2 times (x 110B)
Class com.google.common.cache.LoadingCache                                            : loaded 2 times (x 66B)
Class org.gradle.internal.exceptions.MultiCauseException                              : loaded 2 times (x 66B)
Class org.gradle.internal.time.CountdownTimer                                         : loaded 2 times (x 66B)
Class kotlin.jvm.internal.Intrinsics                                                  : loaded 2 times (x 67B)
Class org.objectweb.asm.MethodWriter                                                  : loaded 2 times (x 102B)
Class [Lcom.google.common.cache.Weigher;                                              : loaded 2 times (x 65B)
Class com.google.common.collect.RegularImmutableMap$BucketOverflowException           : loaded 2 times (x 78B)
Class org.gradle.tooling.model.ProjectModel                                           : loaded 2 times (x 66B)
Class kotlin.KotlinNullPointerException                                               : loaded 2 times (x 79B)
Class com.google.common.collect.RegularImmutableBiMap                                 : loaded 2 times (x 144B)
Class com.google.common.cache.LocalCache$ValueReference                               : loaded 2 times (x 66B)
Class com.google.common.base.CharMatcher$Negated                                      : loaded 2 times (x 109B)
Class com.google.common.base.CharMatcher$Is                                           : loaded 2 times (x 107B)
Class org.jetbrains.plugins.gradle.model.tests.ExternalTestsModel                     : loaded 2 times (x 66B)
Class org.gradle.internal.exceptions.DefaultMultiCauseException                       : loaded 2 times (x 91B)
Class com.google.common.util.concurrent.AbstractFuture$Failure                        : loaded 2 times (x 68B)
Class com.google.common.base.Equivalence$Equals                                       : loaded 2 times (x 78B)
Class com.google.common.collect.Hashing                                               : loaded 2 times (x 67B)
Class com.google.common.base.PatternCompiler                                          : loaded 2 times (x 66B)
Class com.google.common.base.Preconditions                                            : loaded 2 times (x 67B)
Class com.google.common.base.Joiner$1                                                 : loaded 2 times (x 76B)
Class org.objectweb.asm.Label                                                         : loaded 2 times (x 69B)
Class org.objectweb.asm.CurrentFrame                                                  : loaded 2 times (x 69B)
Class org.objectweb.asm.ClassTooLargeException                                        : loaded 2 times (x 79B)
Class com.google.common.collect.PeekingIterator                                       : loaded 2 times (x 66B)
Class com.google.common.base.CharMatcher                                              : loaded 2 times (x 107B)
Class org.gradle.internal.time.Time                                                   : loaded 2 times (x 67B)
Class com.google.common.base.Joiner$2                                                 : loaded 2 times (x 75B)
Class org.objectweb.asm.Frame                                                         : loaded 2 times (x 69B)
Class org.objectweb.asm.MethodVisitor                                                 : loaded 2 times (x 101B)
Class com.google.common.cache.LocalCache$EntryFactory$1                               : loaded 2 times (x 79B)
Class [Lcom.google.common.cache.RemovalListener;                                      : loaded 2 times (x 65B)
Class com.google.common.base.CharMatcher$1                                            : loaded 2 times (x 109B)
Class com.google.common.base.CharMatcher$NamedFastMatcher                             : loaded 2 times (x 108B)
Class com.google.common.cache.LocalCache$EntryFactory$2                               : loaded 2 times (x 79B)
Class org.jetbrains.plugins.gradle.model.DependencyAccessorsModel                     : loaded 2 times (x 66B)
Class org.objectweb.asm.ModuleWriter                                                  : loaded 2 times (x 78B)
Class com.google.common.cache.LocalCache$EntryFactory$3                               : loaded 2 times (x 79B)
Class com.google.common.base.Ticker$1                                                 : loaded 2 times (x 68B)
Class com.google.common.collect.ImmutableMapEntrySet$RegularEntrySet                  : loaded 2 times (x 147B)
Class com.google.common.collect.Maps$BiMapConverter                                   : loaded 2 times (x 86B)
Class org.jetbrains.kotlin.idea.gradleTooling.KotlinMPPGradleModel                    : loaded 2 times (x 66B)
Class org.gradle.tooling.model.BuildIdentifier                                        : loaded 2 times (x 66B)
Class com.google.common.cache.LocalCache$EntryFactory$4                               : loaded 2 times (x 79B)
Class com.google.common.collect.ImmutableSet$Builder                                  : loaded 2 times (x 81B)
Class com.google.common.base.CharMatcher$InRange                                      : loaded 2 times (x 107B)
Class org.jetbrains.kotlin.idea.gradleTooling.PrepareKotlinIdeImportTaskModel         : loaded 2 times (x 66B)
Class com.google.common.cache.LocalCache$EntryFactory$5                               : loaded 2 times (x 79B)
Class com.google.common.cache.LocalCache$EntryFactory$6                               : loaded 2 times (x 79B)
Class Build_gradle                                                                    : loaded 2 times (x 68B)
Class org.gradle.internal.time.Timer                                                  : loaded 2 times (x 66B)
Class kotlin.jvm.internal.markers.KMappedMarker                                       : loaded 2 times (x 66B)
Class org.gradle.internal.installation.CurrentGradleInstallationLocator               : loaded 2 times (x 67B)
Class com.google.common.cache.LocalCache$EntryFactory$7                               : loaded 2 times (x 79B)
Class com.google.common.collect.ImmutableSet$EmptySetBuilderImpl                      : loaded 2 times (x 72B)
Class com.google.common.collect.ImmutableList                                         : loaded 2 times (x 202B)
Class org.gradle.internal.service.DefaultServiceLocator                               : loaded 2 times (x 79B)
Class com.google.common.cache.LocalCache$EntryFactory$8                               : loaded 2 times (x 79B)
Class com.google.common.collect.ImmutableSet$SetBuilderImpl                           : loaded 2 times (x 72B)
Class org.gradle.util.GradleVersion                                                   : loaded 2 times (x 79B)
Class org.gradle.internal.installation.CurrentGradleInstallation                      : loaded 2 times (x 69B)
Class com.google.common.cache.CacheLoader$1                                           : loaded 2 times (x 71B)
Class com.google.common.collect.ImmutableList$SubList                                 : loaded 2 times (x 204B)
Class org.jetbrains.plugins.gradle.javaModel.JavaGradleManifestModel                  : loaded 2 times (x 66B)
Class org.gradle.util.internal.GUtil                                                  : loaded 2 times (x 67B)
Class com.google.common.util.concurrent.AbstractFuture$SetFuture                      : loaded 2 times (x 71B)
Class com.google.common.cache.AbstractCache$StatsCounter                              : loaded 2 times (x 66B)
Class com.google.common.collect.Iterators$MergingIterator                             : loaded 2 times (x 77B)
Class com.google.common.collect.RegularImmutableSet                                   : loaded 2 times (x 144B)
Class org.gradle.internal.installation.GradleInstallation                             : loaded 2 times (x 71B)
Class com.google.common.collect.Iterables                                             : loaded 2 times (x 67B)
Class com.google.common.base.Splitter$Strategy                                        : loaded 2 times (x 66B)

---------------  S Y S T E M  ---------------

OS:
 Windows 11 , 64 bit Build 26100 (10.0.26100.7309)
OS uptime: 1 days 13:19 hours
Hyper-V role detected

CPU: total 12 (initial active 12) (6 cores per cpu, 2 threads per core) family 6 model 141 stepping 1 microcode 0x52, cx8, cmov, fxsr, ht, mmx, 3dnowpref, sse, sse2, sse3, ssse3, sse4.1, sse4.2, popcnt, lzcnt, tsc, tscinvbit, avx, avx2, aes, erms, clmul, bmi1, bmi2, adx, avx512f, avx512dq, avx512cd, avx512bw, avx512vl, sha, fma, vzeroupper, avx512_vpopcntdq, avx512_vpclmulqdq, avx512_vaes, avx512_vnni, clflush, clflushopt, clwb, avx512_vbmi2, avx512_vbmi, hv, rdtscp, rdpid, fsrm, gfni, avx512_bitalg, f16c, cet_ibt, cet_ss, avx512_ifma
Processor Information for the first 12 processors :
  Max Mhz: 2688, Current Mhz: 2688, Mhz Limit: 2688

Memory: 4k page, system-wide physical 11925M (762M free)
TotalPageFile size 42322M (AvailPageFile size 3M)
current process WorkingSet (physical memory assigned to process): 521M, peak: 521M
current process commit charge ("private bytes"): 561M, peak: 563M

vm_info: OpenJDK 64-Bit Server VM (21.0.6+-13368085-b895.109) for windows-amd64 JRE (21.0.6+-13368085-b895.109), built on 2025-04-16T17:01:31Z by "builder" with MS VC++ 16.10 / 16.11 (VS2019)

END.
