#
# There is insufficient memory for the Java Runtime Environment to continue.
# Native memory allocation (mmap) failed to map 298844160 bytes. Error detail: G1 virtual space
# Possible reasons:
#   The system is out of physical RAM or swap space
#   This process is running with CompressedOops enabled, and the Java Heap may be blocking the growth of the native heap
# Possible solutions:
#   Reduce memory load on the system
#   Increase physical memory or swap space
#   Check if swap backing store is full
#   Decrease Java heap size (-Xmx/-Xms)
#   Decrease number of Java threads
#   Decrease Java thread stack sizes (-Xss)
#   Set larger code cache with -XX:ReservedCodeCacheSize=
#   JVM is running with Unscaled Compressed Oops mode in which the Java heap is
#     placed in the first 4GB address space. The Java Heap base address is the
#     maximum limit for the native heap growth. Please use -XX:HeapBaseMinAddress
#     to set the Java Heap base and to place the Java Heap above 4GB virtual address.
# This output file may be truncated or incomplete.
#
#  Out of Memory Error (os_windows.cpp:3898), pid=24672, tid=1548
#
# JRE version: OpenJDK Runtime Environment (21.0.6) (build 21.0.6+-13368085-b895.109)
# Java VM: OpenJDK 64-Bit Server VM (21.0.6+-13368085-b895.109, mixed mode, tiered, compressed oops, compressed class ptrs, g1 gc, windows-amd64)
# No core dump will be written. Minidumps are not enabled by default on client versions of Windows
#

---------------  S U M M A R Y ------------

Command Line: --add-opens=java.base/java.util=ALL-UNNAMED --add-opens=java.base/java.lang=ALL-UNNAMED --add-opens=java.base/java.lang.invoke=ALL-UNNAMED --add-opens=java.prefs/java.util.prefs=ALL-UNNAMED --add-exports=jdk.compiler/com.sun.tools.javac.api=ALL-UNNAMED --add-exports=jdk.compiler/com.sun.tools.javac.util=ALL-UNNAMED --add-opens=java.base/java.nio.charset=ALL-UNNAMED --add-opens=java.base/java.net=ALL-UNNAMED --add-opens=java.base/java.util.concurrent.atomic=ALL-UNNAMED -Xmx2048m -Dfile.encoding=UTF-8 -Duser.country=US -Duser.language=en -Duser.variant -javaagent:C:\Users\xXx\.gradle\wrapper\dists\gradle-8.9-bin\90cnw93cvbtalezasaz0blq0a\gradle-8.9\lib\agents\gradle-instrumentation-agent-8.9.jar org.gradle.launcher.daemon.bootstrap.GradleDaemon 8.9

Host: 11th Gen Intel(R) Core(TM) i5-11400H @ 2.70GHz, 12 cores, 11G,  Windows 11 , 64 bit Build 26100 (10.0.26100.7309)
Time: Wed Dec 17 19:38:20 2025 Turkey Standard Time elapsed time: 21.947491 seconds (0d 0h 0m 21s)

---------------  T H R E A D  ---------------

Current thread (0x000001b340aba3a0):  VMThread "VM Thread"          [id=1548, stack(0x0000001f6c700000,0x0000001f6c800000) (1024K)]

Stack: [0x0000001f6c700000,0x0000001f6c800000]
Native frames: (J=compiled Java code, j=interpreted, Vv=VM code, C=native code)
V  [jvm.dll+0x6d0639]
V  [jvm.dll+0x85eb03]
V  [jvm.dll+0x86105e]
V  [jvm.dll+0x861743]
V  [jvm.dll+0x27e6e6]
V  [jvm.dll+0x6ccfd5]
V  [jvm.dll+0x6c0a8a]
V  [jvm.dll+0x35537b]
V  [jvm.dll+0x35cfd6]
V  [jvm.dll+0x3aef86]
V  [jvm.dll+0x3af258]
V  [jvm.dll+0x327a2c]
V  [jvm.dll+0x327ab7]
V  [jvm.dll+0x36d93c]
V  [jvm.dll+0x36c0ee]
V  [jvm.dll+0x327181]
V  [jvm.dll+0x36b7f0]
V  [jvm.dll+0x8674c8]
V  [jvm.dll+0x868844]
V  [jvm.dll+0x868d80]
V  [jvm.dll+0x869013]
V  [jvm.dll+0x806ed8]
V  [jvm.dll+0x6cef0d]
C  [ucrtbase.dll+0x37b0]
C  [KERNEL32.DLL+0x2e8d7]
C  [ntdll.dll+0x8c53c]

VM_Operation (0x0000001f708f9b50): G1CollectForAllocation, mode: safepoint, requested by thread 0x000001b34b4fa2e0


---------------  P R O C E S S  ---------------

Threads class SMR info:
_java_thread_list=0x000001b35647a010, length=170, elements={
0x000001b326a85f40, 0x000001b340adb050, 0x000001b340adbaa0, 0x000001b340b0e090,
0x000001b340b10af0, 0x000001b340b11540, 0x000001b340b2fcb0, 0x000001b340b30c50,
0x000001b340b3a300, 0x000001b340c47cc0, 0x000001b340e286a0, 0x000001b3468ee130,
0x000001b346329e60, 0x000001b346c3a670, 0x000001b346a239d0, 0x000001b346a24030,
0x000001b346a3e630, 0x000001b346a3ec90, 0x000001b346a43860, 0x000001b346e63700,
0x000001b346e61630, 0x000001b346e61cc0, 0x000001b346e63070, 0x000001b346e63d90,
0x000001b346e62350, 0x000001b346e64420, 0x000001b346e60fa0, 0x000001b346e629e0,
0x000001b348b39340, 0x000001b348b399d0, 0x000001b348b37270, 0x000001b348b38620,
0x000001b348b37900, 0x000001b348b37f90, 0x000001b348b38cb0, 0x000001b34b4f5ab0,
0x000001b34b4f2cc0, 0x000001b34b4f4d90, 0x000001b34b4f6140, 0x000001b34b4f67d0,
0x000001b34b4f39e0, 0x000001b34b4f4070, 0x000001b34b4f4700, 0x000001b34b4f5420,
0x000001b34b4f3350, 0x000001b34b4f95c0, 0x000001b34b4f9c50, 0x000001b34b4f8210,
0x000001b34b4f88a0, 0x000001b34b4f7b80, 0x000001b34b4f8f30, 0x000001b34b4f74f0,
0x000001b34b4fa2e0, 0x000001b34b4f6e60, 0x000001b34a3bb640, 0x000001b34a3bbcd0,
0x000001b34a3bc360, 0x000001b34a3ba920, 0x000001b34a3bc9f0, 0x000001b34a3bd710,
0x000001b34a3bd080, 0x000001b34a3bdda0, 0x000001b34a3be430, 0x000001b34a3bafb0,
0x000001b34a3beac0, 0x000001b34aee9240, 0x000001b34aee5dc0, 0x000001b34aeec6c0,
0x000001b34aeea5f0, 0x000001b34aee98d0, 0x000001b34aeeb9a0, 0x000001b34aee9f60,
0x000001b34aeeac80, 0x000001b34aeeb310, 0x000001b34aeec030, 0x000001b34a66de90,
0x000001b34a66e520, 0x000001b34a6705f0, 0x000001b34a670c80, 0x000001b34a671310,
0x000001b34a66f8d0, 0x000001b34a66ff60, 0x000001b34a6726c0, 0x000001b34a6754b0,
0x000001b34aee6450, 0x000001b356bb3710, 0x000001b356bb3080, 0x000001b356bb5e70,
0x000001b356bb5150, 0x000001b356bb6500, 0x000001b356bb57e0, 0x000001b356bb4ac0,
0x000001b356bb3da0, 0x000001b35719a660, 0x000001b357199940, 0x000001b3571992b0,
0x000001b357199fd0, 0x000001b357197870, 0x000001b3571971e0, 0x000001b35719acf0,
0x000001b35719b380, 0x000001b357197f00, 0x000001b35719ba10, 0x000001b357198590,
0x000001b35719c730, 0x000001b35719e800, 0x000001b35719dae0, 0x000001b35719ee90,
0x000001b35719cdc0, 0x000001b3571a08d0, 0x000001b35719fbb0, 0x000001b35719d450,
0x000001b3571a0f60, 0x000001b3571a0240, 0x000001b3571a15f0, 0x000001b35719e170,
0x000001b3571a4a70, 0x000001b3571a29a0, 0x000001b3571a36c0, 0x000001b3571a3030,
0x000001b3571a3d50, 0x000001b3571a1c80, 0x000001b3571a43e0, 0x000001b3571a5790,
0x000001b3571a2310, 0x000001b3571a5e20, 0x000001b3571a64b0, 0x000001b34d34da90,
0x000001b34d3501f0, 0x000001b34d3522c0, 0x000001b34d352950, 0x000001b34d352fe0,
0x000001b34d353d00, 0x000001b34d354390, 0x000001b34d354a20, 0x000001b34d351c30,
0x000001b34a672d50, 0x000001b34a6733e0, 0x000001b34a674100, 0x000001b34a673a70,
0x000001b34a674e20, 0x000001b34b533750, 0x000001b34b535190, 0x000001b356ff60a0,
0x000001b356ff5380, 0x000001b356b30ae0, 0x000001b356b32520, 0x000001b356b2f730,
0x000001b356b32bb0, 0x000001b356b31170, 0x000001b356b31800, 0x000001b356b33240,
0x000001b356b2fdc0, 0x000001b356b338d0, 0x000001b356b31e90, 0x000001b356b30450,
0x000001b356b366c0, 0x000001b356b33f60, 0x000001b356b34c80, 0x000001b356b345f0,
0x000001b356b36030, 0x000001b356b36d50, 0x000001b356b35310, 0x000001b356b359a0,
0x000001b357e797d0, 0x000001b357e7a4f0, 0x000001b357e79140, 0x000001b357e79e60,
0x000001b357e77070, 0x000001b357051c20
}

Java Threads: ( => current thread )
  0x000001b326a85f40 JavaThread "main"                              [_thread_blocked, id=22084, stack(0x0000001f6c000000,0x0000001f6c100000) (1024K)]
  0x000001b340adb050 JavaThread "Reference Handler"          daemon [_thread_blocked, id=3652, stack(0x0000001f6c800000,0x0000001f6c900000) (1024K)]
  0x000001b340adbaa0 JavaThread "Finalizer"                  daemon [_thread_blocked, id=8176, stack(0x0000001f6c900000,0x0000001f6ca00000) (1024K)]
  0x000001b340b0e090 JavaThread "Signal Dispatcher"          daemon [_thread_blocked, id=18560, stack(0x0000001f6ca00000,0x0000001f6cb00000) (1024K)]
  0x000001b340b10af0 JavaThread "Attach Listener"            daemon [_thread_blocked, id=21452, stack(0x0000001f6cb00000,0x0000001f6cc00000) (1024K)]
  0x000001b340b11540 JavaThread "Service Thread"             daemon [_thread_blocked, id=7504, stack(0x0000001f6cc00000,0x0000001f6cd00000) (1024K)]
  0x000001b340b2fcb0 JavaThread "Monitor Deflation Thread"   daemon [_thread_blocked, id=18188, stack(0x0000001f6cd00000,0x0000001f6ce00000) (1024K)]
  0x000001b340b30c50 JavaThread "C2 CompilerThread0"         daemon [_thread_blocked, id=6060, stack(0x0000001f6ce00000,0x0000001f6cf00000) (1024K)]
  0x000001b340b3a300 JavaThread "C1 CompilerThread0"         daemon [_thread_blocked, id=18752, stack(0x0000001f6cf00000,0x0000001f6d000000) (1024K)]
  0x000001b340c47cc0 JavaThread "Common-Cleaner"             daemon [_thread_blocked, id=2204, stack(0x0000001f6d000000,0x0000001f6d100000) (1024K)]
  0x000001b340e286a0 JavaThread "Notification Thread"        daemon [_thread_blocked, id=19572, stack(0x0000001f6d100000,0x0000001f6d200000) (1024K)]
  0x000001b3468ee130 JavaThread "Daemon health stats"               [_thread_blocked, id=24348, stack(0x0000001f6d800000,0x0000001f6d900000) (1024K)]
  0x000001b346329e60 JavaThread "Incoming local TCP Connector on port 53827"        [_thread_in_native, id=17288, stack(0x0000001f6d900000,0x0000001f6da00000) (1024K)]
  0x000001b346c3a670 JavaThread "Daemon periodic checks"            [_thread_blocked, id=19828, stack(0x0000001f6da00000,0x0000001f6db00000) (1024K)]
  0x000001b346a239d0 JavaThread "Daemon"                            [_thread_blocked, id=13584, stack(0x0000001f6db00000,0x0000001f6dc00000) (1024K)]
  0x000001b346a24030 JavaThread "Handler for socket connection from /127.0.0.1:53827 to /127.0.0.1:53828"        [_thread_in_native, id=4744, stack(0x0000001f6dc00000,0x0000001f6dd00000) (1024K)]
  0x000001b346a3e630 JavaThread "Cancel handler"                    [_thread_blocked, id=9660, stack(0x0000001f6dd00000,0x0000001f6de00000) (1024K)]
  0x000001b346a3ec90 JavaThread "Daemon worker"                     [_thread_blocked, id=10212, stack(0x0000001f6de00000,0x0000001f6df00000) (1024K)]
  0x000001b346a43860 JavaThread "Asynchronous log dispatcher for DefaultDaemonConnection: socket connection from /127.0.0.1:53827 to /127.0.0.1:53828"        [_thread_blocked, id=17088, stack(0x0000001f6df00000,0x0000001f6e000000) (1024K)]
  0x000001b346e63700 JavaThread "Stdin handler"                     [_thread_blocked, id=23284, stack(0x0000001f6e000000,0x0000001f6e100000) (1024K)]
  0x000001b346e61630 JavaThread "Daemon client event forwarder"        [_thread_blocked, id=23540, stack(0x0000001f6e100000,0x0000001f6e200000) (1024K)]
  0x000001b346e61cc0 JavaThread "Cache worker for journal cache (C:\Users\xXx\.gradle\caches\journal-1)"        [_thread_blocked, id=12020, stack(0x0000001f6e900000,0x0000001f6ea00000) (1024K)]
  0x000001b346e63070 JavaThread "File lock request listener"        [_thread_in_native, id=2324, stack(0x0000001f6ea00000,0x0000001f6eb00000) (1024K)]
  0x000001b346e63d90 JavaThread "Cache worker for file hash cache (C:\Users\xXx\.gradle\caches\8.9\fileHashes)"        [_thread_blocked, id=23120, stack(0x0000001f6eb00000,0x0000001f6ec00000) (1024K)]
  0x000001b346e62350 JavaThread "Cache worker for file hash cache (C:\Users\xXx\AndroidStudioProjects\Notepad-for-company-ComposeUI\.gradle\8.9\fileHashes)"        [_thread_blocked, id=25228, stack(0x0000001f6ec00000,0x0000001f6ed00000) (1024K)]
  0x000001b346e64420 JavaThread "Cache worker for Build Output Cleanup Cache (C:\Users\xXx\AndroidStudioProjects\Notepad-for-company-ComposeUI\.gradle\buildOutputCleanup)"        [_thread_blocked, id=6992, stack(0x0000001f6ed00000,0x0000001f6ee00000) (1024K)]
  0x000001b346e60fa0 JavaThread "File watcher server"        daemon [_thread_blocked, id=10280, stack(0x0000001f6ee00000,0x0000001f6ef00000) (1024K)]
  0x000001b346e629e0 JavaThread "File watcher consumer"      daemon [_thread_blocked, id=20592, stack(0x0000001f6ef00000,0x0000001f6f000000) (1024K)]
  0x000001b348b39340 JavaThread "Cache worker for checksums cache (C:\Users\xXx\AndroidStudioProjects\Notepad-for-company-ComposeUI\.gradle\8.9\checksums)"        [_thread_blocked, id=16868, stack(0x0000001f6f000000,0x0000001f6f100000) (1024K)]
  0x000001b348b399d0 JavaThread "Cache worker for file content cache (C:\Users\xXx\.gradle\caches\8.9\fileContent)"        [_thread_blocked, id=19584, stack(0x0000001f6f100000,0x0000001f6f200000) (1024K)]
  0x000001b348b37270 JavaThread "Cache worker for cache directory md-rule (C:\Users\xXx\.gradle\caches\8.9\md-rule)"        [_thread_blocked, id=17704, stack(0x0000001f6f200000,0x0000001f6f300000) (1024K)]
  0x000001b348b38620 JavaThread "Cache worker for cache directory md-supplier (C:\Users\xXx\.gradle\caches\8.9\md-supplier)"        [_thread_blocked, id=12092, stack(0x0000001f6f300000,0x0000001f6f400000) (1024K)]
  0x000001b348b37900 JavaThread "Unconstrained build operations"        [_thread_blocked, id=4908, stack(0x0000001f6f400000,0x0000001f6f500000) (1024K)]
  0x000001b348b37f90 JavaThread "Unconstrained build operations Thread 2"        [_thread_blocked, id=3112, stack(0x0000001f6f500000,0x0000001f6f600000) (1024K)]
  0x000001b348b38cb0 JavaThread "Unconstrained build operations Thread 3"        [_thread_blocked, id=24516, stack(0x0000001f6f600000,0x0000001f6f700000) (1024K)]
  0x000001b34b4f5ab0 JavaThread "Unconstrained build operations Thread 4"        [_thread_blocked, id=18840, stack(0x0000001f6f700000,0x0000001f6f800000) (1024K)]
  0x000001b34b4f2cc0 JavaThread "Unconstrained build operations Thread 5"        [_thread_blocked, id=10836, stack(0x0000001f6f800000,0x0000001f6f900000) (1024K)]
  0x000001b34b4f4d90 JavaThread "Unconstrained build operations Thread 6"        [_thread_blocked, id=20668, stack(0x0000001f6f900000,0x0000001f6fa00000) (1024K)]
  0x000001b34b4f6140 JavaThread "Unconstrained build operations Thread 7"        [_thread_blocked, id=18020, stack(0x0000001f6fa00000,0x0000001f6fb00000) (1024K)]
  0x000001b34b4f67d0 JavaThread "Unconstrained build operations Thread 8"        [_thread_blocked, id=11936, stack(0x0000001f6fb00000,0x0000001f6fc00000) (1024K)]
  0x000001b34b4f39e0 JavaThread "Unconstrained build operations Thread 9"        [_thread_blocked, id=23648, stack(0x0000001f6fc00000,0x0000001f6fd00000) (1024K)]
  0x000001b34b4f4070 JavaThread "Unconstrained build operations Thread 10"        [_thread_blocked, id=11376, stack(0x0000001f6fd00000,0x0000001f6fe00000) (1024K)]
  0x000001b34b4f4700 JavaThread "Unconstrained build operations Thread 11"        [_thread_blocked, id=18616, stack(0x0000001f6fe00000,0x0000001f6ff00000) (1024K)]
  0x000001b34b4f5420 JavaThread "Unconstrained build operations Thread 12"        [_thread_blocked, id=1908, stack(0x0000001f6ff00000,0x0000001f70000000) (1024K)]
  0x000001b34b4f3350 JavaThread "Unconstrained build operations Thread 13"        [_thread_blocked, id=11116, stack(0x0000001f70000000,0x0000001f70100000) (1024K)]
  0x000001b34b4f95c0 JavaThread "Unconstrained build operations Thread 14"        [_thread_blocked, id=6484, stack(0x0000001f70100000,0x0000001f70200000) (1024K)]
  0x000001b34b4f9c50 JavaThread "Unconstrained build operations Thread 15"        [_thread_blocked, id=19416, stack(0x0000001f70200000,0x0000001f70300000) (1024K)]
  0x000001b34b4f8210 JavaThread "Unconstrained build operations Thread 16"        [_thread_blocked, id=18128, stack(0x0000001f70300000,0x0000001f70400000) (1024K)]
  0x000001b34b4f88a0 JavaThread "Unconstrained build operations Thread 17"        [_thread_blocked, id=15640, stack(0x0000001f70400000,0x0000001f70500000) (1024K)]
  0x000001b34b4f7b80 JavaThread "Unconstrained build operations Thread 18"        [_thread_blocked, id=23512, stack(0x0000001f70500000,0x0000001f70600000) (1024K)]
  0x000001b34b4f8f30 JavaThread "Unconstrained build operations Thread 19"        [_thread_blocked, id=1540, stack(0x0000001f70600000,0x0000001f70700000) (1024K)]
  0x000001b34b4f74f0 JavaThread "Unconstrained build operations Thread 20"        [_thread_blocked, id=24028, stack(0x0000001f70700000,0x0000001f70800000) (1024K)]
  0x000001b34b4fa2e0 JavaThread "Unconstrained build operations Thread 21"        [_thread_blocked, id=908, stack(0x0000001f70800000,0x0000001f70900000) (1024K)]
  0x000001b34b4f6e60 JavaThread "Unconstrained build operations Thread 22"        [_thread_blocked, id=7100, stack(0x0000001f70900000,0x0000001f70a00000) (1024K)]
  0x000001b34a3bb640 JavaThread "Unconstrained build operations Thread 23"        [_thread_blocked, id=13508, stack(0x0000001f70a00000,0x0000001f70b00000) (1024K)]
  0x000001b34a3bbcd0 JavaThread "Unconstrained build operations Thread 24"        [_thread_blocked, id=3732, stack(0x0000001f70b00000,0x0000001f70c00000) (1024K)]
  0x000001b34a3bc360 JavaThread "Unconstrained build operations Thread 25"        [_thread_blocked, id=25496, stack(0x0000001f70c00000,0x0000001f70d00000) (1024K)]
  0x000001b34a3ba920 JavaThread "Unconstrained build operations Thread 26"        [_thread_blocked, id=21052, stack(0x0000001f70d00000,0x0000001f70e00000) (1024K)]
  0x000001b34a3bc9f0 JavaThread "Unconstrained build operations Thread 27"        [_thread_blocked, id=24836, stack(0x0000001f70e00000,0x0000001f70f00000) (1024K)]
  0x000001b34a3bd710 JavaThread "Unconstrained build operations Thread 28"        [_thread_blocked, id=13220, stack(0x0000001f70f00000,0x0000001f71000000) (1024K)]
  0x000001b34a3bd080 JavaThread "Unconstrained build operations Thread 29"        [_thread_blocked, id=7784, stack(0x0000001f71000000,0x0000001f71100000) (1024K)]
  0x000001b34a3bdda0 JavaThread "Unconstrained build operations Thread 30"        [_thread_blocked, id=16064, stack(0x0000001f71100000,0x0000001f71200000) (1024K)]
  0x000001b34a3be430 JavaThread "Unconstrained build operations Thread 31"        [_thread_blocked, id=25108, stack(0x0000001f71200000,0x0000001f71300000) (1024K)]
  0x000001b34a3bafb0 JavaThread "Unconstrained build operations Thread 32"        [_thread_blocked, id=21552, stack(0x0000001f71300000,0x0000001f71400000) (1024K)]
  0x000001b34a3beac0 JavaThread "Unconstrained build operations Thread 33"        [_thread_blocked, id=2600, stack(0x0000001f71400000,0x0000001f71500000) (1024K)]
  0x000001b34aee9240 JavaThread "Unconstrained build operations Thread 34"        [_thread_blocked, id=12356, stack(0x0000001f6d300000,0x0000001f6d400000) (1024K)]
  0x000001b34aee5dc0 JavaThread "Unconstrained build operations Thread 35"        [_thread_blocked, id=18276, stack(0x0000001f71500000,0x0000001f71600000) (1024K)]
  0x000001b34aeec6c0 JavaThread "Unconstrained build operations Thread 36"        [_thread_blocked, id=19908, stack(0x0000001f71600000,0x0000001f71700000) (1024K)]
  0x000001b34aeea5f0 JavaThread "Unconstrained build operations Thread 37"        [_thread_blocked, id=13384, stack(0x0000001f71700000,0x0000001f71800000) (1024K)]
  0x000001b34aee98d0 JavaThread "Unconstrained build operations Thread 38"        [_thread_blocked, id=24472, stack(0x0000001f71800000,0x0000001f71900000) (1024K)]
  0x000001b34aeeb9a0 JavaThread "Unconstrained build operations Thread 39"        [_thread_blocked, id=21732, stack(0x0000001f71900000,0x0000001f71a00000) (1024K)]
  0x000001b34aee9f60 JavaThread "Unconstrained build operations Thread 40"        [_thread_blocked, id=8476, stack(0x0000001f71a00000,0x0000001f71b00000) (1024K)]
  0x000001b34aeeac80 JavaThread "Unconstrained build operations Thread 41"        [_thread_blocked, id=4556, stack(0x0000001f71b00000,0x0000001f71c00000) (1024K)]
  0x000001b34aeeb310 JavaThread "Unconstrained build operations Thread 42"        [_thread_blocked, id=3000, stack(0x0000001f71c00000,0x0000001f71d00000) (1024K)]
  0x000001b34aeec030 JavaThread "Unconstrained build operations Thread 43"        [_thread_blocked, id=21616, stack(0x0000001f71d00000,0x0000001f71e00000) (1024K)]
  0x000001b34a66de90 JavaThread "Unconstrained build operations Thread 44"        [_thread_blocked, id=20532, stack(0x0000001f71e00000,0x0000001f71f00000) (1024K)]
  0x000001b34a66e520 JavaThread "Unconstrained build operations Thread 45"        [_thread_blocked, id=24796, stack(0x0000001f71f00000,0x0000001f72000000) (1024K)]
  0x000001b34a6705f0 JavaThread "Unconstrained build operations Thread 46"        [_thread_blocked, id=24632, stack(0x0000001f72000000,0x0000001f72100000) (1024K)]
  0x000001b34a670c80 JavaThread "Unconstrained build operations Thread 47"        [_thread_blocked, id=16456, stack(0x0000001f72100000,0x0000001f72200000) (1024K)]
  0x000001b34a671310 JavaThread "Unconstrained build operations Thread 48"        [_thread_blocked, id=13752, stack(0x0000001f72200000,0x0000001f72300000) (1024K)]
  0x000001b34a66f8d0 JavaThread "Unconstrained build operations Thread 49"        [_thread_blocked, id=24600, stack(0x0000001f72300000,0x0000001f72400000) (1024K)]
  0x000001b34a66ff60 JavaThread "Unconstrained build operations Thread 50"        [_thread_blocked, id=12448, stack(0x0000001f72400000,0x0000001f72500000) (1024K)]
  0x000001b34a6726c0 JavaThread "build event listener"              [_thread_blocked, id=17060, stack(0x0000001f72500000,0x0000001f72600000) (1024K)]
  0x000001b34a6754b0 JavaThread "Memory manager"                    [_thread_blocked, id=18036, stack(0x0000001f6d200000,0x0000001f6d300000) (1024K)]
  0x000001b34aee6450 JavaThread "build event listener"              [_thread_blocked, id=6152, stack(0x0000001f72700000,0x0000001f72800000) (1024K)]
  0x000001b356bb3710 JavaThread "included builds"                   [_thread_blocked, id=12780, stack(0x0000001f72900000,0x0000001f72a00000) (1024K)]
  0x000001b356bb3080 JavaThread "Execution worker"                  [_thread_blocked, id=7500, stack(0x0000001f72a00000,0x0000001f72b00000) (1024K)]
  0x000001b356bb5e70 JavaThread "Execution worker Thread 2"         [_thread_blocked, id=13780, stack(0x0000001f72b00000,0x0000001f72c00000) (1024K)]
  0x000001b356bb5150 JavaThread "Execution worker Thread 3"         [_thread_blocked, id=20320, stack(0x0000001f72c00000,0x0000001f72d00000) (1024K)]
  0x000001b356bb6500 JavaThread "Execution worker Thread 4"         [_thread_blocked, id=1972, stack(0x0000001f72d00000,0x0000001f72e00000) (1024K)]
  0x000001b356bb57e0 JavaThread "Execution worker Thread 5"         [_thread_blocked, id=20568, stack(0x0000001f72e00000,0x0000001f72f00000) (1024K)]
  0x000001b356bb4ac0 JavaThread "Execution worker Thread 6"         [_thread_blocked, id=22044, stack(0x0000001f72f00000,0x0000001f73000000) (1024K)]
  0x000001b356bb3da0 JavaThread "Execution worker Thread 7"         [_thread_blocked, id=16752, stack(0x0000001f73000000,0x0000001f73100000) (1024K)]
  0x000001b35719a660 JavaThread "Execution worker Thread 8"         [_thread_blocked, id=12088, stack(0x0000001f73100000,0x0000001f73200000) (1024K)]
  0x000001b357199940 JavaThread "Execution worker Thread 9"         [_thread_blocked, id=19272, stack(0x0000001f73200000,0x0000001f73300000) (1024K)]
  0x000001b3571992b0 JavaThread "Execution worker Thread 10"        [_thread_blocked, id=20412, stack(0x0000001f73300000,0x0000001f73400000) (1024K)]
  0x000001b357199fd0 JavaThread "Execution worker Thread 11"        [_thread_blocked, id=24756, stack(0x0000001f73400000,0x0000001f73500000) (1024K)]
  0x000001b357197870 JavaThread "Cache worker for execution history cache (C:\Users\xXx\AndroidStudioProjects\Notepad-for-company-ComposeUI\.gradle\8.9\executionHistory)"        [_thread_blocked, id=19200, stack(0x0000001f73500000,0x0000001f73600000) (1024K)]
  0x000001b3571971e0 JavaThread "Unconstrained build operations Thread 51"        [_thread_blocked, id=19864, stack(0x0000001f73600000,0x0000001f73700000) (1024K)]
  0x000001b35719acf0 JavaThread "Unconstrained build operations Thread 52"        [_thread_blocked, id=12396, stack(0x0000001f73700000,0x0000001f73800000) (1024K)]
  0x000001b35719b380 JavaThread "Unconstrained build operations Thread 53"        [_thread_blocked, id=23436, stack(0x0000001f73800000,0x0000001f73900000) (1024K)]
  0x000001b357197f00 JavaThread "Unconstrained build operations Thread 54"        [_thread_blocked, id=25152, stack(0x0000001f73900000,0x0000001f73a00000) (1024K)]
  0x000001b35719ba10 JavaThread "Unconstrained build operations Thread 55"        [_thread_blocked, id=12672, stack(0x0000001f73a00000,0x0000001f73b00000) (1024K)]
  0x000001b357198590 JavaThread "Unconstrained build operations Thread 56"        [_thread_blocked, id=14332, stack(0x0000001f73b00000,0x0000001f73c00000) (1024K)]
  0x000001b35719c730 JavaThread "Unconstrained build operations Thread 57"        [_thread_blocked, id=7024, stack(0x0000001f73c00000,0x0000001f73d00000) (1024K)]
  0x000001b35719e800 JavaThread "Unconstrained build operations Thread 58"        [_thread_blocked, id=21212, stack(0x0000001f73d00000,0x0000001f73e00000) (1024K)]
  0x000001b35719dae0 JavaThread "Unconstrained build operations Thread 59"        [_thread_blocked, id=23872, stack(0x0000001f73e00000,0x0000001f73f00000) (1024K)]
  0x000001b35719ee90 JavaThread "Unconstrained build operations Thread 60"        [_thread_blocked, id=20872, stack(0x0000001f73f00000,0x0000001f74000000) (1024K)]
  0x000001b35719cdc0 JavaThread "Unconstrained build operations Thread 61"        [_thread_blocked, id=17656, stack(0x0000001f74000000,0x0000001f74100000) (1024K)]
  0x000001b3571a08d0 JavaThread "Unconstrained build operations Thread 62"        [_thread_blocked, id=22780, stack(0x0000001f74100000,0x0000001f74200000) (1024K)]
  0x000001b35719fbb0 JavaThread "Unconstrained build operations Thread 63"        [_thread_blocked, id=6968, stack(0x0000001f74200000,0x0000001f74300000) (1024K)]
  0x000001b35719d450 JavaThread "Unconstrained build operations Thread 64"        [_thread_blocked, id=20908, stack(0x0000001f74300000,0x0000001f74400000) (1024K)]
  0x000001b3571a0f60 JavaThread "Unconstrained build operations Thread 65"        [_thread_blocked, id=21844, stack(0x0000001f74400000,0x0000001f74500000) (1024K)]
  0x000001b3571a0240 JavaThread "Unconstrained build operations Thread 66"        [_thread_blocked, id=11132, stack(0x0000001f74500000,0x0000001f74600000) (1024K)]
  0x000001b3571a15f0 JavaThread "Unconstrained build operations Thread 67"        [_thread_blocked, id=5412, stack(0x0000001f74600000,0x0000001f74700000) (1024K)]
  0x000001b35719e170 JavaThread "Unconstrained build operations Thread 68"        [_thread_blocked, id=3136, stack(0x0000001f74700000,0x0000001f74800000) (1024K)]
  0x000001b3571a4a70 JavaThread "Unconstrained build operations Thread 69"        [_thread_blocked, id=17092, stack(0x0000001f74800000,0x0000001f74900000) (1024K)]
  0x000001b3571a29a0 JavaThread "Unconstrained build operations Thread 70"        [_thread_blocked, id=17500, stack(0x0000001f74900000,0x0000001f74a00000) (1024K)]
  0x000001b3571a36c0 JavaThread "Unconstrained build operations Thread 71"        [_thread_blocked, id=18040, stack(0x0000001f74a00000,0x0000001f74b00000) (1024K)]
  0x000001b3571a3030 JavaThread "Unconstrained build operations Thread 72"        [_thread_blocked, id=14172, stack(0x0000001f74b00000,0x0000001f74c00000) (1024K)]
  0x000001b3571a3d50 JavaThread "Unconstrained build operations Thread 73"        [_thread_blocked, id=13316, stack(0x0000001f74c00000,0x0000001f74d00000) (1024K)]
  0x000001b3571a1c80 JavaThread "Unconstrained build operations Thread 74"        [_thread_blocked, id=20896, stack(0x0000001f74d00000,0x0000001f74e00000) (1024K)]
  0x000001b3571a43e0 JavaThread "Unconstrained build operations Thread 75"        [_thread_blocked, id=17644, stack(0x0000001f74e00000,0x0000001f74f00000) (1024K)]
  0x000001b3571a5790 JavaThread "Unconstrained build operations Thread 76"        [_thread_blocked, id=19076, stack(0x0000001f74f00000,0x0000001f75000000) (1024K)]
  0x000001b3571a2310 JavaThread "Unconstrained build operations Thread 77"        [_thread_blocked, id=10340, stack(0x0000001f75000000,0x0000001f75100000) (1024K)]
  0x000001b3571a5e20 JavaThread "Unconstrained build operations Thread 78"        [_thread_blocked, id=16320, stack(0x0000001f75100000,0x0000001f75200000) (1024K)]
  0x000001b3571a64b0 JavaThread "Unconstrained build operations Thread 79"        [_thread_blocked, id=13084, stack(0x0000001f75200000,0x0000001f75300000) (1024K)]
  0x000001b34d34da90 JavaThread "Unconstrained build operations Thread 80"        [_thread_blocked, id=25476, stack(0x0000001f75300000,0x0000001f75400000) (1024K)]
  0x000001b34d3501f0 JavaThread "Unconstrained build operations Thread 81"        [_thread_blocked, id=25412, stack(0x0000001f75400000,0x0000001f75500000) (1024K)]
  0x000001b34d3522c0 JavaThread "Unconstrained build operations Thread 82"        [_thread_blocked, id=12348, stack(0x0000001f75500000,0x0000001f75600000) (1024K)]
  0x000001b34d352950 JavaThread "Unconstrained build operations Thread 83"        [_thread_blocked, id=24956, stack(0x0000001f75600000,0x0000001f75700000) (1024K)]
  0x000001b34d352fe0 JavaThread "Unconstrained build operations Thread 84"        [_thread_blocked, id=21088, stack(0x0000001f75700000,0x0000001f75800000) (1024K)]
  0x000001b34d353d00 JavaThread "Unconstrained build operations Thread 85"        [_thread_blocked, id=16008, stack(0x0000001f75800000,0x0000001f75900000) (1024K)]
  0x000001b34d354390 JavaThread "Unconstrained build operations Thread 86"        [_thread_blocked, id=17272, stack(0x0000001f75900000,0x0000001f75a00000) (1024K)]
  0x000001b34d354a20 JavaThread "Unconstrained build operations Thread 87"        [_thread_blocked, id=23420, stack(0x0000001f75a00000,0x0000001f75b00000) (1024K)]
  0x000001b34d351c30 JavaThread "Unconstrained build operations Thread 88"        [_thread_blocked, id=11100, stack(0x0000001f75b00000,0x0000001f75c00000) (1024K)]
  0x000001b34a672d50 JavaThread "Unconstrained build operations Thread 89"        [_thread_blocked, id=19444, stack(0x0000001f75c00000,0x0000001f75d00000) (1024K)]
  0x000001b34a6733e0 JavaThread "Unconstrained build operations Thread 90"        [_thread_blocked, id=10124, stack(0x0000001f75d00000,0x0000001f75e00000) (1024K)]
  0x000001b34a674100 JavaThread "Unconstrained build operations Thread 91"        [_thread_blocked, id=8160, stack(0x0000001f75e00000,0x0000001f75f00000) (1024K)]
  0x000001b34a673a70 JavaThread "Unconstrained build operations Thread 92"        [_thread_blocked, id=25260, stack(0x0000001f75f00000,0x0000001f76000000) (1024K)]
  0x000001b34a674e20 JavaThread "Unconstrained build operations Thread 93"        [_thread_blocked, id=6996, stack(0x0000001f76000000,0x0000001f76100000) (1024K)]
  0x000001b34b533750 JavaThread "Unconstrained build operations Thread 94"        [_thread_blocked, id=3604, stack(0x0000001f76100000,0x0000001f76200000) (1024K)]
  0x000001b34b535190 JavaThread "Unconstrained build operations Thread 95"        [_thread_blocked, id=17932, stack(0x0000001f76200000,0x0000001f76300000) (1024K)]
  0x000001b356ff60a0 JavaThread "WorkerExecutor Queue"              [_thread_blocked, id=1108, stack(0x0000001f76300000,0x0000001f76400000) (1024K)]
  0x000001b356ff5380 JavaThread "Unconstrained build operations Thread 96"        [_thread_blocked, id=25004, stack(0x0000001f76400000,0x0000001f76500000) (1024K)]
  0x000001b356b30ae0 JavaThread "Unconstrained build operations Thread 97"        [_thread_blocked, id=25336, stack(0x0000001f76500000,0x0000001f76600000) (1024K)]
  0x000001b356b32520 JavaThread "Unconstrained build operations Thread 98"        [_thread_blocked, id=23108, stack(0x0000001f76600000,0x0000001f76700000) (1024K)]
  0x000001b356b2f730 JavaThread "Unconstrained build operations Thread 99"        [_thread_blocked, id=4420, stack(0x0000001f76700000,0x0000001f76800000) (1024K)]
  0x000001b356b32bb0 JavaThread "Unconstrained build operations Thread 100"        [_thread_blocked, id=23204, stack(0x0000001f76800000,0x0000001f76900000) (1024K)]
  0x000001b356b31170 JavaThread "Unconstrained build operations Thread 101"        [_thread_blocked, id=24740, stack(0x0000001f76900000,0x0000001f76a00000) (1024K)]
  0x000001b356b31800 JavaThread "Unconstrained build operations Thread 102"        [_thread_blocked, id=23692, stack(0x0000001f76a00000,0x0000001f76b00000) (1024K)]
  0x000001b356b33240 JavaThread "Unconstrained build operations Thread 103"        [_thread_blocked, id=3120, stack(0x0000001f76b00000,0x0000001f76c00000) (1024K)]
  0x000001b356b2fdc0 JavaThread "Unconstrained build operations Thread 104"        [_thread_blocked, id=18964, stack(0x0000001f76c00000,0x0000001f76d00000) (1024K)]
  0x000001b356b338d0 JavaThread "Unconstrained build operations Thread 105"        [_thread_blocked, id=18944, stack(0x0000001f76d00000,0x0000001f76e00000) (1024K)]
  0x000001b356b31e90 JavaThread "Unconstrained build operations Thread 106"        [_thread_blocked, id=21112, stack(0x0000001f76e00000,0x0000001f76f00000) (1024K)]
  0x000001b356b30450 JavaThread "Unconstrained build operations Thread 107"        [_thread_blocked, id=10512, stack(0x0000001f76f00000,0x0000001f77000000) (1024K)]
  0x000001b356b366c0 JavaThread "Unconstrained build operations Thread 108"        [_thread_blocked, id=11952, stack(0x0000001f77000000,0x0000001f77100000) (1024K)]
  0x000001b356b33f60 JavaThread "Unconstrained build operations Thread 109"        [_thread_blocked, id=18444, stack(0x0000001f77100000,0x0000001f77200000) (1024K)]
  0x000001b356b34c80 JavaThread "Unconstrained build operations Thread 110"        [_thread_blocked, id=19016, stack(0x0000001f77200000,0x0000001f77300000) (1024K)]
  0x000001b356b345f0 JavaThread "Unconstrained build operations Thread 111"        [_thread_blocked, id=20584, stack(0x0000001f77300000,0x0000001f77400000) (1024K)]
  0x000001b356b36030 JavaThread "Unconstrained build operations Thread 112"        [_thread_blocked, id=21752, stack(0x0000001f77400000,0x0000001f77500000) (1024K)]
  0x000001b356b36d50 JavaThread "Unconstrained build operations Thread 113"        [_thread_blocked, id=7296, stack(0x0000001f77500000,0x0000001f77600000) (1024K)]
  0x000001b356b35310 JavaThread "Unconstrained build operations Thread 114"        [_thread_blocked, id=19104, stack(0x0000001f77600000,0x0000001f77700000) (1024K)]
  0x000001b356b359a0 JavaThread "Unconstrained build operations Thread 115"        [_thread_blocked, id=24768, stack(0x0000001f77700000,0x0000001f77800000) (1024K)]
  0x000001b357e797d0 JavaThread "Unconstrained build operations Thread 116"        [_thread_blocked, id=22536, stack(0x0000001f77800000,0x0000001f77900000) (1024K)]
  0x000001b357e7a4f0 JavaThread "Unconstrained build operations Thread 117"        [_thread_blocked, id=14564, stack(0x0000001f77900000,0x0000001f77a00000) (1024K)]
  0x000001b357e79140 JavaThread "Unconstrained build operations Thread 118"        [_thread_blocked, id=20572, stack(0x0000001f77a00000,0x0000001f77b00000) (1024K)]
  0x000001b357e79e60 JavaThread "Unconstrained build operations Thread 119"        [_thread_blocked, id=7396, stack(0x0000001f77b00000,0x0000001f77c00000) (1024K)]
  0x000001b357e77070 JavaThread "Unconstrained build operations Thread 120"        [_thread_blocked, id=17960, stack(0x0000001f77c00000,0x0000001f77d00000) (1024K)]
  0x000001b357051c20 JavaThread "C2 CompilerThread1"         daemon [_thread_blocked, id=22864, stack(0x0000001f72600000,0x0000001f72700000) (1024K)]
Total: 170

Other Threads:
=>0x000001b340aba3a0 VMThread "VM Thread"                           [id=1548, stack(0x0000001f6c700000,0x0000001f6c800000) (1024K)]
  0x000001b340900de0 WatcherThread "VM Periodic Task Thread"        [id=23256, stack(0x0000001f6c600000,0x0000001f6c700000) (1024K)]
  0x000001b326f75240 WorkerThread "GC Thread#0"                     [id=20900, stack(0x0000001f6c100000,0x0000001f6c200000) (1024K)]
  0x000001b34550f870 WorkerThread "GC Thread#1"                     [id=16004, stack(0x0000001f6d400000,0x0000001f6d500000) (1024K)]
  0x000001b34558b700 WorkerThread "GC Thread#2"                     [id=16236, stack(0x0000001f6d500000,0x0000001f6d600000) (1024K)]
  0x000001b34558baa0 WorkerThread "GC Thread#3"                     [id=17708, stack(0x0000001f6d600000,0x0000001f6d700000) (1024K)]
  0x000001b345c46cf0 WorkerThread "GC Thread#4"                     [id=14328, stack(0x0000001f6d700000,0x0000001f6d800000) (1024K)]
  0x000001b346c85580 WorkerThread "GC Thread#5"                     [id=22656, stack(0x0000001f6e200000,0x0000001f6e300000) (1024K)]
  0x000001b346e6de20 WorkerThread "GC Thread#6"                     [id=23828, stack(0x0000001f6e300000,0x0000001f6e400000) (1024K)]
  0x000001b346e6e1c0 WorkerThread "GC Thread#7"                     [id=6944, stack(0x0000001f6e400000,0x0000001f6e500000) (1024K)]
  0x000001b346e6e560 WorkerThread "GC Thread#8"                     [id=17508, stack(0x0000001f6e500000,0x0000001f6e600000) (1024K)]
  0x000001b346e6e900 WorkerThread "GC Thread#9"                     [id=9284, stack(0x0000001f6e600000,0x0000001f6e700000) (1024K)]
  0x000001b326f86130 ConcurrentGCThread "G1 Main Marker"            [id=420, stack(0x0000001f6c200000,0x0000001f6c300000) (1024K)]
  0x000001b326f86b40 WorkerThread "G1 Conc#0"                       [id=13300, stack(0x0000001f6c300000,0x0000001f6c400000) (1024K)]
  0x000001b346ccea70 WorkerThread "G1 Conc#1"                       [id=4540, stack(0x0000001f6e700000,0x0000001f6e800000) (1024K)]
  0x000001b346ccee10 WorkerThread "G1 Conc#2"                       [id=13456, stack(0x0000001f6e800000,0x0000001f6e900000) (1024K)]
  0x000001b3407c7a60 ConcurrentGCThread "G1 Refine#0"               [id=10128, stack(0x0000001f6c400000,0x0000001f6c500000) (1024K)]
  0x000001b326fde7f0 ConcurrentGCThread "G1 Service"                [id=23892, stack(0x0000001f6c500000,0x0000001f6c600000) (1024K)]
Total: 18

Threads with active compile tasks:
C2 CompilerThread0  21989 22859       4       com.android.tools.r8.internal.vd::a (4363 bytes)
C2 CompilerThread1  21989 22835 %     4       com.android.tools.r8.internal.vd::a @ 2762 (6886 bytes)
Total: 2

VM state: at safepoint (normal execution)

VM Mutex/Monitor currently owned by a thread:  ([mutex/lock_event])
[0x00007ff85655e3a0] Threads_lock - owner thread: 0x000001b340aba3a0
[0x00007ff85655e4a0] Heap_lock - owner thread: 0x000001b34b4fa2e0

Heap address: 0x0000000080000000, size: 2048 MB, Compressed Oops mode: 32-bit

CDS archive(s) not mapped
Compressed class space mapped at: 0x0000000100000000-0x0000000140000000, reserved size: 1073741824
Narrow klass base: 0x0000000000000000, Narrow klass shift: 3, Narrow klass range: 0x140000000

GC Precious Log:
 CardTable entry size: 512
 Card Set container configuration: InlinePtr #cards 5 size 8 Array Of Cards #cards 12 size 40 Howl #buckets 4 coarsen threshold 1843 Howl Bitmap #cards 512 size 80 coarsen threshold 460 Card regions per heap region 1 cards per card region 2048
 CPUs: 12 total, 12 available
 Memory: 11925M
 Large Page Support: Disabled
 NUMA Support: Disabled
 Compressed Oops: Enabled (32-bit)
 Heap Region Size: 1M
 Heap Min Capacity: 8M
 Heap Initial Capacity: 188M
 Heap Max Capacity: 2G
 Pre-touch: Disabled
 Parallel Workers: 10
 Concurrent Workers: 3
 Concurrent Refinement Workers: 10
 Periodic GC: Disabled

Heap:
 garbage-first heap   total 640000K, used 470528K [0x0000000080000000, 0x0000000100000000)
  region size 1024K, 19 young (19456K), 19 survivors (19456K)
 Metaspace       used 188662K, committed 191168K, reserved 1245184K
  class space    used 24409K, committed 25664K, reserved 1048576K

Heap Regions: E=young(eden), S=young(survivor), O=old, HS=humongous(starts), HC=humongous(continues), CS=collection set, F=free, TAMS=top-at-mark-start, PB=parsable bottom
|   0|0x0000000080000000, 0x0000000080100000, 0x0000000080100000|100%|HS|  |TAMS 0x0000000080000000| PB 0x0000000080000000| Complete 
|   1|0x0000000080100000, 0x0000000080200000, 0x0000000080200000|100%|HC|  |TAMS 0x0000000080100000| PB 0x0000000080100000| Complete 
|   2|0x0000000080200000, 0x0000000080300000, 0x0000000080300000|100%|HC|  |TAMS 0x0000000080200000| PB 0x0000000080200000| Complete 
|   3|0x0000000080300000, 0x0000000080400000, 0x0000000080400000|100%|HC|  |TAMS 0x0000000080300000| PB 0x0000000080300000| Complete 
|   4|0x0000000080400000, 0x0000000080500000, 0x0000000080500000|100%| O|  |TAMS 0x0000000080400000| PB 0x0000000080400000| Untracked 
|   5|0x0000000080500000, 0x0000000080600000, 0x0000000080600000|100%| O|  |TAMS 0x0000000080500000| PB 0x0000000080500000| Untracked 
|   6|0x0000000080600000, 0x0000000080700000, 0x0000000080700000|100%| O|  |TAMS 0x0000000080600000| PB 0x0000000080600000| Untracked 
|   7|0x0000000080700000, 0x0000000080800000, 0x0000000080800000|100%| O|  |TAMS 0x0000000080700000| PB 0x0000000080700000| Untracked 
|   8|0x0000000080800000, 0x0000000080900000, 0x0000000080900000|100%| O|  |TAMS 0x0000000080800000| PB 0x0000000080800000| Untracked 
|   9|0x0000000080900000, 0x0000000080a00000, 0x0000000080a00000|100%| O|  |TAMS 0x0000000080900000| PB 0x0000000080900000| Untracked 
|  10|0x0000000080a00000, 0x0000000080b00000, 0x0000000080b00000|100%| O|  |TAMS 0x0000000080a00000| PB 0x0000000080a00000| Untracked 
|  11|0x0000000080b00000, 0x0000000080c00000, 0x0000000080c00000|100%|HS|  |TAMS 0x0000000080b00000| PB 0x0000000080b00000| Complete 
|  12|0x0000000080c00000, 0x0000000080d00000, 0x0000000080d00000|100%| O|  |TAMS 0x0000000080c00000| PB 0x0000000080c00000| Untracked 
|  13|0x0000000080d00000, 0x0000000080e00000, 0x0000000080e00000|100%| O|  |TAMS 0x0000000080d00000| PB 0x0000000080d00000| Untracked 
|  14|0x0000000080e00000, 0x0000000080f00000, 0x0000000080f00000|100%| O|  |TAMS 0x0000000080e00000| PB 0x0000000080e00000| Untracked 
|  15|0x0000000080f00000, 0x0000000081000000, 0x0000000081000000|100%| O|  |TAMS 0x0000000080f00000| PB 0x0000000080f00000| Untracked 
|  16|0x0000000081000000, 0x0000000081100000, 0x0000000081100000|100%| O|  |TAMS 0x0000000081000000| PB 0x0000000081000000| Untracked 
|  17|0x0000000081100000, 0x0000000081200000, 0x0000000081200000|100%| O|  |TAMS 0x0000000081100000| PB 0x0000000081100000| Untracked 
|  18|0x0000000081200000, 0x0000000081300000, 0x0000000081300000|100%| O|  |TAMS 0x0000000081200000| PB 0x0000000081200000| Untracked 
|  19|0x0000000081300000, 0x0000000081400000, 0x0000000081400000|100%| O|  |TAMS 0x0000000081300000| PB 0x0000000081300000| Untracked 
|  20|0x0000000081400000, 0x0000000081500000, 0x0000000081500000|100%| O|  |TAMS 0x0000000081400000| PB 0x0000000081400000| Untracked 
|  21|0x0000000081500000, 0x0000000081600000, 0x0000000081600000|100%| O|  |TAMS 0x0000000081500000| PB 0x0000000081500000| Untracked 
|  22|0x0000000081600000, 0x0000000081700000, 0x0000000081700000|100%| O|  |TAMS 0x0000000081600000| PB 0x0000000081600000| Untracked 
|  23|0x0000000081700000, 0x0000000081800000, 0x0000000081800000|100%| O|  |TAMS 0x0000000081700000| PB 0x0000000081700000| Untracked 
|  24|0x0000000081800000, 0x0000000081900000, 0x0000000081900000|100%| O|  |TAMS 0x0000000081800000| PB 0x0000000081800000| Untracked 
|  25|0x0000000081900000, 0x0000000081a00000, 0x0000000081a00000|100%| O|  |TAMS 0x0000000081900000| PB 0x0000000081900000| Untracked 
|  26|0x0000000081a00000, 0x0000000081b00000, 0x0000000081b00000|100%| O|  |TAMS 0x0000000081a00000| PB 0x0000000081a00000| Untracked 
|  27|0x0000000081b00000, 0x0000000081c00000, 0x0000000081c00000|100%| O|  |TAMS 0x0000000081b00000| PB 0x0000000081b00000| Untracked 
|  28|0x0000000081c00000, 0x0000000081d00000, 0x0000000081d00000|100%| O|  |TAMS 0x0000000081c00000| PB 0x0000000081c00000| Untracked 
|  29|0x0000000081d00000, 0x0000000081e00000, 0x0000000081e00000|100%| O|  |TAMS 0x0000000081d00000| PB 0x0000000081d00000| Untracked 
|  30|0x0000000081e00000, 0x0000000081f00000, 0x0000000081f00000|100%| O|  |TAMS 0x0000000081e00000| PB 0x0000000081e00000| Untracked 
|  31|0x0000000081f00000, 0x0000000082000000, 0x0000000082000000|100%| O|  |TAMS 0x0000000081f00000| PB 0x0000000081f00000| Untracked 
|  32|0x0000000082000000, 0x0000000082100000, 0x0000000082100000|100%| O|  |TAMS 0x0000000082000000| PB 0x0000000082000000| Untracked 
|  33|0x0000000082100000, 0x0000000082200000, 0x0000000082200000|100%| O|  |TAMS 0x0000000082100000| PB 0x0000000082100000| Untracked 
|  34|0x0000000082200000, 0x0000000082300000, 0x0000000082300000|100%| O|  |TAMS 0x0000000082200000| PB 0x0000000082200000| Untracked 
|  35|0x0000000082300000, 0x0000000082400000, 0x0000000082400000|100%| O|  |TAMS 0x0000000082300000| PB 0x0000000082300000| Untracked 
|  36|0x0000000082400000, 0x0000000082500000, 0x0000000082500000|100%| O|  |TAMS 0x0000000082400000| PB 0x0000000082400000| Untracked 
|  37|0x0000000082500000, 0x0000000082600000, 0x0000000082600000|100%| O|  |TAMS 0x0000000082500000| PB 0x0000000082500000| Untracked 
|  38|0x0000000082600000, 0x0000000082700000, 0x0000000082700000|100%| O|  |TAMS 0x0000000082600000| PB 0x0000000082600000| Untracked 
|  39|0x0000000082700000, 0x0000000082800000, 0x0000000082800000|100%| O|  |TAMS 0x0000000082700000| PB 0x0000000082700000| Untracked 
|  40|0x0000000082800000, 0x0000000082900000, 0x0000000082900000|100%| O|  |TAMS 0x0000000082800000| PB 0x0000000082800000| Untracked 
|  41|0x0000000082900000, 0x0000000082a00000, 0x0000000082a00000|100%| O|  |TAMS 0x0000000082900000| PB 0x0000000082900000| Untracked 
|  42|0x0000000082a00000, 0x0000000082b00000, 0x0000000082b00000|100%| O|  |TAMS 0x0000000082a00000| PB 0x0000000082a00000| Untracked 
|  43|0x0000000082b00000, 0x0000000082c00000, 0x0000000082c00000|100%| O|  |TAMS 0x0000000082b00000| PB 0x0000000082b00000| Untracked 
|  44|0x0000000082c00000, 0x0000000082d00000, 0x0000000082d00000|100%| O|  |TAMS 0x0000000082c00000| PB 0x0000000082c00000| Untracked 
|  45|0x0000000082d00000, 0x0000000082e00000, 0x0000000082e00000|100%| O|  |TAMS 0x0000000082d00000| PB 0x0000000082d00000| Untracked 
|  46|0x0000000082e00000, 0x0000000082f00000, 0x0000000082f00000|100%| O|  |TAMS 0x0000000082e00000| PB 0x0000000082e00000| Untracked 
|  47|0x0000000082f00000, 0x0000000083000000, 0x0000000083000000|100%| O|  |TAMS 0x0000000082f00000| PB 0x0000000082f00000| Untracked 
|  48|0x0000000083000000, 0x0000000083100000, 0x0000000083100000|100%| O|  |TAMS 0x0000000083000000| PB 0x0000000083000000| Untracked 
|  49|0x0000000083100000, 0x0000000083200000, 0x0000000083200000|100%| O|  |TAMS 0x0000000083100000| PB 0x0000000083100000| Untracked 
|  50|0x0000000083200000, 0x0000000083300000, 0x0000000083300000|100%| O|  |TAMS 0x0000000083200000| PB 0x0000000083200000| Untracked 
|  51|0x0000000083300000, 0x0000000083400000, 0x0000000083400000|100%| O|  |TAMS 0x0000000083300000| PB 0x0000000083300000| Untracked 
|  52|0x0000000083400000, 0x0000000083500000, 0x0000000083500000|100%| O|  |TAMS 0x0000000083400000| PB 0x0000000083400000| Untracked 
|  53|0x0000000083500000, 0x0000000083600000, 0x0000000083600000|100%| O|  |TAMS 0x0000000083500000| PB 0x0000000083500000| Untracked 
|  54|0x0000000083600000, 0x0000000083700000, 0x0000000083700000|100%| O|  |TAMS 0x0000000083600000| PB 0x0000000083600000| Untracked 
|  55|0x0000000083700000, 0x0000000083800000, 0x0000000083800000|100%| O|  |TAMS 0x0000000083700000| PB 0x0000000083700000| Untracked 
|  56|0x0000000083800000, 0x0000000083900000, 0x0000000083900000|100%| O|  |TAMS 0x0000000083800000| PB 0x0000000083800000| Untracked 
|  57|0x0000000083900000, 0x0000000083a00000, 0x0000000083a00000|100%| O|  |TAMS 0x0000000083900000| PB 0x0000000083900000| Untracked 
|  58|0x0000000083a00000, 0x0000000083b00000, 0x0000000083b00000|100%| O|  |TAMS 0x0000000083a00000| PB 0x0000000083a00000| Untracked 
|  59|0x0000000083b00000, 0x0000000083c00000, 0x0000000083c00000|100%| O|  |TAMS 0x0000000083b00000| PB 0x0000000083b00000| Untracked 
|  60|0x0000000083c00000, 0x0000000083d00000, 0x0000000083d00000|100%| O|  |TAMS 0x0000000083c00000| PB 0x0000000083c00000| Untracked 
|  61|0x0000000083d00000, 0x0000000083e00000, 0x0000000083e00000|100%| O|  |TAMS 0x0000000083d00000| PB 0x0000000083d00000| Untracked 
|  62|0x0000000083e00000, 0x0000000083f00000, 0x0000000083f00000|100%| O|  |TAMS 0x0000000083e00000| PB 0x0000000083e00000| Untracked 
|  63|0x0000000083f00000, 0x0000000084000000, 0x0000000084000000|100%|HS|  |TAMS 0x0000000083f00000| PB 0x0000000083f00000| Complete 
|  64|0x0000000084000000, 0x0000000084100000, 0x0000000084100000|100%| O|  |TAMS 0x0000000084000000| PB 0x0000000084000000| Untracked 
|  65|0x0000000084100000, 0x0000000084200000, 0x0000000084200000|100%| O|  |TAMS 0x0000000084100000| PB 0x0000000084100000| Untracked 
|  66|0x0000000084200000, 0x0000000084300000, 0x0000000084300000|100%| O|  |TAMS 0x0000000084200000| PB 0x0000000084200000| Untracked 
|  67|0x0000000084300000, 0x0000000084400000, 0x0000000084400000|100%|HS|  |TAMS 0x0000000084300000| PB 0x0000000084300000| Complete 
|  68|0x0000000084400000, 0x0000000084500000, 0x0000000084500000|100%|HS|  |TAMS 0x0000000084400000| PB 0x0000000084400000| Complete 
|  69|0x0000000084500000, 0x0000000084600000, 0x0000000084600000|100%|HC|  |TAMS 0x0000000084500000| PB 0x0000000084500000| Complete 
|  70|0x0000000084600000, 0x0000000084700000, 0x0000000084700000|100%| O|  |TAMS 0x0000000084600000| PB 0x0000000084600000| Untracked 
|  71|0x0000000084700000, 0x0000000084800000, 0x0000000084800000|100%|HS|  |TAMS 0x0000000084700000| PB 0x0000000084700000| Complete 
|  72|0x0000000084800000, 0x0000000084900000, 0x0000000084900000|100%|HC|  |TAMS 0x0000000084800000| PB 0x0000000084800000| Complete 
|  73|0x0000000084900000, 0x0000000084a00000, 0x0000000084a00000|100%|HC|  |TAMS 0x0000000084900000| PB 0x0000000084900000| Complete 
|  74|0x0000000084a00000, 0x0000000084b00000, 0x0000000084b00000|100%| O|  |TAMS 0x0000000084a00000| PB 0x0000000084a00000| Untracked 
|  75|0x0000000084b00000, 0x0000000084b00000, 0x0000000084c00000|  0%| F|  |TAMS 0x0000000084b00000| PB 0x0000000084b00000| Untracked 
|  76|0x0000000084c00000, 0x0000000084d00000, 0x0000000084d00000|100%| O|  |TAMS 0x0000000084c00000| PB 0x0000000084c00000| Untracked 
|  77|0x0000000084d00000, 0x0000000084e00000, 0x0000000084e00000|100%| O|  |TAMS 0x0000000084d00000| PB 0x0000000084d00000| Untracked 
|  78|0x0000000084e00000, 0x0000000084f00000, 0x0000000084f00000|100%| O|  |TAMS 0x0000000084e00000| PB 0x0000000084e00000| Untracked 
|  79|0x0000000084f00000, 0x0000000085000000, 0x0000000085000000|100%| O|  |TAMS 0x0000000084f00000| PB 0x0000000084f00000| Untracked 
|  80|0x0000000085000000, 0x0000000085100000, 0x0000000085100000|100%| O|  |TAMS 0x0000000085000000| PB 0x0000000085000000| Untracked 
|  81|0x0000000085100000, 0x0000000085200000, 0x0000000085200000|100%| O|  |TAMS 0x0000000085100000| PB 0x0000000085100000| Untracked 
|  82|0x0000000085200000, 0x0000000085300000, 0x0000000085300000|100%| O|  |TAMS 0x0000000085200000| PB 0x0000000085200000| Untracked 
|  83|0x0000000085300000, 0x0000000085400000, 0x0000000085400000|100%| O|  |TAMS 0x0000000085300000| PB 0x0000000085300000| Untracked 
|  84|0x0000000085400000, 0x0000000085500000, 0x0000000085500000|100%| O|  |TAMS 0x0000000085400000| PB 0x0000000085400000| Untracked 
|  85|0x0000000085500000, 0x0000000085600000, 0x0000000085600000|100%| O|  |TAMS 0x0000000085500000| PB 0x0000000085500000| Untracked 
|  86|0x0000000085600000, 0x0000000085700000, 0x0000000085700000|100%| O|  |TAMS 0x0000000085600000| PB 0x0000000085600000| Untracked 
|  87|0x0000000085700000, 0x0000000085800000, 0x0000000085800000|100%| O|  |TAMS 0x0000000085700000| PB 0x0000000085700000| Untracked 
|  88|0x0000000085800000, 0x0000000085800000, 0x0000000085900000|  0%| F|  |TAMS 0x0000000085800000| PB 0x0000000085800000| Untracked 
|  89|0x0000000085900000, 0x0000000085a00000, 0x0000000085a00000|100%| O|  |TAMS 0x0000000085900000| PB 0x0000000085900000| Untracked 
|  90|0x0000000085a00000, 0x0000000085b00000, 0x0000000085b00000|100%|HS|  |TAMS 0x0000000085a00000| PB 0x0000000085a00000| Complete 
|  91|0x0000000085b00000, 0x0000000085c00000, 0x0000000085c00000|100%|HC|  |TAMS 0x0000000085b00000| PB 0x0000000085b00000| Complete 
|  92|0x0000000085c00000, 0x0000000085d00000, 0x0000000085d00000|100%|HS|  |TAMS 0x0000000085c00000| PB 0x0000000085c00000| Complete 
|  93|0x0000000085d00000, 0x0000000085e00000, 0x0000000085e00000|100%|HS|  |TAMS 0x0000000085d00000| PB 0x0000000085d00000| Complete 
|  94|0x0000000085e00000, 0x0000000085f00000, 0x0000000085f00000|100%| O|  |TAMS 0x0000000085e00000| PB 0x0000000085e00000| Untracked 
|  95|0x0000000085f00000, 0x0000000086000000, 0x0000000086000000|100%|HS|  |TAMS 0x0000000085f00000| PB 0x0000000085f00000| Complete 
|  96|0x0000000086000000, 0x0000000086100000, 0x0000000086100000|100%|HS|  |TAMS 0x0000000086000000| PB 0x0000000086000000| Complete 
|  97|0x0000000086100000, 0x0000000086200000, 0x0000000086200000|100%| O|  |TAMS 0x0000000086100000| PB 0x0000000086100000| Untracked 
|  98|0x0000000086200000, 0x0000000086300000, 0x0000000086300000|100%| O|  |TAMS 0x0000000086200000| PB 0x0000000086200000| Untracked 
|  99|0x0000000086300000, 0x0000000086400000, 0x0000000086400000|100%| O|  |TAMS 0x0000000086300000| PB 0x0000000086300000| Untracked 
| 100|0x0000000086400000, 0x0000000086500000, 0x0000000086500000|100%| O|  |TAMS 0x0000000086400000| PB 0x0000000086400000| Untracked 
| 101|0x0000000086500000, 0x0000000086600000, 0x0000000086600000|100%| O|  |TAMS 0x0000000086500000| PB 0x0000000086500000| Untracked 
| 102|0x0000000086600000, 0x0000000086700000, 0x0000000086700000|100%| O|  |TAMS 0x0000000086600000| PB 0x0000000086600000| Untracked 
| 103|0x0000000086700000, 0x0000000086800000, 0x0000000086800000|100%| O|  |TAMS 0x0000000086700000| PB 0x0000000086700000| Untracked 
| 104|0x0000000086800000, 0x0000000086900000, 0x0000000086900000|100%| O|  |TAMS 0x0000000086800000| PB 0x0000000086800000| Untracked 
| 105|0x0000000086900000, 0x0000000086a00000, 0x0000000086a00000|100%| O|  |TAMS 0x0000000086900000| PB 0x0000000086900000| Untracked 
| 106|0x0000000086a00000, 0x0000000086b00000, 0x0000000086b00000|100%| O|  |TAMS 0x0000000086a00000| PB 0x0000000086a00000| Untracked 
| 107|0x0000000086b00000, 0x0000000086c00000, 0x0000000086c00000|100%|HS|  |TAMS 0x0000000086b00000| PB 0x0000000086b00000| Complete 
| 108|0x0000000086c00000, 0x0000000086d00000, 0x0000000086d00000|100%| O|  |TAMS 0x0000000086c00000| PB 0x0000000086c00000| Untracked 
| 109|0x0000000086d00000, 0x0000000086e00000, 0x0000000086e00000|100%| O|  |TAMS 0x0000000086d00000| PB 0x0000000086d00000| Untracked 
| 110|0x0000000086e00000, 0x0000000086f00000, 0x0000000086f00000|100%| O|  |TAMS 0x0000000086e00000| PB 0x0000000086e00000| Untracked 
| 111|0x0000000086f00000, 0x0000000087000000, 0x0000000087000000|100%| O|  |TAMS 0x0000000086f00000| PB 0x0000000086f00000| Untracked 
| 112|0x0000000087000000, 0x0000000087100000, 0x0000000087100000|100%| O|  |TAMS 0x0000000087000000| PB 0x0000000087000000| Untracked 
| 113|0x0000000087100000, 0x0000000087200000, 0x0000000087200000|100%| O|  |TAMS 0x0000000087100000| PB 0x0000000087100000| Untracked 
| 114|0x0000000087200000, 0x0000000087300000, 0x0000000087300000|100%|HS|  |TAMS 0x0000000087200000| PB 0x0000000087200000| Complete 
| 115|0x0000000087300000, 0x0000000087400000, 0x0000000087400000|100%|HC|  |TAMS 0x0000000087300000| PB 0x0000000087300000| Complete 
| 116|0x0000000087400000, 0x0000000087500000, 0x0000000087500000|100%|HC|  |TAMS 0x0000000087400000| PB 0x0000000087400000| Complete 
| 117|0x0000000087500000, 0x0000000087600000, 0x0000000087600000|100%| O|  |TAMS 0x0000000087500000| PB 0x0000000087500000| Untracked 
| 118|0x0000000087600000, 0x0000000087700000, 0x0000000087700000|100%| O|  |TAMS 0x0000000087600000| PB 0x0000000087600000| Untracked 
| 119|0x0000000087700000, 0x0000000087800000, 0x0000000087800000|100%| O|  |TAMS 0x0000000087700000| PB 0x0000000087700000| Untracked 
| 120|0x0000000087800000, 0x0000000087900000, 0x0000000087900000|100%| O|  |TAMS 0x0000000087800000| PB 0x0000000087800000| Untracked 
| 121|0x0000000087900000, 0x0000000087a00000, 0x0000000087a00000|100%| O|  |TAMS 0x0000000087900000| PB 0x0000000087900000| Untracked 
| 122|0x0000000087a00000, 0x0000000087b00000, 0x0000000087b00000|100%| O|  |TAMS 0x0000000087a00000| PB 0x0000000087a00000| Untracked 
| 123|0x0000000087b00000, 0x0000000087c00000, 0x0000000087c00000|100%| O|  |TAMS 0x0000000087b00000| PB 0x0000000087b00000| Untracked 
| 124|0x0000000087c00000, 0x0000000087c00000, 0x0000000087d00000|  0%| F|  |TAMS 0x0000000087c00000| PB 0x0000000087c00000| Untracked 
| 125|0x0000000087d00000, 0x0000000087e00000, 0x0000000087e00000|100%| O|  |TAMS 0x0000000087d00000| PB 0x0000000087d00000| Untracked 
| 126|0x0000000087e00000, 0x0000000087f00000, 0x0000000087f00000|100%| O|  |TAMS 0x0000000087e00000| PB 0x0000000087e00000| Untracked 
| 127|0x0000000087f00000, 0x0000000088000000, 0x0000000088000000|100%| O|  |TAMS 0x0000000087f00000| PB 0x0000000087f00000| Untracked 
| 128|0x0000000088000000, 0x0000000088100000, 0x0000000088100000|100%| O|  |TAMS 0x0000000088000000| PB 0x0000000088000000| Untracked 
| 129|0x0000000088100000, 0x0000000088200000, 0x0000000088200000|100%| O|  |TAMS 0x0000000088100000| PB 0x0000000088100000| Untracked 
| 130|0x0000000088200000, 0x0000000088300000, 0x0000000088300000|100%|HS|  |TAMS 0x0000000088200000| PB 0x0000000088200000| Complete 
| 131|0x0000000088300000, 0x0000000088400000, 0x0000000088400000|100%|HC|  |TAMS 0x0000000088300000| PB 0x0000000088300000| Complete 
| 132|0x0000000088400000, 0x0000000088500000, 0x0000000088500000|100%| O|  |TAMS 0x0000000088400000| PB 0x0000000088400000| Untracked 
| 133|0x0000000088500000, 0x0000000088600000, 0x0000000088600000|100%| O|  |TAMS 0x0000000088500000| PB 0x0000000088500000| Untracked 
| 134|0x0000000088600000, 0x0000000088700000, 0x0000000088700000|100%| O|  |TAMS 0x0000000088600000| PB 0x0000000088600000| Untracked 
| 135|0x0000000088700000, 0x0000000088800000, 0x0000000088800000|100%| O|  |TAMS 0x0000000088700000| PB 0x0000000088700000| Untracked 
| 136|0x0000000088800000, 0x0000000088900000, 0x0000000088900000|100%| O|  |TAMS 0x0000000088800000| PB 0x0000000088800000| Untracked 
| 137|0x0000000088900000, 0x0000000088a00000, 0x0000000088a00000|100%| O|  |TAMS 0x0000000088900000| PB 0x0000000088900000| Untracked 
| 138|0x0000000088a00000, 0x0000000088b00000, 0x0000000088b00000|100%| O|  |TAMS 0x0000000088a00000| PB 0x0000000088a00000| Untracked 
| 139|0x0000000088b00000, 0x0000000088c00000, 0x0000000088c00000|100%| O|  |TAMS 0x0000000088b00000| PB 0x0000000088b00000| Untracked 
| 140|0x0000000088c00000, 0x0000000088d00000, 0x0000000088d00000|100%|HS|  |TAMS 0x0000000088c00000| PB 0x0000000088c00000| Complete 
| 141|0x0000000088d00000, 0x0000000088e00000, 0x0000000088e00000|100%| O|  |TAMS 0x0000000088d00000| PB 0x0000000088d00000| Untracked 
| 142|0x0000000088e00000, 0x0000000088f00000, 0x0000000088f00000|100%| O|  |TAMS 0x0000000088e00000| PB 0x0000000088e00000| Untracked 
| 143|0x0000000088f00000, 0x0000000089000000, 0x0000000089000000|100%| O|  |TAMS 0x0000000088f00000| PB 0x0000000088f00000| Untracked 
| 144|0x0000000089000000, 0x0000000089100000, 0x0000000089100000|100%| O|  |TAMS 0x0000000089000000| PB 0x0000000089000000| Untracked 
| 145|0x0000000089100000, 0x0000000089200000, 0x0000000089200000|100%| O|  |TAMS 0x0000000089100000| PB 0x0000000089100000| Untracked 
| 146|0x0000000089200000, 0x0000000089300000, 0x0000000089300000|100%| O|  |TAMS 0x0000000089200000| PB 0x0000000089200000| Untracked 
| 147|0x0000000089300000, 0x0000000089400000, 0x0000000089400000|100%| O|  |TAMS 0x0000000089300000| PB 0x0000000089300000| Untracked 
| 148|0x0000000089400000, 0x0000000089500000, 0x0000000089500000|100%| O|  |TAMS 0x0000000089400000| PB 0x0000000089400000| Untracked 
| 149|0x0000000089500000, 0x0000000089600000, 0x0000000089600000|100%| O|  |TAMS 0x0000000089500000| PB 0x0000000089500000| Untracked 
| 150|0x0000000089600000, 0x0000000089700000, 0x0000000089700000|100%| O|  |TAMS 0x0000000089600000| PB 0x0000000089600000| Untracked 
| 151|0x0000000089700000, 0x0000000089800000, 0x0000000089800000|100%| O|  |TAMS 0x0000000089700000| PB 0x0000000089700000| Untracked 
| 152|0x0000000089800000, 0x0000000089900000, 0x0000000089900000|100%| O|  |TAMS 0x0000000089800000| PB 0x0000000089800000| Untracked 
| 153|0x0000000089900000, 0x0000000089a00000, 0x0000000089a00000|100%| O|  |TAMS 0x0000000089900000| PB 0x0000000089900000| Untracked 
| 154|0x0000000089a00000, 0x0000000089b00000, 0x0000000089b00000|100%| O|  |TAMS 0x0000000089a00000| PB 0x0000000089a00000| Untracked 
| 155|0x0000000089b00000, 0x0000000089c00000, 0x0000000089c00000|100%| O|  |TAMS 0x0000000089b00000| PB 0x0000000089b00000| Untracked 
| 156|0x0000000089c00000, 0x0000000089d00000, 0x0000000089d00000|100%| O|  |TAMS 0x0000000089c00000| PB 0x0000000089c00000| Untracked 
| 157|0x0000000089d00000, 0x0000000089e00000, 0x0000000089e00000|100%| O|  |TAMS 0x0000000089d00000| PB 0x0000000089d00000| Untracked 
| 158|0x0000000089e00000, 0x0000000089f00000, 0x0000000089f00000|100%| O|  |TAMS 0x0000000089e00000| PB 0x0000000089e00000| Untracked 
| 159|0x0000000089f00000, 0x000000008a000000, 0x000000008a000000|100%| O|  |TAMS 0x0000000089f00000| PB 0x0000000089f00000| Untracked 
| 160|0x000000008a000000, 0x000000008a100000, 0x000000008a100000|100%| O|  |TAMS 0x000000008a000000| PB 0x000000008a000000| Untracked 
| 161|0x000000008a100000, 0x000000008a200000, 0x000000008a200000|100%| O|  |TAMS 0x000000008a100000| PB 0x000000008a100000| Untracked 
| 162|0x000000008a200000, 0x000000008a300000, 0x000000008a300000|100%| O|  |TAMS 0x000000008a200000| PB 0x000000008a200000| Untracked 
| 163|0x000000008a300000, 0x000000008a400000, 0x000000008a400000|100%| O|  |TAMS 0x000000008a300000| PB 0x000000008a300000| Untracked 
| 164|0x000000008a400000, 0x000000008a500000, 0x000000008a500000|100%| O|  |TAMS 0x000000008a400000| PB 0x000000008a400000| Untracked 
| 165|0x000000008a500000, 0x000000008a600000, 0x000000008a600000|100%| O|  |TAMS 0x000000008a500000| PB 0x000000008a500000| Untracked 
| 166|0x000000008a600000, 0x000000008a700000, 0x000000008a700000|100%| O|  |TAMS 0x000000008a600000| PB 0x000000008a600000| Untracked 
| 167|0x000000008a700000, 0x000000008a800000, 0x000000008a800000|100%| O|  |TAMS 0x000000008a700000| PB 0x000000008a700000| Untracked 
| 168|0x000000008a800000, 0x000000008a900000, 0x000000008a900000|100%| O|  |TAMS 0x000000008a800000| PB 0x000000008a800000| Untracked 
| 169|0x000000008a900000, 0x000000008aa00000, 0x000000008aa00000|100%| O|  |TAMS 0x000000008a900000| PB 0x000000008a900000| Untracked 
| 170|0x000000008aa00000, 0x000000008ab00000, 0x000000008ab00000|100%| O|  |TAMS 0x000000008aa00000| PB 0x000000008aa00000| Untracked 
| 171|0x000000008ab00000, 0x000000008ac00000, 0x000000008ac00000|100%| O|  |TAMS 0x000000008ab00000| PB 0x000000008ab00000| Untracked 
| 172|0x000000008ac00000, 0x000000008ad00000, 0x000000008ad00000|100%| O|  |TAMS 0x000000008ac00000| PB 0x000000008ac00000| Untracked 
| 173|0x000000008ad00000, 0x000000008ae00000, 0x000000008ae00000|100%| O|  |TAMS 0x000000008ad00000| PB 0x000000008ad00000| Untracked 
| 174|0x000000008ae00000, 0x000000008af00000, 0x000000008af00000|100%| O|  |TAMS 0x000000008ae00000| PB 0x000000008ae00000| Untracked 
| 175|0x000000008af00000, 0x000000008b000000, 0x000000008b000000|100%| O|  |TAMS 0x000000008af00000| PB 0x000000008af00000| Untracked 
| 176|0x000000008b000000, 0x000000008b100000, 0x000000008b100000|100%| O|  |TAMS 0x000000008b000000| PB 0x000000008b000000| Untracked 
| 177|0x000000008b100000, 0x000000008b200000, 0x000000008b200000|100%| O|  |TAMS 0x000000008b100000| PB 0x000000008b100000| Untracked 
| 178|0x000000008b200000, 0x000000008b300000, 0x000000008b300000|100%| O|  |TAMS 0x000000008b200000| PB 0x000000008b200000| Untracked 
| 179|0x000000008b300000, 0x000000008b400000, 0x000000008b400000|100%| O|  |TAMS 0x000000008b300000| PB 0x000000008b300000| Untracked 
| 180|0x000000008b400000, 0x000000008b500000, 0x000000008b500000|100%| O|  |TAMS 0x000000008b400000| PB 0x000000008b400000| Untracked 
| 181|0x000000008b500000, 0x000000008b600000, 0x000000008b600000|100%| O|  |TAMS 0x000000008b500000| PB 0x000000008b500000| Untracked 
| 182|0x000000008b600000, 0x000000008b700000, 0x000000008b700000|100%| O|  |TAMS 0x000000008b600000| PB 0x000000008b600000| Untracked 
| 183|0x000000008b700000, 0x000000008b800000, 0x000000008b800000|100%| O|  |TAMS 0x000000008b700000| PB 0x000000008b700000| Untracked 
| 184|0x000000008b800000, 0x000000008b900000, 0x000000008b900000|100%| O|  |TAMS 0x000000008b800000| PB 0x000000008b800000| Untracked 
| 185|0x000000008b900000, 0x000000008ba00000, 0x000000008ba00000|100%| O|  |TAMS 0x000000008b900000| PB 0x000000008b900000| Untracked 
| 186|0x000000008ba00000, 0x000000008bb00000, 0x000000008bb00000|100%| O|  |TAMS 0x000000008ba00000| PB 0x000000008ba00000| Untracked 
| 187|0x000000008bb00000, 0x000000008bc00000, 0x000000008bc00000|100%| O|  |TAMS 0x000000008bb00000| PB 0x000000008bb00000| Untracked 
| 188|0x000000008bc00000, 0x000000008bd00000, 0x000000008bd00000|100%| O|  |TAMS 0x000000008bc00000| PB 0x000000008bc00000| Untracked 
| 189|0x000000008bd00000, 0x000000008be00000, 0x000000008be00000|100%| O|  |TAMS 0x000000008bd00000| PB 0x000000008bd00000| Untracked 
| 190|0x000000008be00000, 0x000000008bf00000, 0x000000008bf00000|100%| O|  |TAMS 0x000000008be00000| PB 0x000000008be00000| Untracked 
| 191|0x000000008bf00000, 0x000000008c000000, 0x000000008c000000|100%| O|  |TAMS 0x000000008bf00000| PB 0x000000008bf00000| Untracked 
| 192|0x000000008c000000, 0x000000008c100000, 0x000000008c100000|100%| O|  |TAMS 0x000000008c000000| PB 0x000000008c000000| Untracked 
| 193|0x000000008c100000, 0x000000008c200000, 0x000000008c200000|100%| O|  |TAMS 0x000000008c100000| PB 0x000000008c100000| Untracked 
| 194|0x000000008c200000, 0x000000008c300000, 0x000000008c300000|100%| O|  |TAMS 0x000000008c200000| PB 0x000000008c200000| Untracked 
| 195|0x000000008c300000, 0x000000008c400000, 0x000000008c400000|100%| O|  |TAMS 0x000000008c300000| PB 0x000000008c300000| Untracked 
| 196|0x000000008c400000, 0x000000008c500000, 0x000000008c500000|100%| O|  |TAMS 0x000000008c400000| PB 0x000000008c400000| Untracked 
| 197|0x000000008c500000, 0x000000008c600000, 0x000000008c600000|100%| O|  |TAMS 0x000000008c500000| PB 0x000000008c500000| Untracked 
| 198|0x000000008c600000, 0x000000008c700000, 0x000000008c700000|100%| O|  |TAMS 0x000000008c600000| PB 0x000000008c600000| Untracked 
| 199|0x000000008c700000, 0x000000008c800000, 0x000000008c800000|100%| O|  |TAMS 0x000000008c700000| PB 0x000000008c700000| Untracked 
| 200|0x000000008c800000, 0x000000008c900000, 0x000000008c900000|100%| O|  |TAMS 0x000000008c800000| PB 0x000000008c800000| Untracked 
| 201|0x000000008c900000, 0x000000008ca00000, 0x000000008ca00000|100%| O|  |TAMS 0x000000008c900000| PB 0x000000008c900000| Untracked 
| 202|0x000000008ca00000, 0x000000008cb00000, 0x000000008cb00000|100%| O|  |TAMS 0x000000008ca00000| PB 0x000000008ca00000| Untracked 
| 203|0x000000008cb00000, 0x000000008cc00000, 0x000000008cc00000|100%| O|  |TAMS 0x000000008cb00000| PB 0x000000008cb00000| Untracked 
| 204|0x000000008cc00000, 0x000000008cd00000, 0x000000008cd00000|100%| O|  |TAMS 0x000000008cc00000| PB 0x000000008cc00000| Untracked 
| 205|0x000000008cd00000, 0x000000008ce00000, 0x000000008ce00000|100%| O|  |TAMS 0x000000008cd00000| PB 0x000000008cd00000| Untracked 
| 206|0x000000008ce00000, 0x000000008cf00000, 0x000000008cf00000|100%| O|  |TAMS 0x000000008ce00000| PB 0x000000008ce00000| Untracked 
| 207|0x000000008cf00000, 0x000000008d000000, 0x000000008d000000|100%| O|  |TAMS 0x000000008cf00000| PB 0x000000008cf00000| Untracked 
| 208|0x000000008d000000, 0x000000008d100000, 0x000000008d100000|100%| O|  |TAMS 0x000000008d000000| PB 0x000000008d000000| Untracked 
| 209|0x000000008d100000, 0x000000008d200000, 0x000000008d200000|100%| O|  |TAMS 0x000000008d100000| PB 0x000000008d100000| Untracked 
| 210|0x000000008d200000, 0x000000008d300000, 0x000000008d300000|100%| O|  |TAMS 0x000000008d200000| PB 0x000000008d200000| Untracked 
| 211|0x000000008d300000, 0x000000008d400000, 0x000000008d400000|100%| O|  |TAMS 0x000000008d300000| PB 0x000000008d300000| Untracked 
| 212|0x000000008d400000, 0x000000008d500000, 0x000000008d500000|100%| O|  |TAMS 0x000000008d400000| PB 0x000000008d400000| Untracked 
| 213|0x000000008d500000, 0x000000008d600000, 0x000000008d600000|100%| O|  |TAMS 0x000000008d500000| PB 0x000000008d500000| Untracked 
| 214|0x000000008d600000, 0x000000008d700000, 0x000000008d700000|100%| O|  |TAMS 0x000000008d600000| PB 0x000000008d600000| Untracked 
| 215|0x000000008d700000, 0x000000008d800000, 0x000000008d800000|100%| O|  |TAMS 0x000000008d700000| PB 0x000000008d700000| Untracked 
| 216|0x000000008d800000, 0x000000008d900000, 0x000000008d900000|100%| O|  |TAMS 0x000000008d800000| PB 0x000000008d800000| Untracked 
| 217|0x000000008d900000, 0x000000008da00000, 0x000000008da00000|100%| O|  |TAMS 0x000000008d900000| PB 0x000000008d900000| Untracked 
| 218|0x000000008da00000, 0x000000008db00000, 0x000000008db00000|100%| O|  |TAMS 0x000000008da00000| PB 0x000000008da00000| Untracked 
| 219|0x000000008db00000, 0x000000008dc00000, 0x000000008dc00000|100%| O|  |TAMS 0x000000008db00000| PB 0x000000008db00000| Untracked 
| 220|0x000000008dc00000, 0x000000008dd00000, 0x000000008dd00000|100%| O|  |TAMS 0x000000008dc00000| PB 0x000000008dc00000| Untracked 
| 221|0x000000008dd00000, 0x000000008de00000, 0x000000008de00000|100%| O|  |TAMS 0x000000008dd00000| PB 0x000000008dd00000| Untracked 
| 222|0x000000008de00000, 0x000000008df00000, 0x000000008df00000|100%| O|  |TAMS 0x000000008de00000| PB 0x000000008de00000| Untracked 
| 223|0x000000008df00000, 0x000000008e000000, 0x000000008e000000|100%| O|  |TAMS 0x000000008df00000| PB 0x000000008df00000| Untracked 
| 224|0x000000008e000000, 0x000000008e100000, 0x000000008e100000|100%| O|  |TAMS 0x000000008e000000| PB 0x000000008e000000| Untracked 
| 225|0x000000008e100000, 0x000000008e200000, 0x000000008e200000|100%| O|  |TAMS 0x000000008e100000| PB 0x000000008e100000| Untracked 
| 226|0x000000008e200000, 0x000000008e200000, 0x000000008e300000|  0%| F|  |TAMS 0x000000008e200000| PB 0x000000008e200000| Untracked 
| 227|0x000000008e300000, 0x000000008e300000, 0x000000008e400000|  0%| F|  |TAMS 0x000000008e300000| PB 0x000000008e300000| Untracked 
| 228|0x000000008e400000, 0x000000008e500000, 0x000000008e500000|100%| O|  |TAMS 0x000000008e400000| PB 0x000000008e400000| Untracked 
| 229|0x000000008e500000, 0x000000008e600000, 0x000000008e600000|100%| O|  |TAMS 0x000000008e500000| PB 0x000000008e500000| Untracked 
| 230|0x000000008e600000, 0x000000008e700000, 0x000000008e700000|100%| O|  |TAMS 0x000000008e600000| PB 0x000000008e600000| Untracked 
| 231|0x000000008e700000, 0x000000008e800000, 0x000000008e800000|100%| O|  |TAMS 0x000000008e700000| PB 0x000000008e700000| Untracked 
| 232|0x000000008e800000, 0x000000008e900000, 0x000000008e900000|100%| O|  |TAMS 0x000000008e800000| PB 0x000000008e800000| Untracked 
| 233|0x000000008e900000, 0x000000008ea00000, 0x000000008ea00000|100%| O|  |TAMS 0x000000008e900000| PB 0x000000008e900000| Untracked 
| 234|0x000000008ea00000, 0x000000008eb00000, 0x000000008eb00000|100%| O|  |TAMS 0x000000008ea00000| PB 0x000000008ea00000| Untracked 
| 235|0x000000008eb00000, 0x000000008ec00000, 0x000000008ec00000|100%| O|  |TAMS 0x000000008eb00000| PB 0x000000008eb00000| Untracked 
| 236|0x000000008ec00000, 0x000000008ed00000, 0x000000008ed00000|100%| O|  |TAMS 0x000000008ec00000| PB 0x000000008ec00000| Untracked 
| 237|0x000000008ed00000, 0x000000008ee00000, 0x000000008ee00000|100%| O|  |TAMS 0x000000008ed00000| PB 0x000000008ed00000| Untracked 
| 238|0x000000008ee00000, 0x000000008ef00000, 0x000000008ef00000|100%| O|  |TAMS 0x000000008ee00000| PB 0x000000008ee00000| Untracked 
| 239|0x000000008ef00000, 0x000000008f000000, 0x000000008f000000|100%| O|  |TAMS 0x000000008ef00000| PB 0x000000008ef00000| Untracked 
| 240|0x000000008f000000, 0x000000008f100000, 0x000000008f100000|100%| O|  |TAMS 0x000000008f000000| PB 0x000000008f000000| Untracked 
| 241|0x000000008f100000, 0x000000008f200000, 0x000000008f200000|100%| O|  |TAMS 0x000000008f100000| PB 0x000000008f100000| Untracked 
| 242|0x000000008f200000, 0x000000008f300000, 0x000000008f300000|100%| O|  |TAMS 0x000000008f200000| PB 0x000000008f200000| Untracked 
| 243|0x000000008f300000, 0x000000008f400000, 0x000000008f400000|100%| O|  |TAMS 0x000000008f300000| PB 0x000000008f300000| Untracked 
| 244|0x000000008f400000, 0x000000008f500000, 0x000000008f500000|100%| O|  |TAMS 0x000000008f400000| PB 0x000000008f400000| Untracked 
| 245|0x000000008f500000, 0x000000008f600000, 0x000000008f600000|100%| O|  |TAMS 0x000000008f500000| PB 0x000000008f500000| Untracked 
| 246|0x000000008f600000, 0x000000008f700000, 0x000000008f700000|100%| O|  |TAMS 0x000000008f600000| PB 0x000000008f600000| Untracked 
| 247|0x000000008f700000, 0x000000008f800000, 0x000000008f800000|100%| O|  |TAMS 0x000000008f700000| PB 0x000000008f700000| Untracked 
| 248|0x000000008f800000, 0x000000008f900000, 0x000000008f900000|100%| O|  |TAMS 0x000000008f800000| PB 0x000000008f800000| Untracked 
| 249|0x000000008f900000, 0x000000008fa00000, 0x000000008fa00000|100%| O|  |TAMS 0x000000008f900000| PB 0x000000008f900000| Untracked 
| 250|0x000000008fa00000, 0x000000008fb00000, 0x000000008fb00000|100%| O|  |TAMS 0x000000008fa00000| PB 0x000000008fa00000| Untracked 
| 251|0x000000008fb00000, 0x000000008fc00000, 0x000000008fc00000|100%| O|  |TAMS 0x000000008fb00000| PB 0x000000008fb00000| Untracked 
| 252|0x000000008fc00000, 0x000000008fd00000, 0x000000008fd00000|100%| O|  |TAMS 0x000000008fc00000| PB 0x000000008fc00000| Untracked 
| 253|0x000000008fd00000, 0x000000008fe00000, 0x000000008fe00000|100%| O|  |TAMS 0x000000008fd00000| PB 0x000000008fd00000| Untracked 
| 254|0x000000008fe00000, 0x000000008ff00000, 0x000000008ff00000|100%| O|  |TAMS 0x000000008fe00000| PB 0x000000008fe00000| Untracked 
| 255|0x000000008ff00000, 0x0000000090000000, 0x0000000090000000|100%| O|  |TAMS 0x000000008ff00000| PB 0x000000008ff00000| Untracked 
| 256|0x0000000090000000, 0x0000000090100000, 0x0000000090100000|100%| O|  |TAMS 0x0000000090000000| PB 0x0000000090000000| Untracked 
| 257|0x0000000090100000, 0x0000000090200000, 0x0000000090200000|100%| O|  |TAMS 0x0000000090100000| PB 0x0000000090100000| Untracked 
| 258|0x0000000090200000, 0x0000000090300000, 0x0000000090300000|100%| O|  |TAMS 0x0000000090200000| PB 0x0000000090200000| Untracked 
| 259|0x0000000090300000, 0x0000000090400000, 0x0000000090400000|100%| O|  |TAMS 0x0000000090300000| PB 0x0000000090300000| Untracked 
| 260|0x0000000090400000, 0x0000000090500000, 0x0000000090500000|100%| O|  |TAMS 0x0000000090400000| PB 0x0000000090400000| Untracked 
| 261|0x0000000090500000, 0x0000000090600000, 0x0000000090600000|100%| O|  |TAMS 0x0000000090500000| PB 0x0000000090500000| Untracked 
| 262|0x0000000090600000, 0x0000000090700000, 0x0000000090700000|100%| O|  |TAMS 0x0000000090600000| PB 0x0000000090600000| Untracked 
| 263|0x0000000090700000, 0x0000000090800000, 0x0000000090800000|100%| O|  |TAMS 0x0000000090700000| PB 0x0000000090700000| Untracked 
| 264|0x0000000090800000, 0x0000000090900000, 0x0000000090900000|100%| O|  |TAMS 0x0000000090800000| PB 0x0000000090800000| Untracked 
| 265|0x0000000090900000, 0x0000000090a00000, 0x0000000090a00000|100%| O|  |TAMS 0x0000000090900000| PB 0x0000000090900000| Untracked 
| 266|0x0000000090a00000, 0x0000000090b00000, 0x0000000090b00000|100%| O|  |TAMS 0x0000000090a00000| PB 0x0000000090a00000| Untracked 
| 267|0x0000000090b00000, 0x0000000090c00000, 0x0000000090c00000|100%| O|  |TAMS 0x0000000090b00000| PB 0x0000000090b00000| Untracked 
| 268|0x0000000090c00000, 0x0000000090d00000, 0x0000000090d00000|100%| O|  |TAMS 0x0000000090c00000| PB 0x0000000090c00000| Untracked 
| 269|0x0000000090d00000, 0x0000000090e00000, 0x0000000090e00000|100%| O|  |TAMS 0x0000000090d00000| PB 0x0000000090d00000| Untracked 
| 270|0x0000000090e00000, 0x0000000090f00000, 0x0000000090f00000|100%| O|  |TAMS 0x0000000090e00000| PB 0x0000000090e00000| Untracked 
| 271|0x0000000090f00000, 0x0000000090f00000, 0x0000000091000000|  0%| F|  |TAMS 0x0000000090f00000| PB 0x0000000090f00000| Untracked 
| 272|0x0000000091000000, 0x0000000091100000, 0x0000000091100000|100%| O|  |TAMS 0x0000000091000000| PB 0x0000000091000000| Untracked 
| 273|0x0000000091100000, 0x0000000091200000, 0x0000000091200000|100%| O|  |TAMS 0x0000000091100000| PB 0x0000000091100000| Untracked 
| 274|0x0000000091200000, 0x0000000091300000, 0x0000000091300000|100%| O|  |TAMS 0x0000000091200000| PB 0x0000000091200000| Untracked 
| 275|0x0000000091300000, 0x0000000091400000, 0x0000000091400000|100%| O|  |TAMS 0x0000000091300000| PB 0x0000000091300000| Untracked 
| 276|0x0000000091400000, 0x0000000091500000, 0x0000000091500000|100%| O|  |TAMS 0x0000000091400000| PB 0x0000000091400000| Untracked 
| 277|0x0000000091500000, 0x0000000091600000, 0x0000000091600000|100%| O|  |TAMS 0x0000000091500000| PB 0x0000000091500000| Untracked 
| 278|0x0000000091600000, 0x0000000091700000, 0x0000000091700000|100%| O|  |TAMS 0x0000000091600000| PB 0x0000000091600000| Untracked 
| 279|0x0000000091700000, 0x0000000091800000, 0x0000000091800000|100%| O|  |TAMS 0x0000000091700000| PB 0x0000000091700000| Untracked 
| 280|0x0000000091800000, 0x0000000091900000, 0x0000000091900000|100%| O|  |TAMS 0x0000000091800000| PB 0x0000000091800000| Untracked 
| 281|0x0000000091900000, 0x0000000091a00000, 0x0000000091a00000|100%| O|  |TAMS 0x0000000091900000| PB 0x0000000091900000| Untracked 
| 282|0x0000000091a00000, 0x0000000091b00000, 0x0000000091b00000|100%| O|  |TAMS 0x0000000091a00000| PB 0x0000000091a00000| Untracked 
| 283|0x0000000091b00000, 0x0000000091c00000, 0x0000000091c00000|100%| O|  |TAMS 0x0000000091b00000| PB 0x0000000091b00000| Untracked 
| 284|0x0000000091c00000, 0x0000000091d00000, 0x0000000091d00000|100%| O|  |TAMS 0x0000000091c00000| PB 0x0000000091c00000| Untracked 
| 285|0x0000000091d00000, 0x0000000091e00000, 0x0000000091e00000|100%| O|  |TAMS 0x0000000091d00000| PB 0x0000000091d00000| Untracked 
| 286|0x0000000091e00000, 0x0000000091f00000, 0x0000000091f00000|100%| O|  |TAMS 0x0000000091e00000| PB 0x0000000091e00000| Untracked 
| 287|0x0000000091f00000, 0x0000000092000000, 0x0000000092000000|100%| O|  |TAMS 0x0000000091f00000| PB 0x0000000091f00000| Untracked 
| 288|0x0000000092000000, 0x0000000092100000, 0x0000000092100000|100%| O|  |TAMS 0x0000000092000000| PB 0x0000000092000000| Untracked 
| 289|0x0000000092100000, 0x0000000092200000, 0x0000000092200000|100%| O|  |TAMS 0x0000000092100000| PB 0x0000000092100000| Untracked 
| 290|0x0000000092200000, 0x0000000092300000, 0x0000000092300000|100%| O|  |TAMS 0x0000000092200000| PB 0x0000000092200000| Untracked 
| 291|0x0000000092300000, 0x0000000092400000, 0x0000000092400000|100%| O|  |TAMS 0x0000000092300000| PB 0x0000000092300000| Untracked 
| 292|0x0000000092400000, 0x0000000092500000, 0x0000000092500000|100%| O|  |TAMS 0x0000000092400000| PB 0x0000000092400000| Untracked 
| 293|0x0000000092500000, 0x0000000092600000, 0x0000000092600000|100%| O|  |TAMS 0x0000000092500000| PB 0x0000000092500000| Untracked 
| 294|0x0000000092600000, 0x0000000092700000, 0x0000000092700000|100%| O|  |TAMS 0x0000000092600000| PB 0x0000000092600000| Untracked 
| 295|0x0000000092700000, 0x0000000092800000, 0x0000000092800000|100%| O|  |TAMS 0x0000000092700000| PB 0x0000000092700000| Untracked 
| 296|0x0000000092800000, 0x0000000092900000, 0x0000000092900000|100%| O|  |TAMS 0x0000000092800000| PB 0x0000000092800000| Untracked 
| 297|0x0000000092900000, 0x0000000092a00000, 0x0000000092a00000|100%| O|  |TAMS 0x0000000092900000| PB 0x0000000092900000| Untracked 
| 298|0x0000000092a00000, 0x0000000092b00000, 0x0000000092b00000|100%| O|  |TAMS 0x0000000092a00000| PB 0x0000000092a00000| Untracked 
| 299|0x0000000092b00000, 0x0000000092c00000, 0x0000000092c00000|100%| O|  |TAMS 0x0000000092b00000| PB 0x0000000092b00000| Untracked 
| 300|0x0000000092c00000, 0x0000000092d00000, 0x0000000092d00000|100%| O|  |TAMS 0x0000000092c00000| PB 0x0000000092c00000| Untracked 
| 301|0x0000000092d00000, 0x0000000092e00000, 0x0000000092e00000|100%| O|  |TAMS 0x0000000092d00000| PB 0x0000000092d00000| Untracked 
| 302|0x0000000092e00000, 0x0000000092f00000, 0x0000000092f00000|100%| O|  |TAMS 0x0000000092e00000| PB 0x0000000092e00000| Untracked 
| 303|0x0000000092f00000, 0x0000000093000000, 0x0000000093000000|100%| O|  |TAMS 0x0000000092f00000| PB 0x0000000092f00000| Untracked 
| 304|0x0000000093000000, 0x0000000093000000, 0x0000000093100000|  0%| F|  |TAMS 0x0000000093000000| PB 0x0000000093000000| Untracked 
| 305|0x0000000093100000, 0x0000000093100000, 0x0000000093200000|  0%| F|  |TAMS 0x0000000093100000| PB 0x0000000093100000| Untracked 
| 306|0x0000000093200000, 0x0000000093200000, 0x0000000093300000|  0%| F|  |TAMS 0x0000000093200000| PB 0x0000000093200000| Untracked 
| 307|0x0000000093300000, 0x0000000093400000, 0x0000000093400000|100%| O|  |TAMS 0x0000000093300000| PB 0x0000000093300000| Untracked 
| 308|0x0000000093400000, 0x0000000093500000, 0x0000000093500000|100%| O|  |TAMS 0x0000000093400000| PB 0x0000000093400000| Untracked 
| 309|0x0000000093500000, 0x0000000093600000, 0x0000000093600000|100%| O|  |TAMS 0x0000000093500000| PB 0x0000000093500000| Untracked 
| 310|0x0000000093600000, 0x0000000093700000, 0x0000000093700000|100%| O|  |TAMS 0x0000000093600000| PB 0x0000000093600000| Untracked 
| 311|0x0000000093700000, 0x0000000093800000, 0x0000000093800000|100%| O|  |TAMS 0x0000000093700000| PB 0x0000000093700000| Untracked 
| 312|0x0000000093800000, 0x0000000093900000, 0x0000000093900000|100%| O|  |TAMS 0x0000000093800000| PB 0x0000000093800000| Untracked 
| 313|0x0000000093900000, 0x0000000093a00000, 0x0000000093a00000|100%| O|  |TAMS 0x0000000093900000| PB 0x0000000093900000| Untracked 
| 314|0x0000000093a00000, 0x0000000093b00000, 0x0000000093b00000|100%| O|  |TAMS 0x0000000093a00000| PB 0x0000000093a00000| Untracked 
| 315|0x0000000093b00000, 0x0000000093c00000, 0x0000000093c00000|100%| O|  |TAMS 0x0000000093b00000| PB 0x0000000093b00000| Untracked 
| 316|0x0000000093c00000, 0x0000000093d00000, 0x0000000093d00000|100%| O|  |TAMS 0x0000000093c00000| PB 0x0000000093c00000| Untracked 
| 317|0x0000000093d00000, 0x0000000093e00000, 0x0000000093e00000|100%| O|  |TAMS 0x0000000093d00000| PB 0x0000000093d00000| Untracked 
| 318|0x0000000093e00000, 0x0000000093f00000, 0x0000000093f00000|100%| O|  |TAMS 0x0000000093e00000| PB 0x0000000093e00000| Untracked 
| 319|0x0000000093f00000, 0x0000000094000000, 0x0000000094000000|100%| O|  |TAMS 0x0000000093f00000| PB 0x0000000093f00000| Untracked 
| 320|0x0000000094000000, 0x0000000094100000, 0x0000000094100000|100%| O|  |TAMS 0x0000000094000000| PB 0x0000000094000000| Untracked 
| 321|0x0000000094100000, 0x0000000094200000, 0x0000000094200000|100%| O|  |TAMS 0x0000000094100000| PB 0x0000000094100000| Untracked 
| 322|0x0000000094200000, 0x0000000094300000, 0x0000000094300000|100%| O|  |TAMS 0x0000000094200000| PB 0x0000000094200000| Untracked 
| 323|0x0000000094300000, 0x0000000094400000, 0x0000000094400000|100%| O|  |TAMS 0x0000000094300000| PB 0x0000000094300000| Untracked 
| 324|0x0000000094400000, 0x0000000094500000, 0x0000000094500000|100%| O|  |TAMS 0x0000000094400000| PB 0x0000000094400000| Untracked 
| 325|0x0000000094500000, 0x0000000094600000, 0x0000000094600000|100%| O|  |TAMS 0x0000000094500000| PB 0x0000000094500000| Untracked 
| 326|0x0000000094600000, 0x0000000094700000, 0x0000000094700000|100%| O|  |TAMS 0x0000000094600000| PB 0x0000000094600000| Untracked 
| 327|0x0000000094700000, 0x0000000094800000, 0x0000000094800000|100%| O|  |TAMS 0x0000000094700000| PB 0x0000000094700000| Untracked 
| 328|0x0000000094800000, 0x0000000094900000, 0x0000000094900000|100%| O|  |TAMS 0x0000000094800000| PB 0x0000000094800000| Untracked 
| 329|0x0000000094900000, 0x0000000094a00000, 0x0000000094a00000|100%| O|  |TAMS 0x0000000094900000| PB 0x0000000094900000| Untracked 
| 330|0x0000000094a00000, 0x0000000094b00000, 0x0000000094b00000|100%| O|  |TAMS 0x0000000094a00000| PB 0x0000000094a00000| Untracked 
| 331|0x0000000094b00000, 0x0000000094c00000, 0x0000000094c00000|100%| O|  |TAMS 0x0000000094b00000| PB 0x0000000094b00000| Untracked 
| 332|0x0000000094c00000, 0x0000000094d00000, 0x0000000094d00000|100%| O|  |TAMS 0x0000000094c00000| PB 0x0000000094c00000| Untracked 
| 333|0x0000000094d00000, 0x0000000094e00000, 0x0000000094e00000|100%| O|  |TAMS 0x0000000094d00000| PB 0x0000000094d00000| Untracked 
| 334|0x0000000094e00000, 0x0000000094f00000, 0x0000000094f00000|100%| O|  |TAMS 0x0000000094e00000| PB 0x0000000094e00000| Untracked 
| 335|0x0000000094f00000, 0x0000000095000000, 0x0000000095000000|100%| O|  |TAMS 0x0000000094f00000| PB 0x0000000094f00000| Untracked 
| 336|0x0000000095000000, 0x0000000095100000, 0x0000000095100000|100%| O|  |TAMS 0x0000000095000000| PB 0x0000000095000000| Untracked 
| 337|0x0000000095100000, 0x0000000095200000, 0x0000000095200000|100%| O|  |TAMS 0x0000000095100000| PB 0x0000000095100000| Untracked 
| 338|0x0000000095200000, 0x0000000095300000, 0x0000000095300000|100%| O|  |TAMS 0x0000000095200000| PB 0x0000000095200000| Untracked 
| 339|0x0000000095300000, 0x0000000095400000, 0x0000000095400000|100%| O|  |TAMS 0x0000000095300000| PB 0x0000000095300000| Untracked 
| 340|0x0000000095400000, 0x0000000095500000, 0x0000000095500000|100%| O|  |TAMS 0x0000000095400000| PB 0x0000000095400000| Untracked 
| 341|0x0000000095500000, 0x0000000095600000, 0x0000000095600000|100%| O|  |TAMS 0x0000000095500000| PB 0x0000000095500000| Untracked 
| 342|0x0000000095600000, 0x0000000095700000, 0x0000000095700000|100%| O|  |TAMS 0x0000000095600000| PB 0x0000000095600000| Untracked 
| 343|0x0000000095700000, 0x0000000095800000, 0x0000000095800000|100%| O|  |TAMS 0x0000000095700000| PB 0x0000000095700000| Untracked 
| 344|0x0000000095800000, 0x0000000095900000, 0x0000000095900000|100%| O|  |TAMS 0x0000000095800000| PB 0x0000000095800000| Untracked 
| 345|0x0000000095900000, 0x0000000095a00000, 0x0000000095a00000|100%| O|  |TAMS 0x0000000095900000| PB 0x0000000095900000| Untracked 
| 346|0x0000000095a00000, 0x0000000095b00000, 0x0000000095b00000|100%| O|  |TAMS 0x0000000095a00000| PB 0x0000000095a00000| Untracked 
| 347|0x0000000095b00000, 0x0000000095c00000, 0x0000000095c00000|100%| O|  |TAMS 0x0000000095b00000| PB 0x0000000095b00000| Untracked 
| 348|0x0000000095c00000, 0x0000000095d00000, 0x0000000095d00000|100%| O|  |TAMS 0x0000000095c00000| PB 0x0000000095c00000| Untracked 
| 349|0x0000000095d00000, 0x0000000095e00000, 0x0000000095e00000|100%| O|  |TAMS 0x0000000095d00000| PB 0x0000000095d00000| Untracked 
| 350|0x0000000095e00000, 0x0000000095f00000, 0x0000000095f00000|100%| O|  |TAMS 0x0000000095e00000| PB 0x0000000095e00000| Untracked 
| 351|0x0000000095f00000, 0x0000000096000000, 0x0000000096000000|100%| O|  |TAMS 0x0000000095f00000| PB 0x0000000095f00000| Untracked 
| 352|0x0000000096000000, 0x0000000096100000, 0x0000000096100000|100%| O|  |TAMS 0x0000000096000000| PB 0x0000000096000000| Untracked 
| 353|0x0000000096100000, 0x0000000096200000, 0x0000000096200000|100%| O|  |TAMS 0x0000000096100000| PB 0x0000000096100000| Untracked 
| 354|0x0000000096200000, 0x0000000096300000, 0x0000000096300000|100%| O|  |TAMS 0x0000000096200000| PB 0x0000000096200000| Untracked 
| 355|0x0000000096300000, 0x0000000096400000, 0x0000000096400000|100%| O|  |TAMS 0x0000000096300000| PB 0x0000000096300000| Untracked 
| 356|0x0000000096400000, 0x0000000096500000, 0x0000000096500000|100%| O|  |TAMS 0x0000000096400000| PB 0x0000000096400000| Untracked 
| 357|0x0000000096500000, 0x0000000096600000, 0x0000000096600000|100%| O|  |TAMS 0x0000000096500000| PB 0x0000000096500000| Untracked 
| 358|0x0000000096600000, 0x0000000096700000, 0x0000000096700000|100%| O|  |TAMS 0x0000000096600000| PB 0x0000000096600000| Untracked 
| 359|0x0000000096700000, 0x0000000096800000, 0x0000000096800000|100%| O|  |TAMS 0x0000000096700000| PB 0x0000000096700000| Untracked 
| 360|0x0000000096800000, 0x0000000096900000, 0x0000000096900000|100%| O|  |TAMS 0x0000000096800000| PB 0x0000000096800000| Untracked 
| 361|0x0000000096900000, 0x0000000096a00000, 0x0000000096a00000|100%| O|  |TAMS 0x0000000096900000| PB 0x0000000096900000| Untracked 
| 362|0x0000000096a00000, 0x0000000096b00000, 0x0000000096b00000|100%| O|  |TAMS 0x0000000096a00000| PB 0x0000000096a00000| Untracked 
| 363|0x0000000096b00000, 0x0000000096c00000, 0x0000000096c00000|100%| O|  |TAMS 0x0000000096b00000| PB 0x0000000096b00000| Untracked 
| 364|0x0000000096c00000, 0x0000000096d00000, 0x0000000096d00000|100%| O|  |TAMS 0x0000000096c00000| PB 0x0000000096c00000| Untracked 
| 365|0x0000000096d00000, 0x0000000096e00000, 0x0000000096e00000|100%| O|  |TAMS 0x0000000096d00000| PB 0x0000000096d00000| Untracked 
| 366|0x0000000096e00000, 0x0000000096f00000, 0x0000000096f00000|100%| O|  |TAMS 0x0000000096e00000| PB 0x0000000096e00000| Untracked 
| 367|0x0000000096f00000, 0x0000000097000000, 0x0000000097000000|100%| O|  |TAMS 0x0000000096f00000| PB 0x0000000096f00000| Untracked 
| 368|0x0000000097000000, 0x0000000097100000, 0x0000000097100000|100%| O|  |TAMS 0x0000000097000000| PB 0x0000000097000000| Untracked 
| 369|0x0000000097100000, 0x0000000097200000, 0x0000000097200000|100%| O|  |TAMS 0x0000000097100000| PB 0x0000000097100000| Untracked 
| 370|0x0000000097200000, 0x0000000097300000, 0x0000000097300000|100%| O|  |TAMS 0x0000000097200000| PB 0x0000000097200000| Untracked 
| 371|0x0000000097300000, 0x0000000097400000, 0x0000000097400000|100%| O|  |TAMS 0x0000000097300000| PB 0x0000000097300000| Untracked 
| 372|0x0000000097400000, 0x0000000097500000, 0x0000000097500000|100%| O|  |TAMS 0x0000000097400000| PB 0x0000000097400000| Untracked 
| 373|0x0000000097500000, 0x0000000097600000, 0x0000000097600000|100%| O|  |TAMS 0x0000000097500000| PB 0x0000000097500000| Untracked 
| 374|0x0000000097600000, 0x0000000097700000, 0x0000000097700000|100%| O|  |TAMS 0x0000000097600000| PB 0x0000000097600000| Untracked 
| 375|0x0000000097700000, 0x0000000097800000, 0x0000000097800000|100%| O|  |TAMS 0x0000000097700000| PB 0x0000000097700000| Untracked 
| 376|0x0000000097800000, 0x0000000097900000, 0x0000000097900000|100%| O|  |TAMS 0x0000000097800000| PB 0x0000000097800000| Untracked 
| 377|0x0000000097900000, 0x0000000097a00000, 0x0000000097a00000|100%| O|  |TAMS 0x0000000097900000| PB 0x0000000097900000| Untracked 
| 378|0x0000000097a00000, 0x0000000097b00000, 0x0000000097b00000|100%| O|  |TAMS 0x0000000097a00000| PB 0x0000000097a00000| Untracked 
| 379|0x0000000097b00000, 0x0000000097c00000, 0x0000000097c00000|100%| O|  |TAMS 0x0000000097b00000| PB 0x0000000097b00000| Untracked 
| 380|0x0000000097c00000, 0x0000000097d00000, 0x0000000097d00000|100%| O|  |TAMS 0x0000000097c00000| PB 0x0000000097c00000| Untracked 
| 381|0x0000000097d00000, 0x0000000097e00000, 0x0000000097e00000|100%| O|  |TAMS 0x0000000097d00000| PB 0x0000000097d00000| Untracked 
| 382|0x0000000097e00000, 0x0000000097f00000, 0x0000000097f00000|100%| O|  |TAMS 0x0000000097e00000| PB 0x0000000097e00000| Untracked 
| 383|0x0000000097f00000, 0x0000000098000000, 0x0000000098000000|100%| O|  |TAMS 0x0000000097f00000| PB 0x0000000097f00000| Untracked 
| 384|0x0000000098000000, 0x0000000098100000, 0x0000000098100000|100%| O|  |TAMS 0x0000000098000000| PB 0x0000000098000000| Untracked 
| 385|0x0000000098100000, 0x0000000098200000, 0x0000000098200000|100%| O|  |TAMS 0x0000000098100000| PB 0x0000000098100000| Untracked 
| 386|0x0000000098200000, 0x0000000098300000, 0x0000000098300000|100%| O|  |TAMS 0x0000000098200000| PB 0x0000000098200000| Untracked 
| 387|0x0000000098300000, 0x0000000098400000, 0x0000000098400000|100%| O|  |TAMS 0x0000000098300000| PB 0x0000000098300000| Untracked 
| 388|0x0000000098400000, 0x0000000098500000, 0x0000000098500000|100%| O|  |TAMS 0x0000000098400000| PB 0x0000000098400000| Untracked 
| 389|0x0000000098500000, 0x0000000098600000, 0x0000000098600000|100%| O|  |TAMS 0x0000000098500000| PB 0x0000000098500000| Untracked 
| 390|0x0000000098600000, 0x0000000098700000, 0x0000000098700000|100%| O|  |TAMS 0x0000000098600000| PB 0x0000000098600000| Untracked 
| 391|0x0000000098700000, 0x0000000098800000, 0x0000000098800000|100%| O|  |TAMS 0x0000000098700000| PB 0x0000000098700000| Untracked 
| 392|0x0000000098800000, 0x0000000098900000, 0x0000000098900000|100%| O|  |TAMS 0x0000000098800000| PB 0x0000000098800000| Untracked 
| 393|0x0000000098900000, 0x0000000098a00000, 0x0000000098a00000|100%| O|  |TAMS 0x0000000098900000| PB 0x0000000098900000| Untracked 
| 394|0x0000000098a00000, 0x0000000098b00000, 0x0000000098b00000|100%| O|  |TAMS 0x0000000098a00000| PB 0x0000000098a00000| Untracked 
| 395|0x0000000098b00000, 0x0000000098c00000, 0x0000000098c00000|100%| O|  |TAMS 0x0000000098b00000| PB 0x0000000098b00000| Untracked 
| 396|0x0000000098c00000, 0x0000000098d00000, 0x0000000098d00000|100%| O|  |TAMS 0x0000000098c00000| PB 0x0000000098c00000| Untracked 
| 397|0x0000000098d00000, 0x0000000098e00000, 0x0000000098e00000|100%| O|  |TAMS 0x0000000098d00000| PB 0x0000000098d00000| Untracked 
| 398|0x0000000098e00000, 0x0000000098f00000, 0x0000000098f00000|100%| O|  |TAMS 0x0000000098e00000| PB 0x0000000098e00000| Untracked 
| 399|0x0000000098f00000, 0x0000000099000000, 0x0000000099000000|100%| O|  |TAMS 0x0000000098f00000| PB 0x0000000098f00000| Untracked 
| 400|0x0000000099000000, 0x0000000099100000, 0x0000000099100000|100%| O|  |TAMS 0x0000000099000000| PB 0x0000000099000000| Untracked 
| 401|0x0000000099100000, 0x0000000099200000, 0x0000000099200000|100%| O|  |TAMS 0x0000000099100000| PB 0x0000000099100000| Untracked 
| 402|0x0000000099200000, 0x0000000099300000, 0x0000000099300000|100%| O|  |TAMS 0x0000000099200000| PB 0x0000000099200000| Untracked 
| 403|0x0000000099300000, 0x0000000099400000, 0x0000000099400000|100%| O|  |TAMS 0x0000000099300000| PB 0x0000000099300000| Untracked 
| 404|0x0000000099400000, 0x0000000099500000, 0x0000000099500000|100%| O|  |TAMS 0x0000000099400000| PB 0x0000000099400000| Untracked 
| 405|0x0000000099500000, 0x0000000099600000, 0x0000000099600000|100%| O|  |TAMS 0x0000000099500000| PB 0x0000000099500000| Untracked 
| 406|0x0000000099600000, 0x0000000099700000, 0x0000000099700000|100%| O|  |TAMS 0x0000000099600000| PB 0x0000000099600000| Untracked 
| 407|0x0000000099700000, 0x0000000099800000, 0x0000000099800000|100%| O|  |TAMS 0x0000000099700000| PB 0x0000000099700000| Untracked 
| 408|0x0000000099800000, 0x0000000099900000, 0x0000000099900000|100%| O|  |TAMS 0x0000000099800000| PB 0x0000000099800000| Untracked 
| 409|0x0000000099900000, 0x0000000099a00000, 0x0000000099a00000|100%| O|  |TAMS 0x0000000099900000| PB 0x0000000099900000| Untracked 
| 410|0x0000000099a00000, 0x0000000099b00000, 0x0000000099b00000|100%| O|  |TAMS 0x0000000099a00000| PB 0x0000000099a00000| Untracked 
| 411|0x0000000099b00000, 0x0000000099c00000, 0x0000000099c00000|100%| O|  |TAMS 0x0000000099b00000| PB 0x0000000099b00000| Untracked 
| 412|0x0000000099c00000, 0x0000000099d00000, 0x0000000099d00000|100%| O|  |TAMS 0x0000000099c00000| PB 0x0000000099c00000| Untracked 
| 413|0x0000000099d00000, 0x0000000099e00000, 0x0000000099e00000|100%| O|  |TAMS 0x0000000099d00000| PB 0x0000000099d00000| Untracked 
| 414|0x0000000099e00000, 0x0000000099f00000, 0x0000000099f00000|100%| O|  |TAMS 0x0000000099e00000| PB 0x0000000099e00000| Untracked 
| 415|0x0000000099f00000, 0x000000009a000000, 0x000000009a000000|100%| O|  |TAMS 0x0000000099f00000| PB 0x0000000099f00000| Untracked 
| 416|0x000000009a000000, 0x000000009a100000, 0x000000009a100000|100%| O|  |TAMS 0x000000009a000000| PB 0x000000009a000000| Untracked 
| 417|0x000000009a100000, 0x000000009a200000, 0x000000009a200000|100%| O|  |TAMS 0x000000009a100000| PB 0x000000009a100000| Untracked 
| 418|0x000000009a200000, 0x000000009a300000, 0x000000009a300000|100%| O|  |TAMS 0x000000009a200000| PB 0x000000009a200000| Untracked 
| 419|0x000000009a300000, 0x000000009a400000, 0x000000009a400000|100%| O|  |TAMS 0x000000009a300000| PB 0x000000009a300000| Untracked 
| 420|0x000000009a400000, 0x000000009a500000, 0x000000009a500000|100%| O|  |TAMS 0x000000009a400000| PB 0x000000009a400000| Untracked 
| 421|0x000000009a500000, 0x000000009a500000, 0x000000009a600000|  0%| F|  |TAMS 0x000000009a500000| PB 0x000000009a500000| Untracked 
| 422|0x000000009a600000, 0x000000009a600000, 0x000000009a700000|  0%| F|  |TAMS 0x000000009a600000| PB 0x000000009a600000| Untracked 
| 423|0x000000009a700000, 0x000000009a700000, 0x000000009a800000|  0%| F|  |TAMS 0x000000009a700000| PB 0x000000009a700000| Untracked 
| 424|0x000000009a800000, 0x000000009a800000, 0x000000009a900000|  0%| F|  |TAMS 0x000000009a800000| PB 0x000000009a800000| Untracked 
| 425|0x000000009a900000, 0x000000009a900000, 0x000000009aa00000|  0%| F|  |TAMS 0x000000009a900000| PB 0x000000009a900000| Untracked 
| 426|0x000000009aa00000, 0x000000009aa00000, 0x000000009ab00000|  0%| F|  |TAMS 0x000000009aa00000| PB 0x000000009aa00000| Untracked 
| 427|0x000000009ab00000, 0x000000009ab00000, 0x000000009ac00000|  0%| F|  |TAMS 0x000000009ab00000| PB 0x000000009ab00000| Untracked 
| 428|0x000000009ac00000, 0x000000009ac00000, 0x000000009ad00000|  0%| F|  |TAMS 0x000000009ac00000| PB 0x000000009ac00000| Untracked 
| 429|0x000000009ad00000, 0x000000009ad00000, 0x000000009ae00000|  0%| F|  |TAMS 0x000000009ad00000| PB 0x000000009ad00000| Untracked 
| 430|0x000000009ae00000, 0x000000009ae00000, 0x000000009af00000|  0%| F|  |TAMS 0x000000009ae00000| PB 0x000000009ae00000| Untracked 
| 431|0x000000009af00000, 0x000000009af00000, 0x000000009b000000|  0%| F|  |TAMS 0x000000009af00000| PB 0x000000009af00000| Untracked 
| 432|0x000000009b000000, 0x000000009b000000, 0x000000009b100000|  0%| F|  |TAMS 0x000000009b000000| PB 0x000000009b000000| Untracked 
| 433|0x000000009b100000, 0x000000009b100000, 0x000000009b200000|  0%| F|  |TAMS 0x000000009b100000| PB 0x000000009b100000| Untracked 
| 434|0x000000009b200000, 0x000000009b200000, 0x000000009b300000|  0%| F|  |TAMS 0x000000009b200000| PB 0x000000009b200000| Untracked 
| 435|0x000000009b300000, 0x000000009b300000, 0x000000009b400000|  0%| F|  |TAMS 0x000000009b300000| PB 0x000000009b300000| Untracked 
| 436|0x000000009b400000, 0x000000009b400000, 0x000000009b500000|  0%| F|  |TAMS 0x000000009b400000| PB 0x000000009b400000| Untracked 
| 437|0x000000009b500000, 0x000000009b500000, 0x000000009b600000|  0%| F|  |TAMS 0x000000009b500000| PB 0x000000009b500000| Untracked 
| 438|0x000000009b600000, 0x000000009b600000, 0x000000009b700000|  0%| F|  |TAMS 0x000000009b600000| PB 0x000000009b600000| Untracked 
| 439|0x000000009b700000, 0x000000009b700000, 0x000000009b800000|  0%| F|  |TAMS 0x000000009b700000| PB 0x000000009b700000| Untracked 
| 440|0x000000009b800000, 0x000000009b800000, 0x000000009b900000|  0%| F|  |TAMS 0x000000009b800000| PB 0x000000009b800000| Untracked 
| 441|0x000000009b900000, 0x000000009b900000, 0x000000009ba00000|  0%| F|  |TAMS 0x000000009b900000| PB 0x000000009b900000| Untracked 
| 442|0x000000009ba00000, 0x000000009bb00000, 0x000000009bb00000|100%| O|  |TAMS 0x000000009ba00000| PB 0x000000009ba00000| Untracked 
| 443|0x000000009bb00000, 0x000000009bc00000, 0x000000009bc00000|100%| O|  |TAMS 0x000000009bb00000| PB 0x000000009bb00000| Untracked 
| 444|0x000000009bc00000, 0x000000009bd00000, 0x000000009bd00000|100%| O|  |TAMS 0x000000009bc00000| PB 0x000000009bc00000| Untracked 
| 445|0x000000009bd00000, 0x000000009be00000, 0x000000009be00000|100%| O|  |TAMS 0x000000009bd00000| PB 0x000000009bd00000| Untracked 
| 446|0x000000009be00000, 0x000000009bf00000, 0x000000009bf00000|100%| O|  |TAMS 0x000000009be00000| PB 0x000000009be00000| Untracked 
| 447|0x000000009bf00000, 0x000000009c000000, 0x000000009c000000|100%| O|  |TAMS 0x000000009bf00000| PB 0x000000009bf00000| Untracked 
| 448|0x000000009c000000, 0x000000009c100000, 0x000000009c100000|100%| O|  |TAMS 0x000000009c000000| PB 0x000000009c000000| Untracked 
| 449|0x000000009c100000, 0x000000009c200000, 0x000000009c200000|100%| O|  |TAMS 0x000000009c100000| PB 0x000000009c100000| Untracked 
| 450|0x000000009c200000, 0x000000009c280000, 0x000000009c300000| 50%| O|  |TAMS 0x000000009c200000| PB 0x000000009c200000| Untracked 
| 451|0x000000009c300000, 0x000000009c300000, 0x000000009c400000|  0%| F|  |TAMS 0x000000009c300000| PB 0x000000009c300000| Untracked 
| 452|0x000000009c400000, 0x000000009c400000, 0x000000009c500000|  0%| F|  |TAMS 0x000000009c400000| PB 0x000000009c400000| Untracked 
| 453|0x000000009c500000, 0x000000009c500000, 0x000000009c600000|  0%| F|  |TAMS 0x000000009c500000| PB 0x000000009c500000| Untracked 
| 454|0x000000009c600000, 0x000000009c600000, 0x000000009c700000|  0%| F|  |TAMS 0x000000009c600000| PB 0x000000009c600000| Untracked 
| 455|0x000000009c700000, 0x000000009c700000, 0x000000009c800000|  0%| F|  |TAMS 0x000000009c700000| PB 0x000000009c700000| Untracked 
| 456|0x000000009c800000, 0x000000009c800000, 0x000000009c900000|  0%| F|  |TAMS 0x000000009c800000| PB 0x000000009c800000| Untracked 
| 457|0x000000009c900000, 0x000000009c900000, 0x000000009ca00000|  0%| F|  |TAMS 0x000000009c900000| PB 0x000000009c900000| Untracked 
| 458|0x000000009ca00000, 0x000000009ca00000, 0x000000009cb00000|  0%| F|  |TAMS 0x000000009ca00000| PB 0x000000009ca00000| Untracked 
| 459|0x000000009cb00000, 0x000000009cc00000, 0x000000009cc00000|100%| S|CS|TAMS 0x000000009cb00000| PB 0x000000009cb00000| Complete 
| 460|0x000000009cc00000, 0x000000009cd00000, 0x000000009cd00000|100%| S|CS|TAMS 0x000000009cc00000| PB 0x000000009cc00000| Complete 
| 461|0x000000009cd00000, 0x000000009ce00000, 0x000000009ce00000|100%| S|CS|TAMS 0x000000009cd00000| PB 0x000000009cd00000| Complete 
| 462|0x000000009ce00000, 0x000000009cf00000, 0x000000009cf00000|100%| S|CS|TAMS 0x000000009ce00000| PB 0x000000009ce00000| Complete 
| 463|0x000000009cf00000, 0x000000009d000000, 0x000000009d000000|100%| S|CS|TAMS 0x000000009cf00000| PB 0x000000009cf00000| Complete 
| 464|0x000000009d000000, 0x000000009d100000, 0x000000009d100000|100%| S|CS|TAMS 0x000000009d000000| PB 0x000000009d000000| Complete 
| 465|0x000000009d100000, 0x000000009d200000, 0x000000009d200000|100%| S|CS|TAMS 0x000000009d100000| PB 0x000000009d100000| Complete 
| 466|0x000000009d200000, 0x000000009d300000, 0x000000009d300000|100%| S|CS|TAMS 0x000000009d200000| PB 0x000000009d200000| Complete 
| 467|0x000000009d300000, 0x000000009d400000, 0x000000009d400000|100%| S|CS|TAMS 0x000000009d300000| PB 0x000000009d300000| Complete 
| 468|0x000000009d400000, 0x000000009d500000, 0x000000009d500000|100%| S|CS|TAMS 0x000000009d400000| PB 0x000000009d400000| Complete 
| 469|0x000000009d500000, 0x000000009d600000, 0x000000009d600000|100%| S|CS|TAMS 0x000000009d500000| PB 0x000000009d500000| Complete 
| 470|0x000000009d600000, 0x000000009d700000, 0x000000009d700000|100%| S|CS|TAMS 0x000000009d600000| PB 0x000000009d600000| Complete 
| 471|0x000000009d700000, 0x000000009d800000, 0x000000009d800000|100%| S|CS|TAMS 0x000000009d700000| PB 0x000000009d700000| Complete 
| 472|0x000000009d800000, 0x000000009d900000, 0x000000009d900000|100%| S|CS|TAMS 0x000000009d800000| PB 0x000000009d800000| Complete 
| 473|0x000000009d900000, 0x000000009da00000, 0x000000009da00000|100%| S|CS|TAMS 0x000000009d900000| PB 0x000000009d900000| Complete 
| 474|0x000000009da00000, 0x000000009db00000, 0x000000009db00000|100%| S|CS|TAMS 0x000000009da00000| PB 0x000000009da00000| Complete 
| 475|0x000000009db00000, 0x000000009dc00000, 0x000000009dc00000|100%| S|CS|TAMS 0x000000009db00000| PB 0x000000009db00000| Complete 
| 476|0x000000009dc00000, 0x000000009dd00000, 0x000000009dd00000|100%| S|CS|TAMS 0x000000009dc00000| PB 0x000000009dc00000| Complete 
| 477|0x000000009dd00000, 0x000000009de00000, 0x000000009de00000|100%| S|CS|TAMS 0x000000009dd00000| PB 0x000000009dd00000| Complete 
| 478|0x000000009de00000, 0x000000009de00000, 0x000000009df00000|  0%| F|  |TAMS 0x000000009de00000| PB 0x000000009de00000| Untracked 
| 479|0x000000009df00000, 0x000000009df00000, 0x000000009e000000|  0%| F|  |TAMS 0x000000009df00000| PB 0x000000009df00000| Untracked 
| 480|0x000000009e000000, 0x000000009e000000, 0x000000009e100000|  0%| F|  |TAMS 0x000000009e000000| PB 0x000000009e000000| Untracked 
| 481|0x000000009e100000, 0x000000009e100000, 0x000000009e200000|  0%| F|  |TAMS 0x000000009e100000| PB 0x000000009e100000| Untracked 
| 482|0x000000009e200000, 0x000000009e200000, 0x000000009e300000|  0%| F|  |TAMS 0x000000009e200000| PB 0x000000009e200000| Untracked 
| 483|0x000000009e300000, 0x000000009e300000, 0x000000009e400000|  0%| F|  |TAMS 0x000000009e300000| PB 0x000000009e300000| Untracked 
| 484|0x000000009e400000, 0x000000009e400000, 0x000000009e500000|  0%| F|  |TAMS 0x000000009e400000| PB 0x000000009e400000| Untracked 
| 485|0x000000009e500000, 0x000000009e500000, 0x000000009e600000|  0%| F|  |TAMS 0x000000009e500000| PB 0x000000009e500000| Untracked 
| 486|0x000000009e600000, 0x000000009e600000, 0x000000009e700000|  0%| F|  |TAMS 0x000000009e600000| PB 0x000000009e600000| Untracked 
| 487|0x000000009e700000, 0x000000009e700000, 0x000000009e800000|  0%| F|  |TAMS 0x000000009e700000| PB 0x000000009e700000| Untracked 
| 488|0x000000009e800000, 0x000000009e800000, 0x000000009e900000|  0%| F|  |TAMS 0x000000009e800000| PB 0x000000009e800000| Untracked 
| 489|0x000000009e900000, 0x000000009e900000, 0x000000009ea00000|  0%| F|  |TAMS 0x000000009e900000| PB 0x000000009e900000| Untracked 
| 490|0x000000009ea00000, 0x000000009ea00000, 0x000000009eb00000|  0%| F|  |TAMS 0x000000009ea00000| PB 0x000000009ea00000| Untracked 
| 491|0x000000009eb00000, 0x000000009eb00000, 0x000000009ec00000|  0%| F|  |TAMS 0x000000009eb00000| PB 0x000000009eb00000| Untracked 
| 492|0x000000009ec00000, 0x000000009ec00000, 0x000000009ed00000|  0%| F|  |TAMS 0x000000009ec00000| PB 0x000000009ec00000| Untracked 
| 493|0x000000009ed00000, 0x000000009ed00000, 0x000000009ee00000|  0%| F|  |TAMS 0x000000009ed00000| PB 0x000000009ed00000| Untracked 
| 494|0x000000009ee00000, 0x000000009ee00000, 0x000000009ef00000|  0%| F|  |TAMS 0x000000009ee00000| PB 0x000000009ee00000| Untracked 
| 495|0x000000009ef00000, 0x000000009ef00000, 0x000000009f000000|  0%| F|  |TAMS 0x000000009ef00000| PB 0x000000009ef00000| Untracked 
| 496|0x000000009f000000, 0x000000009f000000, 0x000000009f100000|  0%| F|  |TAMS 0x000000009f000000| PB 0x000000009f000000| Untracked 
| 497|0x000000009f100000, 0x000000009f100000, 0x000000009f200000|  0%| F|  |TAMS 0x000000009f100000| PB 0x000000009f100000| Untracked 
| 498|0x000000009f200000, 0x000000009f200000, 0x000000009f300000|  0%| F|  |TAMS 0x000000009f200000| PB 0x000000009f200000| Untracked 
| 499|0x000000009f300000, 0x000000009f300000, 0x000000009f400000|  0%| F|  |TAMS 0x000000009f300000| PB 0x000000009f300000| Untracked 
| 500|0x000000009f400000, 0x000000009f400000, 0x000000009f500000|  0%| F|  |TAMS 0x000000009f400000| PB 0x000000009f400000| Untracked 
| 501|0x000000009f500000, 0x000000009f500000, 0x000000009f600000|  0%| F|  |TAMS 0x000000009f500000| PB 0x000000009f500000| Untracked 
| 502|0x000000009f600000, 0x000000009f600000, 0x000000009f700000|  0%| F|  |TAMS 0x000000009f600000| PB 0x000000009f600000| Untracked 
| 503|0x000000009f700000, 0x000000009f700000, 0x000000009f800000|  0%| F|  |TAMS 0x000000009f700000| PB 0x000000009f700000| Untracked 
| 504|0x000000009f800000, 0x000000009f800000, 0x000000009f900000|  0%| F|  |TAMS 0x000000009f800000| PB 0x000000009f800000| Untracked 
| 505|0x000000009f900000, 0x000000009f900000, 0x000000009fa00000|  0%| F|  |TAMS 0x000000009f900000| PB 0x000000009f900000| Untracked 
| 506|0x000000009fa00000, 0x000000009fa00000, 0x000000009fb00000|  0%| F|  |TAMS 0x000000009fa00000| PB 0x000000009fa00000| Untracked 
| 507|0x000000009fb00000, 0x000000009fb00000, 0x000000009fc00000|  0%| F|  |TAMS 0x000000009fb00000| PB 0x000000009fb00000| Untracked 
| 508|0x000000009fc00000, 0x000000009fc00000, 0x000000009fd00000|  0%| F|  |TAMS 0x000000009fc00000| PB 0x000000009fc00000| Untracked 
| 509|0x000000009fd00000, 0x000000009fd00000, 0x000000009fe00000|  0%| F|  |TAMS 0x000000009fd00000| PB 0x000000009fd00000| Untracked 
| 510|0x000000009fe00000, 0x000000009fe00000, 0x000000009ff00000|  0%| F|  |TAMS 0x000000009fe00000| PB 0x000000009fe00000| Untracked 
| 511|0x000000009ff00000, 0x000000009ff00000, 0x00000000a0000000|  0%| F|  |TAMS 0x000000009ff00000| PB 0x000000009ff00000| Untracked 
| 512|0x00000000a0000000, 0x00000000a0000000, 0x00000000a0100000|  0%| F|  |TAMS 0x00000000a0000000| PB 0x00000000a0000000| Untracked 
| 513|0x00000000a0100000, 0x00000000a0100000, 0x00000000a0200000|  0%| F|  |TAMS 0x00000000a0100000| PB 0x00000000a0100000| Untracked 
| 514|0x00000000a0200000, 0x00000000a0200000, 0x00000000a0300000|  0%| F|  |TAMS 0x00000000a0200000| PB 0x00000000a0200000| Untracked 
| 515|0x00000000a0300000, 0x00000000a0300000, 0x00000000a0400000|  0%| F|  |TAMS 0x00000000a0300000| PB 0x00000000a0300000| Untracked 
| 516|0x00000000a0400000, 0x00000000a0400000, 0x00000000a0500000|  0%| F|  |TAMS 0x00000000a0400000| PB 0x00000000a0400000| Untracked 
| 517|0x00000000a0500000, 0x00000000a0500000, 0x00000000a0600000|  0%| F|  |TAMS 0x00000000a0500000| PB 0x00000000a0500000| Untracked 
| 518|0x00000000a0600000, 0x00000000a0600000, 0x00000000a0700000|  0%| F|  |TAMS 0x00000000a0600000| PB 0x00000000a0600000| Untracked 
| 519|0x00000000a0700000, 0x00000000a0700000, 0x00000000a0800000|  0%| F|  |TAMS 0x00000000a0700000| PB 0x00000000a0700000| Untracked 
| 520|0x00000000a0800000, 0x00000000a0800000, 0x00000000a0900000|  0%| F|  |TAMS 0x00000000a0800000| PB 0x00000000a0800000| Untracked 
| 521|0x00000000a0900000, 0x00000000a0900000, 0x00000000a0a00000|  0%| F|  |TAMS 0x00000000a0900000| PB 0x00000000a0900000| Untracked 
| 522|0x00000000a0a00000, 0x00000000a0a00000, 0x00000000a0b00000|  0%| F|  |TAMS 0x00000000a0a00000| PB 0x00000000a0a00000| Untracked 
| 523|0x00000000a0b00000, 0x00000000a0b00000, 0x00000000a0c00000|  0%| F|  |TAMS 0x00000000a0b00000| PB 0x00000000a0b00000| Untracked 
| 524|0x00000000a0c00000, 0x00000000a0c00000, 0x00000000a0d00000|  0%| F|  |TAMS 0x00000000a0c00000| PB 0x00000000a0c00000| Untracked 
| 525|0x00000000a0d00000, 0x00000000a0d00000, 0x00000000a0e00000|  0%| F|  |TAMS 0x00000000a0d00000| PB 0x00000000a0d00000| Untracked 
| 526|0x00000000a0e00000, 0x00000000a0e00000, 0x00000000a0f00000|  0%| F|  |TAMS 0x00000000a0e00000| PB 0x00000000a0e00000| Untracked 
| 527|0x00000000a0f00000, 0x00000000a0f00000, 0x00000000a1000000|  0%| F|  |TAMS 0x00000000a0f00000| PB 0x00000000a0f00000| Untracked 
| 528|0x00000000a1000000, 0x00000000a1000000, 0x00000000a1100000|  0%| F|  |TAMS 0x00000000a1000000| PB 0x00000000a1000000| Untracked 
| 529|0x00000000a1100000, 0x00000000a1100000, 0x00000000a1200000|  0%| F|  |TAMS 0x00000000a1100000| PB 0x00000000a1100000| Untracked 
| 530|0x00000000a1200000, 0x00000000a1200000, 0x00000000a1300000|  0%| F|  |TAMS 0x00000000a1200000| PB 0x00000000a1200000| Untracked 
| 531|0x00000000a1300000, 0x00000000a1300000, 0x00000000a1400000|  0%| F|  |TAMS 0x00000000a1300000| PB 0x00000000a1300000| Untracked 
| 532|0x00000000a1400000, 0x00000000a1400000, 0x00000000a1500000|  0%| F|  |TAMS 0x00000000a1400000| PB 0x00000000a1400000| Untracked 
| 533|0x00000000a1500000, 0x00000000a1500000, 0x00000000a1600000|  0%| F|  |TAMS 0x00000000a1500000| PB 0x00000000a1500000| Untracked 
| 534|0x00000000a1600000, 0x00000000a1600000, 0x00000000a1700000|  0%| F|  |TAMS 0x00000000a1600000| PB 0x00000000a1600000| Untracked 
| 535|0x00000000a1700000, 0x00000000a1700000, 0x00000000a1800000|  0%| F|  |TAMS 0x00000000a1700000| PB 0x00000000a1700000| Untracked 
| 536|0x00000000a1800000, 0x00000000a1800000, 0x00000000a1900000|  0%| F|  |TAMS 0x00000000a1800000| PB 0x00000000a1800000| Untracked 
| 537|0x00000000a1900000, 0x00000000a1900000, 0x00000000a1a00000|  0%| F|  |TAMS 0x00000000a1900000| PB 0x00000000a1900000| Untracked 
| 538|0x00000000a1a00000, 0x00000000a1a00000, 0x00000000a1b00000|  0%| F|  |TAMS 0x00000000a1a00000| PB 0x00000000a1a00000| Untracked 
| 539|0x00000000a1b00000, 0x00000000a1b00000, 0x00000000a1c00000|  0%| F|  |TAMS 0x00000000a1b00000| PB 0x00000000a1b00000| Untracked 
| 540|0x00000000a1c00000, 0x00000000a1c00000, 0x00000000a1d00000|  0%| F|  |TAMS 0x00000000a1c00000| PB 0x00000000a1c00000| Untracked 
| 541|0x00000000a1d00000, 0x00000000a1d00000, 0x00000000a1e00000|  0%| F|  |TAMS 0x00000000a1d00000| PB 0x00000000a1d00000| Untracked 
| 542|0x00000000a1e00000, 0x00000000a1e00000, 0x00000000a1f00000|  0%| F|  |TAMS 0x00000000a1e00000| PB 0x00000000a1e00000| Untracked 
| 543|0x00000000a1f00000, 0x00000000a1f00000, 0x00000000a2000000|  0%| F|  |TAMS 0x00000000a1f00000| PB 0x00000000a1f00000| Untracked 
| 544|0x00000000a2000000, 0x00000000a2000000, 0x00000000a2100000|  0%| F|  |TAMS 0x00000000a2000000| PB 0x00000000a2000000| Untracked 
| 545|0x00000000a2100000, 0x00000000a2100000, 0x00000000a2200000|  0%| F|  |TAMS 0x00000000a2100000| PB 0x00000000a2100000| Untracked 
| 546|0x00000000a2200000, 0x00000000a2200000, 0x00000000a2300000|  0%| F|  |TAMS 0x00000000a2200000| PB 0x00000000a2200000| Untracked 
| 547|0x00000000a2300000, 0x00000000a2300000, 0x00000000a2400000|  0%| F|  |TAMS 0x00000000a2300000| PB 0x00000000a2300000| Untracked 
| 548|0x00000000a2400000, 0x00000000a2400000, 0x00000000a2500000|  0%| F|  |TAMS 0x00000000a2400000| PB 0x00000000a2400000| Untracked 
| 549|0x00000000a2500000, 0x00000000a2500000, 0x00000000a2600000|  0%| F|  |TAMS 0x00000000a2500000| PB 0x00000000a2500000| Untracked 
| 550|0x00000000a2600000, 0x00000000a2600000, 0x00000000a2700000|  0%| F|  |TAMS 0x00000000a2600000| PB 0x00000000a2600000| Untracked 
| 551|0x00000000a2700000, 0x00000000a2700000, 0x00000000a2800000|  0%| F|  |TAMS 0x00000000a2700000| PB 0x00000000a2700000| Untracked 
| 552|0x00000000a2800000, 0x00000000a2800000, 0x00000000a2900000|  0%| F|  |TAMS 0x00000000a2800000| PB 0x00000000a2800000| Untracked 
| 553|0x00000000a2900000, 0x00000000a2900000, 0x00000000a2a00000|  0%| F|  |TAMS 0x00000000a2900000| PB 0x00000000a2900000| Untracked 
| 554|0x00000000a2a00000, 0x00000000a2a00000, 0x00000000a2b00000|  0%| F|  |TAMS 0x00000000a2a00000| PB 0x00000000a2a00000| Untracked 
| 555|0x00000000a2b00000, 0x00000000a2b00000, 0x00000000a2c00000|  0%| F|  |TAMS 0x00000000a2b00000| PB 0x00000000a2b00000| Untracked 
| 556|0x00000000a2c00000, 0x00000000a2c00000, 0x00000000a2d00000|  0%| F|  |TAMS 0x00000000a2c00000| PB 0x00000000a2c00000| Untracked 
| 557|0x00000000a2d00000, 0x00000000a2d00000, 0x00000000a2e00000|  0%| F|  |TAMS 0x00000000a2d00000| PB 0x00000000a2d00000| Untracked 
| 558|0x00000000a2e00000, 0x00000000a2e00000, 0x00000000a2f00000|  0%| F|  |TAMS 0x00000000a2e00000| PB 0x00000000a2e00000| Untracked 
| 559|0x00000000a2f00000, 0x00000000a2f00000, 0x00000000a3000000|  0%| F|  |TAMS 0x00000000a2f00000| PB 0x00000000a2f00000| Untracked 
| 560|0x00000000a3000000, 0x00000000a3000000, 0x00000000a3100000|  0%| F|  |TAMS 0x00000000a3000000| PB 0x00000000a3000000| Untracked 
| 561|0x00000000a3100000, 0x00000000a3100000, 0x00000000a3200000|  0%| F|  |TAMS 0x00000000a3100000| PB 0x00000000a3100000| Untracked 
| 562|0x00000000a3200000, 0x00000000a3200000, 0x00000000a3300000|  0%| F|  |TAMS 0x00000000a3200000| PB 0x00000000a3200000| Untracked 
| 563|0x00000000a3300000, 0x00000000a3300000, 0x00000000a3400000|  0%| F|  |TAMS 0x00000000a3300000| PB 0x00000000a3300000| Untracked 
| 564|0x00000000a3400000, 0x00000000a3400000, 0x00000000a3500000|  0%| F|  |TAMS 0x00000000a3400000| PB 0x00000000a3400000| Untracked 
| 565|0x00000000a3500000, 0x00000000a3500000, 0x00000000a3600000|  0%| F|  |TAMS 0x00000000a3500000| PB 0x00000000a3500000| Untracked 
| 566|0x00000000a3600000, 0x00000000a3600000, 0x00000000a3700000|  0%| F|  |TAMS 0x00000000a3600000| PB 0x00000000a3600000| Untracked 
| 567|0x00000000a3700000, 0x00000000a3700000, 0x00000000a3800000|  0%| F|  |TAMS 0x00000000a3700000| PB 0x00000000a3700000| Untracked 
| 568|0x00000000a3800000, 0x00000000a3800000, 0x00000000a3900000|  0%| F|  |TAMS 0x00000000a3800000| PB 0x00000000a3800000| Untracked 
| 569|0x00000000a3900000, 0x00000000a3900000, 0x00000000a3a00000|  0%| F|  |TAMS 0x00000000a3900000| PB 0x00000000a3900000| Untracked 
| 570|0x00000000a3a00000, 0x00000000a3a00000, 0x00000000a3b00000|  0%| F|  |TAMS 0x00000000a3a00000| PB 0x00000000a3a00000| Untracked 
| 571|0x00000000a3b00000, 0x00000000a3b00000, 0x00000000a3c00000|  0%| F|  |TAMS 0x00000000a3b00000| PB 0x00000000a3b00000| Untracked 
| 572|0x00000000a3c00000, 0x00000000a3c00000, 0x00000000a3d00000|  0%| F|  |TAMS 0x00000000a3c00000| PB 0x00000000a3c00000| Untracked 
| 573|0x00000000a3d00000, 0x00000000a3d00000, 0x00000000a3e00000|  0%| F|  |TAMS 0x00000000a3d00000| PB 0x00000000a3d00000| Untracked 
| 574|0x00000000a3e00000, 0x00000000a3e00000, 0x00000000a3f00000|  0%| F|  |TAMS 0x00000000a3e00000| PB 0x00000000a3e00000| Untracked 
| 575|0x00000000a3f00000, 0x00000000a3f00000, 0x00000000a4000000|  0%| F|  |TAMS 0x00000000a3f00000| PB 0x00000000a3f00000| Untracked 
| 576|0x00000000a4000000, 0x00000000a4000000, 0x00000000a4100000|  0%| F|  |TAMS 0x00000000a4000000| PB 0x00000000a4000000| Untracked 
| 577|0x00000000a4100000, 0x00000000a4100000, 0x00000000a4200000|  0%| F|  |TAMS 0x00000000a4100000| PB 0x00000000a4100000| Untracked 
| 578|0x00000000a4200000, 0x00000000a4200000, 0x00000000a4300000|  0%| F|  |TAMS 0x00000000a4200000| PB 0x00000000a4200000| Untracked 
| 579|0x00000000a4300000, 0x00000000a4300000, 0x00000000a4400000|  0%| F|  |TAMS 0x00000000a4300000| PB 0x00000000a4300000| Untracked 
| 580|0x00000000a4400000, 0x00000000a4400000, 0x00000000a4500000|  0%| F|  |TAMS 0x00000000a4400000| PB 0x00000000a4400000| Untracked 
| 581|0x00000000a4500000, 0x00000000a4500000, 0x00000000a4600000|  0%| F|  |TAMS 0x00000000a4500000| PB 0x00000000a4500000| Untracked 
| 582|0x00000000a4600000, 0x00000000a4600000, 0x00000000a4700000|  0%| F|  |TAMS 0x00000000a4600000| PB 0x00000000a4600000| Untracked 
| 583|0x00000000a4700000, 0x00000000a4700000, 0x00000000a4800000|  0%| F|  |TAMS 0x00000000a4700000| PB 0x00000000a4700000| Untracked 
| 584|0x00000000a4800000, 0x00000000a4800000, 0x00000000a4900000|  0%| F|  |TAMS 0x00000000a4800000| PB 0x00000000a4800000| Untracked 
| 585|0x00000000a4900000, 0x00000000a4900000, 0x00000000a4a00000|  0%| F|  |TAMS 0x00000000a4900000| PB 0x00000000a4900000| Untracked 
| 586|0x00000000a4a00000, 0x00000000a4a00000, 0x00000000a4b00000|  0%| F|  |TAMS 0x00000000a4a00000| PB 0x00000000a4a00000| Untracked 
| 587|0x00000000a4b00000, 0x00000000a4b00000, 0x00000000a4c00000|  0%| F|  |TAMS 0x00000000a4b00000| PB 0x00000000a4b00000| Untracked 
| 588|0x00000000a4c00000, 0x00000000a4c00000, 0x00000000a4d00000|  0%| F|  |TAMS 0x00000000a4c00000| PB 0x00000000a4c00000| Untracked 
| 589|0x00000000a4d00000, 0x00000000a4d00000, 0x00000000a4e00000|  0%| F|  |TAMS 0x00000000a4d00000| PB 0x00000000a4d00000| Untracked 
| 590|0x00000000a4e00000, 0x00000000a4e00000, 0x00000000a4f00000|  0%| F|  |TAMS 0x00000000a4e00000| PB 0x00000000a4e00000| Untracked 
| 591|0x00000000a4f00000, 0x00000000a4f00000, 0x00000000a5000000|  0%| F|  |TAMS 0x00000000a4f00000| PB 0x00000000a4f00000| Untracked 
| 592|0x00000000a5000000, 0x00000000a5000000, 0x00000000a5100000|  0%| F|  |TAMS 0x00000000a5000000| PB 0x00000000a5000000| Untracked 
| 593|0x00000000a5100000, 0x00000000a5100000, 0x00000000a5200000|  0%| F|  |TAMS 0x00000000a5100000| PB 0x00000000a5100000| Untracked 
| 594|0x00000000a5200000, 0x00000000a5200000, 0x00000000a5300000|  0%| F|  |TAMS 0x00000000a5200000| PB 0x00000000a5200000| Untracked 
| 595|0x00000000a5300000, 0x00000000a5300000, 0x00000000a5400000|  0%| F|  |TAMS 0x00000000a5300000| PB 0x00000000a5300000| Untracked 
| 596|0x00000000a5400000, 0x00000000a5400000, 0x00000000a5500000|  0%| F|  |TAMS 0x00000000a5400000| PB 0x00000000a5400000| Untracked 
| 597|0x00000000a5500000, 0x00000000a5500000, 0x00000000a5600000|  0%| F|  |TAMS 0x00000000a5500000| PB 0x00000000a5500000| Untracked 
| 598|0x00000000a5600000, 0x00000000a5600000, 0x00000000a5700000|  0%| F|  |TAMS 0x00000000a5600000| PB 0x00000000a5600000| Untracked 
|2022|0x00000000fe600000, 0x00000000fe600000, 0x00000000fe700000|  0%| F|  |TAMS 0x00000000fe600000| PB 0x00000000fe600000| Untracked 
|2023|0x00000000fe700000, 0x00000000fe700000, 0x00000000fe800000|  0%| F|  |TAMS 0x00000000fe700000| PB 0x00000000fe700000| Untracked 
|2024|0x00000000fe800000, 0x00000000fe800000, 0x00000000fe900000|  0%| F|  |TAMS 0x00000000fe800000| PB 0x00000000fe800000| Untracked 
|2025|0x00000000fe900000, 0x00000000fe900000, 0x00000000fea00000|  0%| F|  |TAMS 0x00000000fe900000| PB 0x00000000fe900000| Untracked 
|2026|0x00000000fea00000, 0x00000000feb00000, 0x00000000feb00000|100%| O|  |TAMS 0x00000000fea00000| PB 0x00000000fea00000| Untracked 
|2027|0x00000000feb00000, 0x00000000feb00000, 0x00000000fec00000|  0%| F|  |TAMS 0x00000000feb00000| PB 0x00000000feb00000| Untracked 
|2028|0x00000000fec00000, 0x00000000fed00000, 0x00000000fed00000|100%| O|  |TAMS 0x00000000fec00000| PB 0x00000000fec00000| Untracked 
|2029|0x00000000fed00000, 0x00000000fee00000, 0x00000000fee00000|100%| O|  |TAMS 0x00000000fed00000| PB 0x00000000fed00000| Untracked 
|2030|0x00000000fee00000, 0x00000000fef00000, 0x00000000fef00000|100%| O|  |TAMS 0x00000000fee00000| PB 0x00000000fee00000| Untracked 
|2031|0x00000000fef00000, 0x00000000ff000000, 0x00000000ff000000|100%| O|  |TAMS 0x00000000fef00000| PB 0x00000000fef00000| Untracked 
|2032|0x00000000ff000000, 0x00000000ff100000, 0x00000000ff100000|100%| O|  |TAMS 0x00000000ff000000| PB 0x00000000ff000000| Untracked 
|2033|0x00000000ff100000, 0x00000000ff200000, 0x00000000ff200000|100%| O|  |TAMS 0x00000000ff100000| PB 0x00000000ff100000| Untracked 
|2034|0x00000000ff200000, 0x00000000ff300000, 0x00000000ff300000|100%| O|  |TAMS 0x00000000ff200000| PB 0x00000000ff200000| Untracked 
|2035|0x00000000ff300000, 0x00000000ff400000, 0x00000000ff400000|100%| O|  |TAMS 0x00000000ff300000| PB 0x00000000ff300000| Untracked 
|2036|0x00000000ff400000, 0x00000000ff500000, 0x00000000ff500000|100%| O|  |TAMS 0x00000000ff400000| PB 0x00000000ff400000| Untracked 
|2037|0x00000000ff500000, 0x00000000ff600000, 0x00000000ff600000|100%| O|  |TAMS 0x00000000ff500000| PB 0x00000000ff500000| Untracked 
|2038|0x00000000ff600000, 0x00000000ff700000, 0x00000000ff700000|100%| O|  |TAMS 0x00000000ff600000| PB 0x00000000ff600000| Untracked 
|2039|0x00000000ff700000, 0x00000000ff700000, 0x00000000ff800000|  0%| F|  |TAMS 0x00000000ff700000| PB 0x00000000ff700000| Untracked 
|2040|0x00000000ff800000, 0x00000000ff900000, 0x00000000ff900000|100%| O|  |TAMS 0x00000000ff800000| PB 0x00000000ff800000| Untracked 
|2041|0x00000000ff900000, 0x00000000ffa00000, 0x00000000ffa00000|100%| O|  |TAMS 0x00000000ff900000| PB 0x00000000ff900000| Untracked 
|2042|0x00000000ffa00000, 0x00000000ffb00000, 0x00000000ffb00000|100%| O|  |TAMS 0x00000000ffa00000| PB 0x00000000ffa00000| Untracked 
|2043|0x00000000ffb00000, 0x00000000ffc00000, 0x00000000ffc00000|100%| O|  |TAMS 0x00000000ffb00000| PB 0x00000000ffb00000| Untracked 
|2044|0x00000000ffc00000, 0x00000000ffd00000, 0x00000000ffd00000|100%| O|  |TAMS 0x00000000ffc00000| PB 0x00000000ffc00000| Untracked 
|2045|0x00000000ffd00000, 0x00000000ffe00000, 0x00000000ffe00000|100%| O|  |TAMS 0x00000000ffd00000| PB 0x00000000ffd00000| Untracked 
|2046|0x00000000ffe00000, 0x00000000fff00000, 0x00000000fff00000|100%| O|  |TAMS 0x00000000ffe00000| PB 0x00000000ffe00000| Untracked 
|2047|0x00000000fff00000, 0x0000000100000000, 0x0000000100000000|100%| O|  |TAMS 0x00000000fff00000| PB 0x00000000fff00000| Untracked 

Card table byte_map: [0x000001b33b7f0000,0x000001b33bbf0000] _byte_map_base: 0x000001b33b3f0000

Marking Bits: (CMBitMap*) 0x000001b326f75850
 Bits: [0x000001b33bbf0000, 0x000001b33dbf0000)

Polling page: 0x000001b326cc0000

Metaspace:

Usage:
  Non-class:    160.40 MB used.
      Class:     23.84 MB used.
       Both:    184.24 MB used.

Virtual space:
  Non-class space:      192.00 MB reserved,     161.62 MB ( 84%) committed,  3 nodes.
      Class space:        1.00 GB reserved,      25.06 MB (  2%) committed,  1 nodes.
             Both:        1.19 GB reserved,     186.69 MB ( 15%) committed. 

Chunk freelists:
   Non-Class:  14.02 MB
       Class:  6.94 MB
        Both:  20.95 MB

MaxMetaspaceSize: unlimited
CompressedClassSpaceSize: 1.00 GB
Initial GC threshold: 21.00 MB
Current GC threshold: 307.19 MB
CDS: off
 - commit_granule_bytes: 65536.
 - commit_granule_words: 8192.
 - virtual_space_node_default_size: 8388608.
 - enlarge_chunks_in_place: 1.
 - use_allocation_guard: 0.


Internal statistics:

num_allocs_failed_limit: 12.
num_arena_births: 5002.
num_arena_deaths: 4.
num_vsnodes_births: 4.
num_vsnodes_deaths: 0.
num_space_committed: 2984.
num_space_uncommitted: 0.
num_chunks_returned_to_freelist: 18.
num_chunks_taken_from_freelist: 12489.
num_chunk_merges: 13.
num_chunk_splits: 8815.
num_chunks_enlarged: 6222.
num_inconsistent_stats: 0.

CodeHeap 'non-profiled nmethods': size=120000Kb used=11224Kb max_used=11801Kb free=108775Kb
 bounds [0x000001b333210000, 0x000001b333da0000, 0x000001b33a740000]
CodeHeap 'profiled nmethods': size=120000Kb used=39476Kb max_used=39516Kb free=80524Kb
 bounds [0x000001b32b740000, 0x000001b32de10000, 0x000001b332c70000]
CodeHeap 'non-nmethods': size=5760Kb used=2713Kb max_used=2778Kb free=3046Kb
 bounds [0x000001b332c70000, 0x000001b332f30000, 0x000001b333210000]
 total_blobs=19436 nmethods=18357 adapters=980
 compilation: enabled
              stopped_count=0, restarted_count=0
 full_count=0

Compilation events (20 events):
Event: 20.802 Thread 0x000001b340b3a300 22958       2       com.android.tools.r8.internal.ib::<init> (89 bytes)
Event: 20.802 Thread 0x000001b340b3a300 nmethod 22958 0x000001b32c0be690 code [0x000001b32c0be840, 0x000001b32c0beab0]
Event: 20.809 Thread 0x000001b340b3a300 22959       3       com.android.tools.r8.internal.Gd::a (43 bytes)
Event: 20.810 Thread 0x000001b340b3a300 nmethod 22959 0x000001b32bf48990 code [0x000001b32bf48b60, 0x000001b32bf48e18]
Event: 20.810 Thread 0x000001b340b3a300 22962   !   3       com.android.tools.r8.graph.q4::G0 (438 bytes)
Event: 20.811 Thread 0x000001b340b3a300 nmethod 22962 0x000001b32d79ea90 code [0x000001b32d79ede0, 0x000001b32d7a0640]
Event: 20.811 Thread 0x000001b340b3a300 22964       3       com.android.tools.r8.internal.ja::<init> (118 bytes)
Event: 20.811 Thread 0x000001b340b3a300 nmethod 22964 0x000001b32d79e290 code [0x000001b32d79e440, 0x000001b32d79e6f0]
Event: 20.811 Thread 0x000001b340b3a300 22960       3       com.android.tools.r8.graph.q4$$Lambda/0x0000000101875940::run (8 bytes)
Event: 20.811 Thread 0x000001b340b3a300 nmethod 22960 0x000001b32da1c190 code [0x000001b32da1c340, 0x000001b32da1c480]
Event: 20.815 Thread 0x000001b340b3a300 22965       2       com.android.tools.r8.graph.h::b (15 bytes)
Event: 20.815 Thread 0x000001b340b3a300 nmethod 22965 0x000001b32c0be390 code [0x000001b32c0be520, 0x000001b32c0be628]
Event: 20.815 Thread 0x000001b340b3a300 22966       2       com.android.tools.r8.graph.C0::a (23 bytes)
Event: 20.815 Thread 0x000001b340b3a300 nmethod 22966 0x000001b32bf48490 code [0x000001b32bf48640, 0x000001b32bf487d8]
Event: 20.815 Thread 0x000001b340b3a300 22967       2       java.io.ObjectOutputStream::write (13 bytes)
Event: 20.815 Thread 0x000001b340b3a300 nmethod 22967 0x000001b32bf48090 code [0x000001b32bf48240, 0x000001b32bf48380]
Event: 20.822 Thread 0x000001b340b3a300 22969       1       java.io.ObjectOutputStream$HandleTable::size (5 bytes)
Event: 20.822 Thread 0x000001b340b3a300 nmethod 22969 0x000001b333c5fc10 code [0x000001b333c5fda0, 0x000001b333c5fe68]
Event: 20.824 Thread 0x000001b340b3a300 22970       3       com.android.tools.r8.graph.l4::<init> (37 bytes)
Event: 20.824 Thread 0x000001b340b3a300 nmethod 22970 0x000001b32bf47990 code [0x000001b32bf47b60, 0x000001b32bf47f48]

GC Heap History (20 events):
Event: 19.322 GC heap after
{Heap after GC invocations=60 (full 0):
 garbage-first heap   total 293888K, used 206227K [0x0000000080000000, 0x0000000100000000)
  region size 1024K, 11 young (11264K), 11 survivors (11264K)
 Metaspace       used 178974K, committed 181504K, reserved 1245184K
  class space    used 22967K, committed 24256K, reserved 1048576K
}
Event: 19.366 GC heap before
{Heap before GC invocations=60 (full 0):
 garbage-first heap   total 345088K, used 261523K [0x0000000080000000, 0x0000000100000000)
  region size 1024K, 66 young (67584K), 11 survivors (11264K)
 Metaspace       used 179054K, committed 181568K, reserved 1245184K
  class space    used 22981K, committed 24256K, reserved 1048576K
}
Event: 19.371 GC heap after
{Heap after GC invocations=61 (full 0):
 garbage-first heap   total 345088K, used 217863K [0x0000000080000000, 0x0000000100000000)
  region size 1024K, 9 young (9216K), 9 survivors (9216K)
 Metaspace       used 179054K, committed 181568K, reserved 1245184K
  class space    used 22981K, committed 24256K, reserved 1048576K
}
Event: 19.467 GC heap before
{Heap before GC invocations=62 (full 0):
 garbage-first heap   total 345088K, used 297735K [0x0000000080000000, 0x0000000100000000)
  region size 1024K, 88 young (90112K), 9 survivors (9216K)
 Metaspace       used 179861K, committed 182400K, reserved 1245184K
  class space    used 23087K, committed 24320K, reserved 1048576K
}
Event: 19.473 GC heap after
{Heap after GC invocations=63 (full 0):
 garbage-first heap   total 345088K, used 237015K [0x0000000080000000, 0x0000000100000000)
  region size 1024K, 11 young (11264K), 11 survivors (11264K)
 Metaspace       used 179861K, committed 182400K, reserved 1245184K
  class space    used 23087K, committed 24320K, reserved 1048576K
}
Event: 19.560 GC heap before
{Heap before GC invocations=63 (full 0):
 garbage-first heap   total 345088K, used 302551K [0x0000000080000000, 0x0000000100000000)
  region size 1024K, 76 young (77824K), 11 survivors (11264K)
 Metaspace       used 180604K, committed 183168K, reserved 1245184K
  class space    used 23197K, committed 24448K, reserved 1048576K
}
Event: 19.567 GC heap after
{Heap after GC invocations=64 (full 0):
 garbage-first heap   total 345088K, used 249856K [0x0000000080000000, 0x0000000100000000)
  region size 1024K, 10 young (10240K), 10 survivors (10240K)
 Metaspace       used 180604K, committed 183168K, reserved 1245184K
  class space    used 23197K, committed 24448K, reserved 1048576K
}
Event: 19.642 GC heap before
{Heap before GC invocations=64 (full 0):
 garbage-first heap   total 345088K, used 309248K [0x0000000080000000, 0x0000000100000000)
  region size 1024K, 68 young (69632K), 10 survivors (10240K)
 Metaspace       used 181467K, committed 184064K, reserved 1245184K
  class space    used 23348K, committed 24640K, reserved 1048576K
}
Event: 19.648 GC heap after
{Heap after GC invocations=65 (full 0):
 garbage-first heap   total 608256K, used 266240K [0x0000000080000000, 0x0000000100000000)
  region size 1024K, 9 young (9216K), 9 survivors (9216K)
 Metaspace       used 181467K, committed 184064K, reserved 1245184K
  class space    used 23348K, committed 24640K, reserved 1048576K
}
Event: 19.926 GC heap before
{Heap before GC invocations=66 (full 0):
 garbage-first heap   total 608256K, used 493568K [0x0000000080000000, 0x0000000100000000)
  region size 1024K, 232 young (237568K), 9 survivors (9216K)
 Metaspace       used 183257K, committed 185792K, reserved 1245184K
  class space    used 23576K, committed 24832K, reserved 1048576K
}
Event: 19.947 GC heap after
{Heap after GC invocations=67 (full 0):
 garbage-first heap   total 608256K, used 320320K [0x0000000080000000, 0x0000000100000000)
  region size 1024K, 29 young (29696K), 29 survivors (29696K)
 Metaspace       used 183257K, committed 185792K, reserved 1245184K
  class space    used 23576K, committed 24832K, reserved 1048576K
}
Event: 20.072 GC heap before
{Heap before GC invocations=67 (full 0):
 garbage-first heap   total 608256K, used 482112K [0x0000000080000000, 0x0000000100000000)
  region size 1024K, 187 young (191488K), 29 survivors (29696K)
 Metaspace       used 184002K, committed 186560K, reserved 1245184K
  class space    used 23684K, committed 24960K, reserved 1048576K
}
Event: 20.100 GC heap after
{Heap after GC invocations=68 (full 0):
 garbage-first heap   total 608256K, used 350720K [0x0000000080000000, 0x0000000100000000)
  region size 1024K, 24 young (24576K), 24 survivors (24576K)
 Metaspace       used 184002K, committed 186560K, reserved 1245184K
  class space    used 23684K, committed 24960K, reserved 1048576K
}
Event: 20.311 GC heap before
{Heap before GC invocations=68 (full 0):
 garbage-first heap   total 608256K, used 502272K [0x0000000080000000, 0x0000000100000000)
  region size 1024K, 173 young (177152K), 24 survivors (24576K)
 Metaspace       used 185669K, committed 188160K, reserved 1245184K
  class space    used 23966K, committed 25216K, reserved 1048576K
}
Event: 20.343 GC heap after
{Heap after GC invocations=69 (full 0):
 garbage-first heap   total 608256K, used 384000K [0x0000000080000000, 0x0000000100000000)
  region size 1024K, 22 young (22528K), 22 survivors (22528K)
 Metaspace       used 185669K, committed 188160K, reserved 1245184K
  class space    used 23966K, committed 25216K, reserved 1048576K
}
Event: 20.506 GC heap before
{Heap before GC invocations=69 (full 0):
 garbage-first heap   total 640000K, used 523264K [0x0000000080000000, 0x0000000100000000)
  region size 1024K, 158 young (161792K), 22 survivors (22528K)
 Metaspace       used 186260K, committed 188736K, reserved 1245184K
  class space    used 24030K, committed 25280K, reserved 1048576K
}
Event: 20.531 GC heap after
{Heap after GC invocations=70 (full 0):
 garbage-first heap   total 640000K, used 412160K [0x0000000080000000, 0x0000000100000000)
  region size 1024K, 20 young (20480K), 20 survivors (20480K)
 Metaspace       used 186260K, committed 188736K, reserved 1245184K
  class space    used 24030K, committed 25280K, reserved 1048576K
}
Event: 20.678 GC heap before
{Heap before GC invocations=71 (full 0):
 garbage-first heap   total 640000K, used 557568K [0x0000000080000000, 0x0000000100000000)
  region size 1024K, 163 young (166912K), 20 survivors (20480K)
 Metaspace       used 188180K, committed 190720K, reserved 1245184K
  class space    used 24334K, committed 25600K, reserved 1048576K
}
Event: 20.703 GC heap after
{Heap after GC invocations=72 (full 0):
 garbage-first heap   total 640000K, used 443904K [0x0000000080000000, 0x0000000100000000)
  region size 1024K, 21 young (21504K), 21 survivors (21504K)
 Metaspace       used 188180K, committed 190720K, reserved 1245184K
  class space    used 24334K, committed 25600K, reserved 1048576K
}
Event: 20.832 GC heap before
{Heap before GC invocations=72 (full 0):
 garbage-first heap   total 640000K, used 573952K [0x0000000080000000, 0x0000000100000000)
  region size 1024K, 148 young (151552K), 21 survivors (21504K)
 Metaspace       used 188662K, committed 191168K, reserved 1245184K
  class space    used 24409K, committed 25664K, reserved 1048576K
}

Dll operation events (3 events):
Event: 0.008 Loaded shared library C:\Program Files\Android\Android Studio\jbr\bin\java.dll
Event: 0.013 Loaded shared library C:\Program Files\Android\Android Studio\jbr\bin\zip.dll
Event: 0.289 Loaded shared library C:\Program Files\Android\Android Studio\jbr\bin\verify.dll

Deoptimization events (20 events):
Event: 20.648 Thread 0x000001b34b4f8210 Uncommon trap: reason=array_check action=maybe_recompile pc=0x000001b3338e5274 method=java.util.Arrays.fill([Ljava/lang/Object;IILjava/lang/Object;)V @ 20 c2
Event: 20.648 Thread 0x000001b34b4f7b80 DEOPT PACKING pc=0x000001b3338e5274 sp=0x0000001f705fb500
Event: 20.648 Thread 0x000001b34b4f8210 DEOPT PACKING pc=0x000001b3338e5274 sp=0x0000001f703fb750
Event: 20.648 Thread 0x000001b34b4f95c0 DEOPT UNPACKING pc=0x000001b332cc7da2 sp=0x0000001f701fb7f8 mode 2
Event: 20.648 Thread 0x000001b34b4f7b80 DEOPT UNPACKING pc=0x000001b332cc7da2 sp=0x0000001f705fb4c8 mode 2
Event: 20.648 Thread 0x000001b34b4f8210 DEOPT UNPACKING pc=0x000001b332cc7da2 sp=0x0000001f703fb718 mode 2
Event: 20.713 Thread 0x000001b34b4f3350 DEOPT PACKING pc=0x000001b32ddcad40 sp=0x0000001f700facd0
Event: 20.713 Thread 0x000001b34b4f3350 DEOPT UNPACKING pc=0x000001b332cc88e2 sp=0x0000001f700fa228 mode 0
Event: 20.721 Thread 0x000001b356bb3710 DEOPT PACKING pc=0x000001b32b9b4df4 sp=0x0000001f729f75b0
Event: 20.721 Thread 0x000001b356bb3710 DEOPT UNPACKING pc=0x000001b332cc88e2 sp=0x0000001f729f69d8 mode 0
Event: 20.724 Thread 0x000001b34b4fa2e0 DEOPT PACKING pc=0x000001b32c96b984 sp=0x0000001f708fb450
Event: 20.724 Thread 0x000001b34b4fa2e0 DEOPT UNPACKING pc=0x000001b332cc88e2 sp=0x0000001f708fa8b8 mode 0
Event: 20.733 Thread 0x000001b34b4f8210 Uncommon trap: trap_request=0xffffff45 fr.pc=0x000001b33360dc68 relative=0x0000000000000788
Event: 20.733 Thread 0x000001b34b4f8210 Uncommon trap: reason=unstable_if action=reinterpret pc=0x000001b33360dc68 method=java.util.concurrent.ConcurrentHashMap.replaceNode(Ljava/lang/Object;Ljava/lang/Object;Ljava/lang/Object;)Ljava/lang/Object; @ 99 c2
Event: 20.733 Thread 0x000001b34b4f8210 DEOPT PACKING pc=0x000001b33360dc68 sp=0x0000001f703fab90
Event: 20.733 Thread 0x000001b34b4f8210 DEOPT UNPACKING pc=0x000001b332cc7da2 sp=0x0000001f703fab08 mode 2
Event: 20.741 Thread 0x000001b34b4f3350 DEOPT PACKING pc=0x000001b32c96b984 sp=0x0000001f700fb2c0
Event: 20.741 Thread 0x000001b34b4f3350 DEOPT UNPACKING pc=0x000001b332cc88e2 sp=0x0000001f700fa728 mode 0
Event: 20.748 Thread 0x000001b34b4f95c0 DEOPT PACKING pc=0x000001b32c484bb4 sp=0x0000001f701faa00
Event: 20.748 Thread 0x000001b34b4f95c0 DEOPT UNPACKING pc=0x000001b332cc88e2 sp=0x0000001f701f9ed0 mode 0

Classes loaded (20 events):
Event: 18.583 Loading class java/util/TreeMap$NavigableSubMap$SubMapIterator done
Event: 18.583 Loading class java/util/TreeMap$NavigableSubMap$DescendingSubMapEntryIterator done
Event: 18.588 Loading class com/sun/org/apache/xerces/internal/dom/DeepNodeListImpl
Event: 18.588 Loading class com/sun/org/apache/xerces/internal/dom/DeepNodeListImpl done
Event: 18.625 Loading class java/time/Instant$1
Event: 18.625 Loading class java/time/Instant$1 done
Event: 19.044 Loading class sun/nio/fs/Globs
Event: 19.044 Loading class sun/nio/fs/Globs done
Event: 19.044 Loading class java/util/regex/Pattern$SliceU
Event: 19.044 Loading class java/util/regex/Pattern$SliceU done
Event: 19.045 Loading class sun/nio/fs/WindowsFileSystem$2
Event: 19.045 Loading class sun/nio/fs/WindowsFileSystem$2 done
Event: 19.523 Loading class java/util/concurrent/RejectedExecutionException
Event: 19.523 Loading class java/util/concurrent/RejectedExecutionException done
Event: 19.885 Loading class java/util/concurrent/ConcurrentHashMap$TreeNode
Event: 19.886 Loading class java/util/concurrent/ConcurrentHashMap$TreeNode done
Event: 19.886 Loading class java/util/concurrent/ConcurrentHashMap$TreeBin
Event: 19.887 Loading class java/util/concurrent/ConcurrentHashMap$TreeBin done
Event: 19.897 Loading class java/util/concurrent/ConcurrentLinkedQueue$Itr
Event: 19.898 Loading class java/util/concurrent/ConcurrentLinkedQueue$Itr done

Classes unloaded (2 events):
Event: 20.483 Thread 0x000001b340aba3a0 Unloading class 0x0000000101814800 'java/lang/invoke/LambdaForm$DMH+0x0000000101814800'
Event: 20.483 Thread 0x000001b340aba3a0 Unloading class 0x0000000101814000 'java/lang/invoke/LambdaForm$DMH+0x0000000101814000'

Classes redefined (0 events):
No events

Internal exceptions (20 events):
Event: 19.672 Thread 0x000001b34b4f7b80 Exception <a 'java/lang/IncompatibleClassChangeError'{0x00000000fe794aa8}: Found class java.lang.Object, but interface was expected> (0x00000000fe794aa8) 
thrown [s\src\hotspot\share\interpreter\linkResolver.cpp, line 851]
Event: 19.672 Thread 0x000001b34b4f8210 Exception <a 'java/lang/IncompatibleClassChangeError'{0x00000000fe7a0358}: Found class java.lang.Object, but interface was expected> (0x00000000fe7a0358) 
thrown [s\src\hotspot\share\interpreter\linkResolver.cpp, line 851]
Event: 19.672 Thread 0x000001b34b4f95c0 Exception <a 'java/lang/IncompatibleClassChangeError'{0x00000000a2f03a50}: Found class java.lang.Object, but interface was expected> (0x00000000a2f03a50) 
thrown [s\src\hotspot\share\interpreter\linkResolver.cpp, line 851]
Event: 19.672 Thread 0x000001b34b4fa2e0 Exception <a 'java/lang/IncompatibleClassChangeError'{0x00000000a32090b8}: Found class java.lang.Object, but interface was expected> (0x00000000a32090b8) 
thrown [s\src\hotspot\share\interpreter\linkResolver.cpp, line 851]
Event: 20.166 Thread 0x000001b34b4fa2e0 Exception <a 'java/lang/IncompatibleClassChangeError'{0x00000000a06ff300}: Found class java.lang.Object, but interface was expected> (0x00000000a06ff300) 
thrown [s\src\hotspot\share\interpreter\linkResolver.cpp, line 851]
Event: 20.166 Thread 0x000001b34b4f7b80 Exception <a 'java/lang/IncompatibleClassChangeError'{0x00000000a07d07a0}: Found class java.lang.Object, but interface was expected> (0x00000000a07d07a0) 
thrown [s\src\hotspot\share\interpreter\linkResolver.cpp, line 851]
Event: 20.166 Thread 0x000001b34b4f95c0 Exception <a 'java/lang/IncompatibleClassChangeError'{0x00000000a03fc508}: Found class java.lang.Object, but interface was expected> (0x00000000a03fc508) 
thrown [s\src\hotspot\share\interpreter\linkResolver.cpp, line 851]
Event: 20.166 Thread 0x000001b34b4f3350 Exception <a 'java/lang/IncompatibleClassChangeError'{0x00000000a2b4c6c8}: Found class java.lang.Object, but interface was expected> (0x00000000a2b4c6c8) 
thrown [s\src\hotspot\share\interpreter\linkResolver.cpp, line 851]
Event: 20.167 Thread 0x000001b34b4f95c0 Exception <a 'java/lang/NoSuchMethodError'{0x00000000a00805e0}: 'void java.lang.invoke.DirectMethodHandle$Holder.invokeInterface(java.lang.Object, java.lang.Object, java.lang.Object, int)'> (0x00000000a00805e0) 
thrown [s\src\hotspot\share\interpreter\linkResolver.cpp, line 784]
Event: 20.167 Thread 0x000001b34b4fa2e0 Exception <a 'java/lang/NoSuchMethodError'{0x00000000a01ef9a8}: 'void java.lang.invoke.DirectMethodHandle$Holder.invokeInterface(java.lang.Object, java.lang.Object, java.lang.Object, int)'> (0x00000000a01ef9a8) 
thrown [s\src\hotspot\share\interpreter\linkResolver.cpp, line 784]
Event: 20.167 Thread 0x000001b34b4f3350 Exception <a 'java/lang/NoSuchMethodError'{0x00000000a2b505d8}: 'void java.lang.invoke.DirectMethodHandle$Holder.invokeInterface(java.lang.Object, java.lang.Object, java.lang.Object, int)'> (0x00000000a2b505d8) 
thrown [s\src\hotspot\share\interpreter\linkResolver.cpp, line 784]
Event: 20.167 Thread 0x000001b34b4f7b80 Exception <a 'java/lang/NoSuchMethodError'{0x00000000a07d46b0}: 'void java.lang.invoke.DirectMethodHandle$Holder.invokeInterface(java.lang.Object, java.lang.Object, java.lang.Object, int)'> (0x00000000a07d46b0) 
thrown [s\src\hotspot\share\interpreter\linkResolver.cpp, line 784]
Event: 20.185 Thread 0x000001b34b4f3350 Implicit null exception at 0x000001b333b61712 to 0x000001b333b6382c
Event: 20.185 Thread 0x000001b34b4f7b80 Implicit null exception at 0x000001b333b61712 to 0x000001b333b6382c
Event: 20.648 Thread 0x000001b34b4f95c0 Exception <a 'java/lang/NoSuchMethodError'{0x000000009de1e980}: 'java.lang.Object java.lang.invoke.DirectMethodHandle$Holder.invokeStatic(java.lang.Object, int, java.lang.Object, java.lang.Object)'> (0x000000009de1e980) 
thrown [s\src\hotspot\share\interpreter\linkResolver.cpp, line 784]
Event: 20.648 Thread 0x000001b34b4f7b80 Exception <a 'java/lang/NoSuchMethodError'{0x000000009f0b89d0}: 'java.lang.Object java.lang.invoke.DirectMethodHandle$Holder.invokeStatic(java.lang.Object, int, java.lang.Object, java.lang.Object)'> (0x000000009f0b89d0) 
thrown [s\src\hotspot\share\interpreter\linkResolver.cpp, line 784]
Event: 20.648 Thread 0x000001b34b4f8210 Exception <a 'java/lang/NoSuchMethodError'{0x000000009df38040}: 'java.lang.Object java.lang.invoke.DirectMethodHandle$Holder.invokeStatic(java.lang.Object, int, java.lang.Object, java.lang.Object)'> (0x000000009df38040) 
thrown [s\src\hotspot\share\interpreter\linkResolver.cpp, line 784]
Event: 20.649 Thread 0x000001b34b4f95c0 Exception <a 'java/lang/NoSuchMethodError'{0x000000009de30950}: 'java.lang.Object java.lang.invoke.DirectMethodHandle$Holder.invokeStatic(java.lang.Object, java.lang.Object, int, java.lang.Object, java.lang.Object)'> (0x000000009de30950) 
thrown [s\src\hotspot\share\interpreter\linkResolver.cpp, line 784]
Event: 20.649 Thread 0x000001b34b4f7b80 Exception <a 'java/lang/NoSuchMethodError'{0x000000009db8f308}: 'java.lang.Object java.lang.invoke.DirectMethodHandle$Holder.invokeStatic(java.lang.Object, java.lang.Object, int, java.lang.Object, java.lang.Object)'> (0x000000009db8f308) 
thrown [s\src\hotspot\share\interpreter\linkResolver.cpp, line 784]
Event: 20.649 Thread 0x000001b34b4f8210 Exception <a 'java/lang/NoSuchMethodError'{0x000000009df49920}: 'java.lang.Object java.lang.invoke.DirectMethodHandle$Holder.invokeStatic(java.lang.Object, java.lang.Object, int, java.lang.Object, java.lang.Object)'> (0x000000009df49920) 
thrown [s\src\hotspot\share\interpreter\linkResolver.cpp, line 784]

ZGC Phase Switch (0 events):
No events

VM Operations (20 events):
Event: 20.407 Executing VM operation: HandshakeAllThreads (Deoptimize) done
Event: 20.416 Executing VM operation: HandshakeAllThreads (Deoptimize)
Event: 20.418 Executing VM operation: HandshakeAllThreads (Deoptimize) done
Event: 20.482 Executing VM operation: G1PauseRemark
Event: 20.500 Executing VM operation: G1PauseRemark done
Event: 20.506 Executing VM operation: G1CollectForAllocation (G1 Evacuation Pause)
Event: 20.531 Executing VM operation: G1CollectForAllocation (G1 Evacuation Pause) done
Event: 20.547 Executing VM operation: HandshakeAllThreads (Deoptimize)
Event: 20.548 Executing VM operation: HandshakeAllThreads (Deoptimize) done
Event: 20.554 Executing VM operation: HandshakeAllThreads (Deoptimize)
Event: 20.555 Executing VM operation: HandshakeAllThreads (Deoptimize) done
Event: 20.591 Executing VM operation: G1PauseCleanup
Event: 20.592 Executing VM operation: G1PauseCleanup done
Event: 20.678 Executing VM operation: G1CollectForAllocation (G1 Evacuation Pause)
Event: 20.703 Executing VM operation: G1CollectForAllocation (G1 Evacuation Pause) done
Event: 20.712 Executing VM operation: HandshakeAllThreads (Deoptimize)
Event: 20.712 Executing VM operation: HandshakeAllThreads (Deoptimize) done
Event: 20.723 Executing VM operation: HandshakeAllThreads (Deoptimize)
Event: 20.723 Executing VM operation: HandshakeAllThreads (Deoptimize) done
Event: 20.831 Executing VM operation: G1CollectForAllocation (G1 Evacuation Pause)

Memory protections (0 events):
No events

Nmethod flushes (20 events):
Event: 20.498 Thread 0x000001b340aba3a0 flushing  nmethod 0x000001b32c1e7110
Event: 20.498 Thread 0x000001b340aba3a0 flushing  nmethod 0x000001b32d79e590
Event: 20.498 Thread 0x000001b340aba3a0 flushing  nmethod 0x000001b32d79ea10
Event: 20.498 Thread 0x000001b340aba3a0 flushing  nmethod 0x000001b32d79f710
Event: 20.498 Thread 0x000001b340aba3a0 flushing  nmethod 0x000001b32d7a0e90
Event: 20.498 Thread 0x000001b340aba3a0 flushing  nmethod 0x000001b32d7a1810
Event: 20.498 Thread 0x000001b340aba3a0 flushing  nmethod 0x000001b32dade490
Event: 20.498 Thread 0x000001b340aba3a0 flushing  nmethod 0x000001b33382b810
Event: 20.498 Thread 0x000001b340aba3a0 flushing  nmethod 0x000001b32b9f8290
Event: 20.498 Thread 0x000001b340aba3a0 flushing  nmethod 0x000001b32bbb8b90
Event: 20.498 Thread 0x000001b340aba3a0 flushing  nmethod 0x000001b32c625490
Event: 20.498 Thread 0x000001b340aba3a0 flushing  nmethod 0x000001b32c6ae490
Event: 20.498 Thread 0x000001b340aba3a0 flushing  nmethod 0x000001b32c6b0490
Event: 20.498 Thread 0x000001b340aba3a0 flushing  nmethod 0x000001b32ce0d290
Event: 20.498 Thread 0x000001b340aba3a0 flushing  nmethod 0x000001b32db8bf10
Event: 20.498 Thread 0x000001b340aba3a0 flushing  nmethod 0x000001b32b9dca90
Event: 20.498 Thread 0x000001b340aba3a0 flushing  nmethod 0x000001b32bbe5b10
Event: 20.498 Thread 0x000001b340aba3a0 flushing  nmethod 0x000001b32c484410
Event: 20.498 Thread 0x000001b340aba3a0 flushing  nmethod 0x000001b32cc43c10
Event: 20.498 Thread 0x000001b340aba3a0 flushing  nmethod 0x000001b32d142510

Events (20 events):
Event: 18.772 Thread 0x000001b356bb6500 Thread added: 0x000001b356b2fdc0
Event: 18.772 Thread 0x000001b356bb6500 Thread added: 0x000001b356b338d0
Event: 18.772 Thread 0x000001b356bb6500 Thread added: 0x000001b356b31e90
Event: 18.817 Thread 0x000001b356bb4ac0 Thread added: 0x000001b356b30450
Event: 18.818 Thread 0x000001b356bb4ac0 Thread added: 0x000001b356b366c0
Event: 18.818 Thread 0x000001b356bb4ac0 Thread added: 0x000001b356b33f60
Event: 18.818 Thread 0x000001b356bb4ac0 Thread added: 0x000001b356b34c80
Event: 18.818 Thread 0x000001b356bb4ac0 Thread added: 0x000001b356b345f0
Event: 18.819 Thread 0x000001b356bb4ac0 Thread added: 0x000001b356b36030
Event: 18.819 Thread 0x000001b356bb4ac0 Thread added: 0x000001b356b36d50
Event: 18.819 Thread 0x000001b356bb4ac0 Thread added: 0x000001b356b35310
Event: 18.819 Thread 0x000001b356bb4ac0 Thread added: 0x000001b356b359a0
Event: 18.819 Thread 0x000001b356bb4ac0 Thread added: 0x000001b357e797d0
Event: 18.819 Thread 0x000001b356bb4ac0 Thread added: 0x000001b357e7a4f0
Event: 18.862 Thread 0x000001b356bb4ac0 Thread added: 0x000001b357e79140
Event: 18.863 Thread 0x000001b356bb4ac0 Thread added: 0x000001b357e79e60
Event: 18.863 Thread 0x000001b356bb4ac0 Thread added: 0x000001b357e77070
Event: 19.718 Thread 0x000001b349340b60 Thread exited: 0x000001b349340b60
Event: 19.718 Thread 0x000001b34bac8470 Thread exited: 0x000001b34bac8470
Event: 19.750 Thread 0x000001b340b3a300 Thread added: 0x000001b357051c20


Dynamic libraries:
0x00007ff67d890000 - 0x00007ff67d89a000 	C:\Program Files\Android\Android Studio\jbr\bin\java.exe
0x00007ff958380000 - 0x00007ff9585e7000 	C:\WINDOWS\SYSTEM32\ntdll.dll
0x00007ff957980000 - 0x00007ff957a49000 	C:\WINDOWS\System32\KERNEL32.DLL
0x00007ff9559e0000 - 0x00007ff955dcf000 	C:\WINDOWS\System32\KERNELBASE.dll
0x00007ff955f20000 - 0x00007ff95606b000 	C:\WINDOWS\System32\ucrtbase.dll
0x00007ff94fdf0000 - 0x00007ff94fe0b000 	C:\Program Files\Android\Android Studio\jbr\bin\VCRUNTIME140.dll
0x00007ff9332d0000 - 0x00007ff9332e8000 	C:\Program Files\Android\Android Studio\jbr\bin\jli.dll
0x00007ff957780000 - 0x00007ff957945000 	C:\WINDOWS\System32\USER32.dll
0x00007ff955700000 - 0x00007ff955727000 	C:\WINDOWS\System32\win32u.dll
0x00007ff9365a0000 - 0x00007ff936833000 	C:\WINDOWS\WinSxS\amd64_microsoft.windows.common-controls_6595b64144ccf1df_6.0.26100.7309_none_3e05feeae336a044\COMCTL32.dll
0x00007ff956b30000 - 0x00007ff956bd9000 	C:\WINDOWS\System32\msvcrt.dll
0x00007ff957480000 - 0x00007ff9574ab000 	C:\WINDOWS\System32\GDI32.dll
0x00007ff955730000 - 0x00007ff95585c000 	C:\WINDOWS\System32\gdi32full.dll
0x00007ff955de0000 - 0x00007ff955e83000 	C:\WINDOWS\System32\msvcp_win.dll
0x00007ff958300000 - 0x00007ff958331000 	C:\WINDOWS\System32\IMM32.DLL
0x00007ff94fde0000 - 0x00007ff94fdec000 	C:\Program Files\Android\Android Studio\jbr\bin\vcruntime140_1.dll
0x00007ff902050000 - 0x00007ff9020dd000 	C:\Program Files\Android\Android Studio\jbr\bin\msvcp140.dll
0x00007ff8559b0000 - 0x00007ff85663b000 	C:\Program Files\Android\Android Studio\jbr\bin\server\jvm.dll
0x00007ff957ba0000 - 0x00007ff957c54000 	C:\WINDOWS\System32\ADVAPI32.dll
0x00007ff957ce0000 - 0x00007ff957d86000 	C:\WINDOWS\System32\sechost.dll
0x00007ff9574b0000 - 0x00007ff9575c8000 	C:\WINDOWS\System32\RPCRT4.dll
0x00007ff956be0000 - 0x00007ff956c54000 	C:\WINDOWS\System32\WS2_32.dll
0x00007ff954dc0000 - 0x00007ff954e1e000 	C:\WINDOWS\SYSTEM32\POWRPROF.dll
0x00007ff94eb10000 - 0x00007ff94eb1b000 	C:\WINDOWS\SYSTEM32\VERSION.dll
0x00007ff946230000 - 0x00007ff946265000 	C:\WINDOWS\SYSTEM32\WINMM.dll
0x00007ff954d10000 - 0x00007ff954d24000 	C:\WINDOWS\SYSTEM32\UMPDC.dll
0x00007ff954250000 - 0x00007ff95426b000 	C:\WINDOWS\SYSTEM32\kernel.appcore.dll
0x00007ff94f560000 - 0x00007ff94f56a000 	C:\Program Files\Android\Android Studio\jbr\bin\jimage.dll
0x00007ff952d80000 - 0x00007ff952fc2000 	C:\WINDOWS\SYSTEM32\DBGHELP.DLL
0x00007ff957d90000 - 0x00007ff958116000 	C:\WINDOWS\System32\combase.dll
0x00007ff956a50000 - 0x00007ff956b26000 	C:\WINDOWS\System32\OLEAUT32.dll
0x00007ff94e0a0000 - 0x00007ff94e0dc000 	C:\WINDOWS\SYSTEM32\dbgcore.DLL
0x00007ff956070000 - 0x00007ff956115000 	C:\WINDOWS\System32\bcryptPrimitives.dll
0x00007ff94feb0000 - 0x00007ff94febe000 	C:\Program Files\Android\Android Studio\jbr\bin\instrument.dll
0x00007ff94e080000 - 0x00007ff94e0a0000 	C:\Program Files\Android\Android Studio\jbr\bin\java.dll
0x00007ff941a10000 - 0x00007ff941a28000 	C:\Program Files\Android\Android Studio\jbr\bin\zip.dll
0x00007ff956120000 - 0x00007ff956873000 	C:\WINDOWS\System32\SHELL32.dll
0x00007ff9554d0000 - 0x00007ff95563a000 	C:\WINDOWS\System32\wintypes.dll
0x00007ff9530b0000 - 0x00007ff95390e000 	C:\WINDOWS\SYSTEM32\windows.storage.dll
0x00007ff9575f0000 - 0x00007ff9576e4000 	C:\WINDOWS\System32\SHCORE.dll
0x00007ff957b30000 - 0x00007ff957b96000 	C:\WINDOWS\System32\shlwapi.dll
0x00007ff9553f0000 - 0x00007ff955419000 	C:\WINDOWS\SYSTEM32\profapi.dll
0x00007ff94e2f0000 - 0x00007ff94e300000 	C:\Program Files\Android\Android Studio\jbr\bin\net.dll
0x00007ff94e180000 - 0x00007ff94e2a8000 	C:\WINDOWS\SYSTEM32\WINHTTP.dll
0x00007ff9547f0000 - 0x00007ff95485b000 	C:\WINDOWS\system32\mswsock.dll
0x00007ff9419f0000 - 0x00007ff941a06000 	C:\Program Files\Android\Android Studio\jbr\bin\nio.dll
0x00007ff940750000 - 0x00007ff940760000 	C:\Program Files\Android\Android Studio\jbr\bin\verify.dll
0x00007ff9405f0000 - 0x00007ff940617000 	C:\Users\xXx\.gradle\native\c067742578af261105cb4f569cf0c3c89f3d7b1fecec35dd04571415982c5e48\windows-amd64\native-platform.dll
0x00007ff8ff090000 - 0x00007ff8ff1d4000 	C:\Users\xXx\.gradle\native\100fb08df4bc3b14c8652ba06237920a3bd2aa13389f12d3474272988ae205f9\windows-amd64\native-platform-file-events.dll
0x00007ff9419e0000 - 0x00007ff9419e9000 	C:\Program Files\Android\Android Studio\jbr\bin\management.dll
0x00007ff940770000 - 0x00007ff94077b000 	C:\Program Files\Android\Android Studio\jbr\bin\management_ext.dll
0x00007ff956e40000 - 0x00007ff956e48000 	C:\WINDOWS\System32\PSAPI.DLL
0x00007ff954ab0000 - 0x00007ff954acb000 	C:\WINDOWS\SYSTEM32\CRYPTSP.dll
0x00007ff9541b0000 - 0x00007ff9541ea000 	C:\WINDOWS\system32\rsaenh.dll
0x00007ff9548a0000 - 0x00007ff9548cb000 	C:\WINDOWS\SYSTEM32\USERENV.dll
0x00007ff9553c0000 - 0x00007ff9553ea000 	C:\WINDOWS\SYSTEM32\bcrypt.dll
0x00007ff954ad0000 - 0x00007ff954adc000 	C:\WINDOWS\SYSTEM32\CRYPTBASE.dll
0x00007ff953c30000 - 0x00007ff953c64000 	C:\WINDOWS\SYSTEM32\IPHLPAPI.DLL
0x00007ff958120000 - 0x00007ff95812a000 	C:\WINDOWS\System32\NSI.dll
0x00007ff94e0f0000 - 0x00007ff94e0f9000 	C:\Program Files\Android\Android Studio\jbr\bin\extnet.dll
0x00007ff8b2cf0000 - 0x00007ff8b2cf8000 	C:\WINDOWS\system32\wshunix.dll
0x00007ff91e0e0000 - 0x00007ff91e0f8000 	C:\WINDOWS\system32\napinsp.dll
0x00007ff953cc0000 - 0x00007ff953dec000 	C:\WINDOWS\SYSTEM32\DNSAPI.dll
0x00007ff917fe0000 - 0x00007ff917ff2000 	C:\WINDOWS\System32\winrnr.dll
0x00007ff917fb0000 - 0x00007ff917fd2000 	C:\WINDOWS\system32\nlansp_c.dll
0x00007ff917d20000 - 0x00007ff917d36000 	C:\WINDOWS\system32\wshbth.dll
0x00007ff9343c0000 - 0x00007ff9343cb000 	C:\Windows\System32\rasadhlp.dll
0x00007ff94b280000 - 0x00007ff94b306000 	C:\WINDOWS\System32\fwpuclnt.dll

dbghelp: loaded successfully - version: 4.0.5 - missing functions: none
symbol engine: initialized successfully - sym options: 0x614 - pdb path: .;C:\Program Files\Android\Android Studio\jbr\bin;C:\WINDOWS\SYSTEM32;C:\WINDOWS\WinSxS\amd64_microsoft.windows.common-controls_6595b64144ccf1df_6.0.26100.7309_none_3e05feeae336a044;C:\Program Files\Android\Android Studio\jbr\bin\server;C:\Users\xXx\.gradle\native\c067742578af261105cb4f569cf0c3c89f3d7b1fecec35dd04571415982c5e48\windows-amd64;C:\Users\xXx\.gradle\native\100fb08df4bc3b14c8652ba06237920a3bd2aa13389f12d3474272988ae205f9\windows-amd64

VM Arguments:
jvm_args: --add-opens=java.base/java.util=ALL-UNNAMED --add-opens=java.base/java.lang=ALL-UNNAMED --add-opens=java.base/java.lang.invoke=ALL-UNNAMED --add-opens=java.prefs/java.util.prefs=ALL-UNNAMED --add-exports=jdk.compiler/com.sun.tools.javac.api=ALL-UNNAMED --add-exports=jdk.compiler/com.sun.tools.javac.util=ALL-UNNAMED --add-opens=java.base/java.nio.charset=ALL-UNNAMED --add-opens=java.base/java.net=ALL-UNNAMED --add-opens=java.base/java.util.concurrent.atomic=ALL-UNNAMED -Xmx2048m -Dfile.encoding=UTF-8 -Duser.country=US -Duser.language=en -Duser.variant -javaagent:C:\Users\xXx\.gradle\wrapper\dists\gradle-8.9-bin\90cnw93cvbtalezasaz0blq0a\gradle-8.9\lib\agents\gradle-instrumentation-agent-8.9.jar 
java_command: org.gradle.launcher.daemon.bootstrap.GradleDaemon 8.9
java_class_path (initial): C:\Users\xXx\.gradle\wrapper\dists\gradle-8.9-bin\90cnw93cvbtalezasaz0blq0a\gradle-8.9\lib\gradle-daemon-main-8.9.jar
Launcher Type: SUN_STANDARD

[Global flags]
     intx CICompilerCount                          = 4                                         {product} {ergonomic}
     uint ConcGCThreads                            = 3                                         {product} {ergonomic}
     uint G1ConcRefinementThreads                  = 10                                        {product} {ergonomic}
   size_t G1HeapRegionSize                         = 1048576                                   {product} {ergonomic}
    uintx GCDrainStackTargetSize                   = 64                                        {product} {ergonomic}
   size_t InitialHeapSize                          = 197132288                                 {product} {ergonomic}
   size_t MarkStackSize                            = 4194304                                   {product} {ergonomic}
   size_t MaxHeapSize                              = 2147483648                                {product} {command line}
   size_t MaxNewSize                               = 1287651328                                {product} {ergonomic}
   size_t MinHeapDeltaBytes                        = 1048576                                   {product} {ergonomic}
   size_t MinHeapSize                              = 8388608                                   {product} {ergonomic}
    uintx NonNMethodCodeHeapSize                   = 5839372                                {pd product} {ergonomic}
    uintx NonProfiledCodeHeapSize                  = 122909434                              {pd product} {ergonomic}
    uintx ProfiledCodeHeapSize                     = 122909434                              {pd product} {ergonomic}
    uintx ReservedCodeCacheSize                    = 251658240                              {pd product} {ergonomic}
     bool SegmentedCodeCache                       = true                                      {product} {ergonomic}
   size_t SoftMaxHeapSize                          = 2147483648                             {manageable} {ergonomic}
     bool UseCompressedOops                        = true                           {product lp64_product} {ergonomic}
     bool UseG1GC                                  = true                                      {product} {ergonomic}
     bool UseLargePagesIndividualAllocation        = false                                  {pd product} {ergonomic}

Logging:
Log output configuration:
 #0: stdout all=warning uptime,level,tags foldmultilines=false
 #1: stderr all=off uptime,level,tags foldmultilines=false

Environment Variables:
JAVA_HOME=C:\Program Files\Java\jdk-23
PATH=C:\Program Files\ImageMagick-7.1.2-Q16-HDRI;C:\Python312\Scripts\;C:\Python312\;c:\windows\system32;c:\windows;c:\windows\system32\wbem;c:\windows\system32\windowspowershell\v1.0\;c:\windows\system32\openssh\;c:\program files\nvidia corporation\nvidia nvdlisr;c:\program files\git\cmd;C:\Program Files (x86)\NVIDIA Corporation\PhysX\Common;C:\Program Files\nodejs\;C:\ProgramData\chocolatey\bin;C:\WINDOWS\system32;C:\WINDOWS;C:\WINDOWS\System32\Wbem;C:\WINDOWS\System32\WindowsPowerShell\v1.0\;C:\WINDOWS\System32\OpenSSH\;C:\Program Files\Java\jdk-23\bin;;C:\Program Files\Docker\Docker\resources\bin;C:\Users\xXx\AppData\Local\Programs\Python\Python310\Scripts\;C:\Users\xXx\AppData\Local\Programs\Python\Python310\;C:\Users\xXx\AppData\Local\Microsoft\WindowsApps;C:\Users\xXx\AppData\Local\Programs\Microsoft VS Code\bin;C:\Program Files\JetBrains\PyCharm Community Edition 2023.2.1\bin;;C:\Program Files\JetBrains\IntelliJ IDEA 2023.2.4\bin;;C:\src\flutter\bin;C:\src\flutter;C:\Program Files\heroku\bin;C:\Users\xXx\AppData\Roaming\npm;C:\Users\xXx\AppData\Local\PowerToys\DSCModules\;C:\Users\xXx\AppData\Local\Google\Cloud SDK\google-cloud-sdk\bin
USERNAME=xXx
OS=Windows_NT
PROCESSOR_IDENTIFIER=Intel64 Family 6 Model 141 Stepping 1, GenuineIntel
TMP=C:\Users\xXx\AppData\Local\Temp
TEMP=C:\Users\xXx\AppData\Local\Temp




Periodic native trim disabled

JNI global refs:
JNI global refs: 30, weak refs: 121

JNI global refs memory usage: 835, weak refs: 2097

Process memory usage:
Resident Set Size: 1097512K (8% of 12212196K total physical memory with 588648K free physical memory)

OOME stack traces (most recent first):
Classloader memory used:
Loader org.gradle.internal.classloader.VisitableURLClassLoader                         : 102084K
Loader org.gradle.internal.classloader.VisitableURLClassLoader$InstrumentingVisitableURLClassLoader: 42035K
Loader bootstrap                                                                       : 30978K
Loader org.gradle.initialization.MixInLegacyTypesClassLoader                           : 11787K
Loader jdk.internal.loader.ClassLoaders$PlatformClassLoader                            : 508K
Loader jdk.internal.reflect.DelegatingClassLoader                                      : 351K
Loader org.gradle.internal.classloader.VisitableURLClassLoader                         : 345K
Loader jdk.internal.jrtfs.JrtFileSystemProvider$JrtFsLoader                            : 338K
Loader jdk.internal.loader.ClassLoaders$AppClassLoader                                 : 230K

Classes loaded by more than one classloader:
Class Program                                                                         : loaded 5 times (x 68B)
Class Build_gradle                                                                    : loaded 3 times (x 126B)
Class Build_gradle$1                                                                  : loaded 3 times (x 70B)
Class com.google.common.collect.RegularImmutableMap$KeySet                            : loaded 2 times (x 146B)
Class org.gradle.internal.classloader.FilteringClassLoader                            : loaded 2 times (x 101B)
Class com.google.common.io.FileWriteMode                                              : loaded 2 times (x 75B)
Class [Lcom.google.common.base.AbstractIterator$State;                                : loaded 2 times (x 65B)
Class com.google.common.base.CharMatcher$IsEither                                     : loaded 2 times (x 107B)
Class jdk.internal.jimage.BasicImageReader                                            : loaded 2 times (x 91B)
Class org.gradle.internal.classloader.ClassLoaderHierarchy                            : loaded 2 times (x 66B)
Class com.google.common.collect.AbstractMapBasedMultimap$WrappedCollection            : loaded 2 times (x 120B)
Class com.google.common.collect.ImmutableEnumSet                                      : loaded 2 times (x 142B)
Class com.google.common.util.concurrent.ExecutionError                                : loaded 2 times (x 78B)
Class com.google.common.collect.ImmutableList$1                                       : loaded 2 times (x 93B)
Class org.gradle.api.internal.classpath.ManifestUtil                                  : loaded 2 times (x 67B)
Class com.google.common.io.ByteArrayDataOutput                                        : loaded 2 times (x 66B)
Class com.google.common.collect.RegularImmutableMap                                   : loaded 2 times (x 117B)
Class com.google.common.collect.ImmutableMap$MapViewOfValuesAsSingletonSets           : loaded 2 times (x 121B)
Class [Lorg.objectweb.asm.Symbol;                                                     : loaded 2 times (x 65B)
Class org.objectweb.asm.ClassVisitor                                                  : loaded 2 times (x 84B)
Class com.google.common.collect.UnmodifiableListIterator                              : loaded 2 times (x 91B)
Class jdk.internal.jimage.decompressor.StringSharingDecompressorFactory               : loaded 2 times (x 70B)
Class org.objectweb.asm.MethodTooLargeException                                       : loaded 2 times (x 79B)
Class [Lcom.google.common.cache.CacheBuilder$OneWeigher;                              : loaded 2 times (x 65B)
Class com.google.common.base.Suppliers                                                : loaded 2 times (x 67B)
Class com.google.common.base.Platform$JdkPatternCompiler                              : loaded 2 times (x 71B)
Class org.gradle.internal.classloader.DefaultClassLoaderFactory                       : loaded 2 times (x 78B)
Class com.google.common.base.CharMatcher$None                                         : loaded 2 times (x 108B)
Class org.gradle.internal.classloader.ClassLoaderVisitor                              : loaded 2 times (x 72B)
Class [Lcom.google.common.collect.ImmutableMapEntry;                                  : loaded 2 times (x 65B)
Class org.gradle.api.internal.classpath.EffectiveClassPath                            : loaded 2 times (x 86B)
Class com.google.common.collect.ImmutableRangeSet                                     : loaded 2 times (x 111B)
Class com.google.common.collect.ImmutableEnumMap                                      : loaded 2 times (x 121B)
Class com.google.common.collect.ListMultimap                                          : loaded 2 times (x 66B)
Class com.google.common.collect.Sets$1                                                : loaded 2 times (x 135B)
Class org.objectweb.asm.AnnotationVisitor                                             : loaded 2 times (x 74B)
Class com.google.common.base.Splitter                                                 : loaded 2 times (x 68B)
Class org.gradle.api.internal.DefaultClassPathProvider                                : loaded 2 times (x 72B)
Class com.google.common.collect.Maps$ViewCachingAbstractMap                           : loaded 2 times (x 121B)
Class com.google.common.collect.Sets$2                                                : loaded 2 times (x 135B)
Class [Lorg.gradle.api.internal.ClassPathProvider;                                    : loaded 2 times (x 65B)
Class org.gradle.api.internal.ClassPathProvider                                       : loaded 2 times (x 66B)
Class [Lorg.objectweb.asm.AnnotationVisitor;                                          : loaded 2 times (x 65B)
Class com.google.common.collect.Sets$3                                                : loaded 2 times (x 135B)
Class com.google.common.util.concurrent.AbstractFuture$SafeAtomicHelper               : loaded 2 times (x 75B)
Class com.google.common.cache.LocalCache$LocalLoadingCache                            : loaded 2 times (x 130B)
Class com.google.common.base.AbstractIterator$State                                   : loaded 2 times (x 75B)
Class jdk.internal.jrtfs.SystemImage                                                  : loaded 2 times (x 70B)
Class org.gradle.internal.service.UnknownServiceException                             : loaded 2 times (x 79B)
Class com.google.common.io.ByteArrayDataInput                                         : loaded 2 times (x 66B)
Class com.google.common.collect.Sets$4                                                : loaded 2 times (x 135B)
Class org.objectweb.asm.ModuleVisitor                                                 : loaded 2 times (x 77B)
Class com.google.common.cache.LocalCache$Strength$1                                   : loaded 2 times (x 77B)
Class com.google.common.util.concurrent.SettableFuture                                : loaded 2 times (x 110B)
Class com.google.common.cache.LocalCache$Strength$2                                   : loaded 2 times (x 77B)
Class com.google.common.io.ByteStreams                                                : loaded 2 times (x 67B)
Class com.google.common.cache.LocalCache$Strength$3                                   : loaded 2 times (x 77B)
Class com.google.common.collect.MapDifference                                         : loaded 2 times (x 66B)
Class com.google.common.base.Splitter$1                                               : loaded 2 times (x 73B)
Class org.objectweb.asm.FieldWriter                                                   : loaded 2 times (x 74B)
Class com.google.common.cache.CacheBuilder$NullListener                               : loaded 2 times (x 78B)
Class org.gradle.internal.classpath.TransformedClassPath                              : loaded 2 times (x 92B)
Class com.google.common.collect.ImmutableListMultimap                                 : loaded 2 times (x 172B)
Class com.google.common.collect.ImmutableRangeSet$AsSet                               : loaded 2 times (x 295B)
Class com.google.common.cache.CacheLoader$FunctionToCacheLoader                       : loaded 2 times (x 71B)
Class com.google.common.collect.Iterators$ArrayItr                                    : loaded 2 times (x 93B)
Class com.google.common.collect.ImmutableCollection$Builder                           : loaded 2 times (x 72B)
Class jdk.internal.jrtfs.SystemImage$1                                                : loaded 2 times (x 74B)
Class com.google.common.collect.EmptyImmutableListMultimap                            : loaded 2 times (x 172B)
Class com.google.common.collect.BaseImmutableMultimap                                 : loaded 2 times (x 119B)
Class com.google.common.base.Joiner                                                   : loaded 2 times (x 75B)
Class com.google.common.base.MoreObjects                                              : loaded 2 times (x 67B)
Class jdk.internal.jrtfs.SystemImage$2                                                : loaded 2 times (x 72B)
Class [Lorg.objectweb.asm.Type;                                                       : loaded 2 times (x 65B)
Class com.google.common.collect.Platform                                              : loaded 2 times (x 67B)
Class com.google.common.collect.UnmodifiableIterator                                  : loaded 2 times (x 76B)
Class org.gradle.internal.service.ServiceLocator                                      : loaded 2 times (x 66B)
Class com.google.common.base.Ascii                                                    : loaded 2 times (x 67B)
Class com.google.common.collect.SingletonImmutableBiMap                               : loaded 2 times (x 139B)
Class com.google.common.cache.LocalCache$1                                            : loaded 2 times (x 85B)
Class com.google.common.collect.AbstractMapEntry                                      : loaded 2 times (x 77B)
Class jdk.internal.jrtfs.JrtFileSystemProvider                                        : loaded 2 times (x 97B)
Class com.google.common.collect.Sets$ImprovedAbstractSet                              : loaded 2 times (x 131B)
Class com.google.common.collect.ImmutableList$Builder                                 : loaded 2 times (x 73B)
Class com.google.common.cache.LocalCache$2                                            : loaded 2 times (x 138B)
Class com.google.common.collect.AbstractMultimap                                      : loaded 2 times (x 119B)
Class com.google.common.collect.ImmutableRangeSet$1                                   : loaded 2 times (x 205B)
Class com.google.common.util.concurrent.AbstractFuture$UnsafeAtomicHelper$1           : loaded 2 times (x 72B)
Class com.google.common.collect.RegularImmutableAsList                                : loaded 2 times (x 212B)
Class com.google.common.base.Optional                                                 : loaded 2 times (x 76B)
Class com.google.common.collect.Range                                                 : loaded 2 times (x 83B)
Class com.google.common.util.concurrent.AbstractFuture$Trusted                        : loaded 2 times (x 66B)
Class com.google.common.collect.Iterators                                             : loaded 2 times (x 67B)
Class com.google.common.base.CharMatcher$RangesMatcher                                : loaded 2 times (x 108B)
Class com.google.common.io.ByteSink$AsCharSink                                        : loaded 2 times (x 76B)
Class com.google.common.util.concurrent.UncheckedExecutionException                   : loaded 2 times (x 78B)
Class com.google.common.collect.Lists$StringAsImmutableList                           : loaded 2 times (x 203B)
Class org.gradle.kotlin.dsl.VersionCatalogAccessorsKt                                 : loaded 2 times (x 67B)
Class jdk.internal.jimage.ImageLocation                                               : loaded 2 times (x 86B)
Class jdk.internal.jrtfs.JrtDirectoryStream$1                                         : loaded 2 times (x 79B)
Class com.google.common.collect.ImmutableSortedSetFauxverideShim                      : loaded 2 times (x 143B)
Class com.google.common.base.CharMatcher$JavaLetterOrDigit                            : loaded 2 times (x 107B)
Class org.gradle.internal.InternalTransformer                                         : loaded 2 times (x 66B)
Class com.google.common.collect.AbstractMapBasedMultimap$KeySet$1                     : loaded 2 times (x 78B)
Class org.objectweb.asm.ClassWriter                                                   : loaded 2 times (x 102B)
Class com.google.common.cache.CacheLoader$UnsupportedLoadingOperationException        : loaded 2 times (x 78B)
Class com.google.common.base.CharMatcher$And                                          : loaded 2 times (x 108B)
Class jdk.internal.jimage.ImageBufferCache$1                                          : loaded 2 times (x 79B)
Class org.gradle.internal.classloader.ClasspathUtil$1                                 : loaded 2 times (x 72B)
Class com.google.common.base.Objects                                                  : loaded 2 times (x 67B)
Class org.objectweb.asm.FieldVisitor                                                  : loaded 2 times (x 73B)
Class com.google.common.collect.IndexedImmutableSet                                   : loaded 2 times (x 146B)
Class com.google.common.collect.ImmutableMap$1                                        : loaded 2 times (x 77B)
Class com.google.common.collect.BiMap                                                 : loaded 2 times (x 66B)
Class jdk.internal.jimage.ImageBufferCache$2                                          : loaded 2 times (x 87B)
Class org.gradle.api.internal.classpath.DefaultModuleRegistry$DefaultModule           : loaded 2 times (x 82B)
Class com.google.common.primitives.Ints                                               : loaded 2 times (x 67B)
Class com.google.common.collect.AbstractIterator                                      : loaded 2 times (x 78B)
Class com.google.common.math.MathPreconditions                                        : loaded 2 times (x 67B)
Class com.google.common.collect.Multiset                                              : loaded 2 times (x 66B)
Class com.google.common.collect.ArrayListMultimapGwtSerializationDependencies         : loaded 2 times (x 168B)
Class com.google.common.collect.ObjectArrays                                          : loaded 2 times (x 67B)
Class com.google.common.base.Equivalence$Identity                                     : loaded 2 times (x 78B)
Class com.google.common.collect.ImmutableMapEntrySet                                  : loaded 2 times (x 147B)
Class org.gradle.api.internal.classpath.Module                                        : loaded 2 times (x 66B)
Class com.google.common.cache.Weigher                                                 : loaded 2 times (x 66B)
Class org.gradle.api.internal.classpath.UnknownModuleException                        : loaded 2 times (x 78B)
Class com.google.common.base.Stopwatch                                                : loaded 2 times (x 68B)
Class com.google.common.cache.LocalCache$Strength                                     : loaded 2 times (x 77B)
Class com.google.common.cache.Cache                                                   : loaded 2 times (x 66B)
Class jdk.internal.jimage.ImageHeader                                                 : loaded 2 times (x 67B)
Class com.google.common.io.Files$2                                                    : loaded 2 times (x 72B)
Class com.google.common.io.AppendableWriter                                           : loaded 2 times (x 96B)
Class com.google.common.util.concurrent.AbstractFuture$Cancellation                   : loaded 2 times (x 68B)
Class com.google.common.collect.ImmutableMap$Builder                                  : loaded 2 times (x 78B)
Class com.google.common.base.NullnessCasts                                            : loaded 2 times (x 67B)
Class com.google.common.base.Present                                                  : loaded 2 times (x 77B)
Class com.google.common.cache.RemovalListener                                         : loaded 2 times (x 66B)
Class org.gradle.api.internal.DefaultClassPathRegistry                                : loaded 2 times (x 72B)
Class com.google.common.collect.ImmutableMultimap$Keys                                : loaded 2 times (x 162B)
Class com.google.common.primitives.IntsMethodsForWeb                                  : loaded 2 times (x 67B)
Class com.google.common.collect.Multimap                                              : loaded 2 times (x 66B)
Class org.gradle.api.internal.ClassPathRegistry                                       : loaded 2 times (x 66B)
Class org.gradle.internal.classpath.DefaultClassPath$ImmutableUniqueList              : loaded 2 times (x 195B)
Class com.google.common.base.ExtraObjectsMethodsForWeb                                : loaded 2 times (x 67B)
Class jdk.internal.jimage.decompressor.ResourceDecompressor                           : loaded 2 times (x 66B)
Class com.google.common.base.PairwiseEquivalence                                      : loaded 2 times (x 79B)
Class com.google.common.io.ByteSink                                                   : loaded 2 times (x 72B)
Class com.google.common.cache.CacheBuilder                                            : loaded 2 times (x 68B)
Class com.google.common.collect.SingletonImmutableList                                : loaded 2 times (x 203B)
Class Settings_gradle$1                                                               : loaded 2 times (x 70B)
Class org.gradle.internal.classpath.ClassPath                                         : loaded 2 times (x 66B)
Class org.gradle.api.UncheckedIOException                                             : loaded 2 times (x 78B)
Class com.google.common.io.Files$FileByteSource                                       : loaded 2 times (x 81B)
Class com.google.common.collect.ImmutableList$ReverseImmutableList                    : loaded 2 times (x 204B)
Class com.google.common.base.JdkPattern                                               : loaded 2 times (x 71B)
Class com.google.common.io.CharStreams$NullWriter                                     : loaded 2 times (x 95B)
Class org.objectweb.asm.SymbolTable$Entry                                             : loaded 2 times (x 70B)
Class com.google.common.util.concurrent.AbstractFuture$AtomicHelper                   : loaded 2 times (x 74B)
Class org.objectweb.asm.Edge                                                          : loaded 2 times (x 68B)
Class com.google.common.base.Suppliers$SupplierOfInstance                             : loaded 2 times (x 75B)
Class com.google.common.collect.Iterators$1                                           : loaded 2 times (x 77B)
Class jdk.internal.jimage.ImageStringsReader                                          : loaded 2 times (x 76B)
Class com.google.common.cache.LocalCache$ComputingValueReference                      : loaded 2 times (x 92B)
Class com.google.common.collect.SingletonImmutableSet                                 : loaded 2 times (x 142B)
Class com.google.common.collect.ImmutableMap$IteratorBasedImmutableMap                : loaded 2 times (x 121B)
Class com.google.common.cache.LocalCache$Segment                                      : loaded 2 times (x 150B)
Class jdk.internal.jimage.ImageReader                                                 : loaded 2 times (x 71B)
Class com.google.common.collect.SortedIterable                                        : loaded 2 times (x 66B)
Class [Lorg.objectweb.asm.SymbolTable$Entry;                                          : loaded 2 times (x 65B)
Class com.google.common.cache.CacheLoader                                             : loaded 2 times (x 70B)
Class com.google.common.collect.Iterators$4                                           : loaded 2 times (x 78B)
Class com.google.common.collect.ImmutableBiMap                                        : loaded 2 times (x 139B)
Class com.google.common.collect.AbstractListMultimap                                  : loaded 2 times (x 168B)
Class jdk.internal.jimage.ImageReader$SharedImageReader                               : loaded 2 times (x 91B)
Class org.gradle.internal.installation.GradleInstallation$1                           : loaded 2 times (x 71B)
Class org.gradle.api.internal.classpath.ModuleRegistry                                : loaded 2 times (x 66B)
Class com.google.common.util.concurrent.internal.InternalFutureFailureAccess          : loaded 2 times (x 68B)
Class com.google.common.collect.Iterators$5                                           : loaded 2 times (x 78B)
Class com.google.common.collect.ImmutableSet$JdkBackedSetBuilderImpl                  : loaded 2 times (x 72B)
Class com.google.common.base.Splitter$SplittingIterator                               : loaded 2 times (x 80B)
Class jdk.internal.jimage.decompressor.ResourceDecompressorFactory                    : loaded 2 times (x 70B)
Class com.google.common.io.Closer$SuppressingSuppressor                               : loaded 2 times (x 71B)
Class com.google.common.collect.ImmutableMultimap$Values                              : loaded 2 times (x 122B)
Class com.google.common.util.concurrent.AbstractFuture$UnsafeAtomicHelper             : loaded 2 times (x 74B)
Class com.google.common.cache.LocalCache$LocalManualCache$1                           : loaded 2 times (x 71B)
Class com.google.common.base.CharMatcher$ForPredicate                                 : loaded 2 times (x 108B)
Class com.google.common.collect.ImmutableCollection                                   : loaded 2 times (x 121B)
Class com.google.common.base.CharMatcher$AnyOf                                        : loaded 2 times (x 108B)
Class jdk.internal.jimage.ImageReader$Node                                            : loaded 2 times (x 80B)
Class org.gradle.api.internal.classpath.DefaultModuleRegistry                         : loaded 2 times (x 79B)
Class com.google.common.util.concurrent.ListenableFuture                              : loaded 2 times (x 66B)
Class com.google.common.cache.ReferenceEntry                                          : loaded 2 times (x 66B)
Class com.google.common.collect.ImmutableSet$CachingAsList                            : loaded 2 times (x 143B)
Class com.google.common.base.Converter                                                : loaded 2 times (x 86B)
Class com.google.common.collect.Lists                                                 : loaded 2 times (x 67B)
Class com.google.common.base.CharMatcher$Any                                          : loaded 2 times (x 108B)
Class jdk.internal.jimage.BasicImageReader$1                                          : loaded 2 times (x 73B)
Class com.google.common.util.concurrent.AbstractFuture                                : loaded 2 times (x 102B)
Class com.google.common.base.FunctionalEquivalence                                    : loaded 2 times (x 79B)
Class com.google.common.collect.Iterators$9                                           : loaded 2 times (x 77B)
Class com.google.common.collect.AbstractMapBasedMultimap                              : loaded 2 times (x 135B)
Class com.google.common.collect.ImmutableAsList                                       : loaded 2 times (x 205B)
Class com.google.common.io.CharStreams                                                : loaded 2 times (x 67B)
Class com.google.common.collect.ImmutableMultiset                                     : loaded 2 times (x 159B)
Class org.objectweb.asm.RecordComponentVisitor                                        : loaded 2 times (x 73B)
Class com.google.common.cache.CacheLoader$SupplierToCacheLoader                       : loaded 2 times (x 71B)
Class com.google.common.collect.Maps$EntryTransformer                                 : loaded 2 times (x 66B)
Class jdk.internal.jimage.decompressor.Decompressor                                   : loaded 2 times (x 68B)
Class jdk.internal.jimage.ImageReader$Resource                                        : loaded 2 times (x 80B)
Class org.gradle.internal.service.ServiceLookupException                              : loaded 2 times (x 78B)
Class com.google.common.collect.ImmutableSortedSet                                    : loaded 2 times (x 295B)
Class [Lcom.google.common.cache.LocalCache$EntryFactory;                              : loaded 2 times (x 65B)
Class com.google.common.base.CharMatcher$JavaLetter                                   : loaded 2 times (x 107B)
Class jdk.internal.jrtfs.JrtFileAttributes                                            : loaded 2 times (x 79B)
Class org.gradle.internal.classloader.ClassLoaderFactory                              : loaded 2 times (x 66B)
Class com.google.common.cache.LocalCache$LocalManualCache                             : loaded 2 times (x 95B)
Class com.google.common.base.CharMatcher$IsNot                                        : loaded 2 times (x 107B)
Class com.google.common.base.CommonPattern                                            : loaded 2 times (x 70B)
Class org.gradle.internal.service.CachingServiceLocator                               : loaded 2 times (x 78B)
Class com.google.common.collect.AbstractMapBasedMultimap$KeySet                       : loaded 2 times (x 133B)
Class com.google.common.collect.RegularImmutableSortedSet                             : loaded 2 times (x 295B)
Class com.google.common.math.IntMath                                                  : loaded 2 times (x 67B)
Class com.google.common.collect.Iterators$10                                          : loaded 2 times (x 77B)
Class com.google.common.collect.ImmutableMapEntry                                     : loaded 2 times (x 81B)
Class com.google.common.base.CharMatcher$JavaDigit                                    : loaded 2 times (x 107B)
Class com.google.common.collect.ImmutableMultimap                                     : loaded 2 times (x 143B)
Class com.google.common.base.Equivalence                                              : loaded 2 times (x 78B)
Class com.google.common.collect.ImmutableMapEntry$NonTerminalImmutableMapEntry        : loaded 2 times (x 81B)
Class com.google.common.base.Function                                                 : loaded 2 times (x 66B)
Class com.google.common.cache.CacheBuilder$OneWeigher                                 : loaded 2 times (x 78B)
Class com.google.common.collect.RegularImmutableList                                  : loaded 2 times (x 208B)
Class com.google.common.collect.ImmutableBiMapFauxverideShim                          : loaded 2 times (x 116B)
Class jdk.internal.jimage.ImageBufferCache                                            : loaded 2 times (x 67B)
Class jdk.internal.jrtfs.JrtPath                                                      : loaded 2 times (x 114B)
Class org.gradle.internal.classloader.ClasspathUtil                                   : loaded 2 times (x 67B)
Class com.google.common.base.Charsets                                                 : loaded 2 times (x 67B)
Class com.google.common.util.concurrent.Uninterruptibles                              : loaded 2 times (x 67B)
Class com.google.common.collect.Maps                                                  : loaded 2 times (x 67B)
Class com.google.common.base.CharMatcher$JavaUpperCase                                : loaded 2 times (x 107B)
Class org.gradle.api.specs.Spec                                                       : loaded 2 times (x 66B)
Class [Lcom.google.common.collect.ImmutableEntry;                                     : loaded 2 times (x 65B)
Class jdk.internal.jimage.ImageReader$SharedImageReader$LocationVisitor               : loaded 2 times (x 66B)
Class com.google.common.cache.LocalCache$LoadingValueReference                        : loaded 2 times (x 92B)
Class com.google.common.collect.AbstractIndexedListIterator                           : loaded 2 times (x 92B)
Class com.google.common.io.LineReader$1                                               : loaded 2 times (x 71B)
Class com.google.common.collect.CollectSpliterators                                   : loaded 2 times (x 67B)
Class com.google.common.collect.AbstractMapBasedMultimap$AsMap                        : loaded 2 times (x 124B)
Class com.google.common.base.Platform                                                 : loaded 2 times (x 67B)
Class jdk.internal.jimage.decompressor.ResourceDecompressorRepository                 : loaded 2 times (x 67B)
Class com.google.common.collect.AbstractMapBasedMultimap$WrappedList                  : loaded 2 times (x 201B)
Class [Lorg.objectweb.asm.AnnotationWriter;                                           : loaded 2 times (x 65B)
Class com.google.common.primitives.Ints$IntConverter                                  : loaded 2 times (x 86B)
Class com.google.common.collect.Maps$8                                                : loaded 2 times (x 78B)
Class jdk.internal.jimage.ImageReader$Directory                                       : loaded 2 times (x 80B)
Class com.google.common.collect.ImmutableRangeSet$Builder                             : loaded 2 times (x 73B)
Class com.google.common.collect.Sets$SetView                                          : loaded 2 times (x 134B)
Class com.google.common.cache.LocalCache$StrongValueReference                         : loaded 2 times (x 86B)
Class com.google.common.util.concurrent.AbstractFuture$SynchronizedHelper             : loaded 2 times (x 74B)
Class com.google.common.base.CharMatcher$Invisible                                    : loaded 2 times (x 108B)
Class com.google.common.graph.SuccessorsFunction                                      : loaded 2 times (x 66B)
Class org.objectweb.asm.Type                                                          : loaded 2 times (x 68B)
Class org.gradle.internal.classloader.VisitableURLClassLoader$InstrumentingVisitableURLClassLoader: loaded 2 times (x 119B)
Class com.google.common.io.Files$FileByteSink                                         : loaded 2 times (x 73B)
Class org.objectweb.asm.ByteVector                                                    : loaded 2 times (x 75B)
Class [Lcom.google.common.cache.CacheBuilder$NullListener;                            : loaded 2 times (x 65B)
Class com.google.common.math.IntMath$1                                                : loaded 2 times (x 67B)
Class org.gradle.internal.classloader.VisitableURLClassLoader$Spec                    : loaded 2 times (x 70B)
Class org.gradle.internal.classpath.DefaultClassPath                                  : loaded 2 times (x 86B)
Class org.objectweb.asm.Symbol                                                        : loaded 2 times (x 69B)
Class com.google.common.base.AbstractIterator                                         : loaded 2 times (x 76B)
Class jdk.internal.jimage.decompressor.ZipDecompressorFactory                         : loaded 2 times (x 70B)
Class com.google.common.io.Closer                                                     : loaded 2 times (x 74B)
Class com.google.common.io.Java8Compatibility                                         : loaded 2 times (x 67B)
Class com.google.common.collect.RegularImmutableMap$Values                            : loaded 2 times (x 203B)
Class com.google.common.collect.ImmutableSet                                          : loaded 2 times (x 141B)
Class com.google.common.base.CharMatcher$BitSetMatcher                                : loaded 2 times (x 108B)
Class com.google.common.base.CharMatcher$Ascii                                        : loaded 2 times (x 108B)
Class org.gradle.internal.classloader.ClassLoaderSpec                                 : loaded 2 times (x 67B)
Class org.objectweb.asm.AnnotationWriter                                              : loaded 2 times (x 75B)
Class com.google.common.cache.CacheStats                                              : loaded 2 times (x 67B)
Class com.google.common.io.Closer$Suppressor                                          : loaded 2 times (x 66B)
Class com.google.common.io.LineProcessor                                              : loaded 2 times (x 66B)
Class com.google.common.collect.ImmutableMultisetGwtSerializationDependencies         : loaded 2 times (x 121B)
Class org.objectweb.asm.RecordComponentWriter                                         : loaded 2 times (x 74B)
Class com.google.common.util.concurrent.AbstractFuture$Listener                       : loaded 2 times (x 68B)
Class com.google.common.base.CharMatcher$Or                                           : loaded 2 times (x 108B)
Class Settings_gradle$1$1                                                             : loaded 2 times (x 70B)
Class org.objectweb.asm.Attribute                                                     : loaded 2 times (x 73B)
Class com.google.common.base.Supplier                                                 : loaded 2 times (x 66B)
Class org.gradle.internal.classloader.VisitableURLClassLoader                         : loaded 2 times (x 113B)
Class com.google.common.util.concurrent.AbstractFuture$Waiter                         : loaded 2 times (x 68B)
Class Settings_gradle                                                                 : loaded 2 times (x 124B)
Class org.gradle.internal.Cast                                                        : loaded 2 times (x 67B)
Class org.gradle.api.Action                                                           : loaded 2 times (x 66B)
Class com.google.common.collect.Sets                                                  : loaded 2 times (x 67B)
Class org.objectweb.asm.Handler                                                       : loaded 2 times (x 68B)
Class com.google.common.base.Ticker                                                   : loaded 2 times (x 68B)
Class com.google.common.base.Strings                                                  : loaded 2 times (x 67B)
Class com.google.common.base.CharMatcher$FastMatcher                                  : loaded 2 times (x 107B)
Class jdk.internal.jimage.decompressor.ZipDecompressor                                : loaded 2 times (x 71B)
Class org.gradle.internal.agents.InstrumentingClassLoader                             : loaded 2 times (x 66B)
Class [Lcom.google.common.cache.LocalCache$Segment;                                   : loaded 2 times (x 65B)
Class [Lcom.google.common.cache.LocalCache$Strength;                                  : loaded 2 times (x 65B)
Class com.google.common.cache.CacheBuilder$1                                          : loaded 2 times (x 81B)
Class com.google.common.collect.ImmutableMap                                          : loaded 2 times (x 116B)
Class com.google.common.base.Predicate                                                : loaded 2 times (x 66B)
Class org.gradle.internal.classpath.DefaultClassPath$ImmutableUniqueList$Builder      : loaded 2 times (x 71B)
Class com.google.common.collect.AbstractRangeSet                                      : loaded 2 times (x 110B)
Class com.google.common.cache.LocalCache                                              : loaded 2 times (x 183B)
Class com.google.common.cache.CacheBuilder$2                                          : loaded 2 times (x 68B)
Class com.google.common.base.CharMatcher$NegatedFastMatcher                           : loaded 2 times (x 109B)
Class [Lcom.google.common.collect.AbstractMapEntry;                                   : loaded 2 times (x 65B)
Class com.google.common.collect.ImmutableEntry                                        : loaded 2 times (x 78B)
Class com.google.common.collect.ArrayListMultimap                                     : loaded 2 times (x 168B)
Class com.google.common.base.AbstractIterator$1                                       : loaded 2 times (x 67B)
Class com.google.common.base.CharMatcher$Digit                                        : loaded 2 times (x 108B)
Class org.gradle.api.GradleException                                                  : loaded 2 times (x 78B)
Class com.google.common.base.Suppliers$MemoizingSupplier                              : loaded 2 times (x 75B)
Class com.google.common.collect.CollectPreconditions                                  : loaded 2 times (x 67B)
Class com.google.common.base.CharMatcher$JavaIsoControl                               : loaded 2 times (x 108B)
Class jdk.internal.jimage.ImageStrings                                                : loaded 2 times (x 66B)
Class [Lcom.google.common.io.FileWriteMode;                                           : loaded 2 times (x 65B)
Class com.google.common.collect.SortedMapDifference                                   : loaded 2 times (x 66B)
Class com.google.common.base.CharMatcher$JavaLowerCase                                : loaded 2 times (x 107B)
Class com.google.common.io.Files                                                      : loaded 2 times (x 67B)
Class com.google.common.cache.LocalCache$EntryFactory                                 : loaded 2 times (x 79B)
Class com.google.common.cache.LocalCache$AbstractReferenceEntry                       : loaded 2 times (x 103B)
Class com.google.common.base.Splitter$1$1                                             : loaded 2 times (x 82B)
Class com.google.common.base.CharMatcher$Whitespace                                   : loaded 2 times (x 108B)
Class org.gradle.internal.IoActions                                                   : loaded 2 times (x 67B)
Class com.google.common.collect.ImmutableRangeSet$ComplementRanges                    : loaded 2 times (x 203B)
Class org.objectweb.asm.SymbolTable                                                   : loaded 2 times (x 68B)
Class com.google.common.cache.CacheLoader$InvalidCacheLoadException                   : loaded 2 times (x 78B)
Class com.google.common.collect.ImmutableSet$RegularSetBuilderImpl                    : loaded 2 times (x 73B)
Class com.google.common.base.CharMatcher$SingleWidth                                  : loaded 2 times (x 108B)
Class org.gradle.internal.classloader.SystemClassLoaderSpec                           : loaded 2 times (x 67B)
Class com.google.common.cache.LocalCache$StrongEntry                                  : loaded 2 times (x 104B)
Class com.google.common.util.concurrent.AbstractFuture$TrustedFuture                  : loaded 2 times (x 110B)
Class com.google.common.cache.LoadingCache                                            : loaded 2 times (x 66B)
Class com.google.common.io.ByteStreams$LimitedInputStream                             : loaded 2 times (x 88B)
Class com.google.common.base.Suppliers$NonSerializableMemoizingSupplier               : loaded 2 times (x 75B)
Class org.objectweb.asm.MethodWriter                                                  : loaded 2 times (x 102B)
Class [Lcom.google.common.cache.Weigher;                                              : loaded 2 times (x 65B)
Class com.google.common.collect.RegularImmutableMap$BucketOverflowException           : loaded 2 times (x 78B)
Class jdk.internal.jrtfs.JrtFileSystem                                                : loaded 2 times (x 98B)
Class com.google.common.collect.ImmutableMultimap$1                                   : loaded 2 times (x 78B)
Class com.google.common.collect.AbstractMapBasedMultimap$RandomAccessWrappedList      : loaded 2 times (x 201B)
Class jdk.internal.jimage.decompressor.CompressedResourceHeader                       : loaded 2 times (x 67B)
Class com.google.common.collect.ImmutableMultimap$2                                   : loaded 2 times (x 77B)
Class com.google.common.collect.RegularImmutableBiMap                                 : loaded 2 times (x 144B)
Class com.google.common.cache.LocalCache$ValueReference                               : loaded 2 times (x 66B)
Class com.google.common.base.CharMatcher$Negated                                      : loaded 2 times (x 109B)
Class com.google.common.base.CharMatcher$Is                                           : loaded 2 times (x 107B)
Class com.google.common.util.concurrent.AbstractFuture$Failure                        : loaded 2 times (x 68B)
Class com.google.common.base.Equivalence$Equals                                       : loaded 2 times (x 78B)
Class com.google.common.collect.Hashing                                               : loaded 2 times (x 67B)
Class com.google.common.base.PatternCompiler                                          : loaded 2 times (x 66B)
Class com.google.common.base.Preconditions                                            : loaded 2 times (x 67B)
Class com.google.common.io.CharSink                                                   : loaded 2 times (x 75B)
Class com.google.common.base.Joiner$1                                                 : loaded 2 times (x 76B)
Class org.objectweb.asm.Label                                                         : loaded 2 times (x 69B)
Class org.objectweb.asm.CurrentFrame                                                  : loaded 2 times (x 69B)
Class org.objectweb.asm.ClassTooLargeException                                        : loaded 2 times (x 79B)
Class com.google.common.collect.PeekingIterator                                       : loaded 2 times (x 66B)
Class com.google.common.base.CharMatcher                                              : loaded 2 times (x 107B)
Class com.google.common.collect.RangeGwtSerializationDependencies                     : loaded 2 times (x 67B)
Class com.google.common.base.Joiner$2                                                 : loaded 2 times (x 75B)
Class org.objectweb.asm.Frame                                                         : loaded 2 times (x 69B)
Class org.objectweb.asm.MethodVisitor                                                 : loaded 2 times (x 101B)
Class com.google.common.cache.LocalCache$EntryFactory$1                               : loaded 2 times (x 79B)
Class [Lcom.google.common.cache.RemovalListener;                                      : loaded 2 times (x 65B)
Class com.google.common.base.CharMatcher$1                                            : loaded 2 times (x 109B)
Class com.google.common.base.CharMatcher$NamedFastMatcher                             : loaded 2 times (x 108B)
Class com.google.common.collect.RangeSet                                              : loaded 2 times (x 66B)
Class com.google.common.cache.LocalCache$EntryFactory$2                               : loaded 2 times (x 79B)
Class com.google.common.collect.CollectCollectors                                     : loaded 2 times (x 67B)
Class org.objectweb.asm.ModuleWriter                                                  : loaded 2 times (x 78B)
Class com.google.common.cache.LocalCache$EntryFactory$3                               : loaded 2 times (x 79B)
Class com.google.common.base.Ticker$1                                                 : loaded 2 times (x 68B)
Class com.google.common.collect.ImmutableMapEntrySet$RegularEntrySet                  : loaded 2 times (x 147B)
Class com.google.common.collect.Maps$BiMapConverter                                   : loaded 2 times (x 86B)
Class com.google.common.cache.LocalCache$EntryFactory$4                               : loaded 2 times (x 79B)
Class com.google.common.collect.ImmutableSet$Builder                                  : loaded 2 times (x 81B)
Class com.google.common.base.CharMatcher$InRange                                      : loaded 2 times (x 107B)
Class com.google.common.io.ByteStreams$1                                              : loaded 2 times (x 81B)
Class com.google.common.cache.LocalCache$EntryFactory$5                               : loaded 2 times (x 79B)
Class com.google.common.io.LineReader                                                 : loaded 2 times (x 68B)
Class com.google.common.cache.LocalCache$EntryFactory$6                               : loaded 2 times (x 79B)
Class org.gradle.internal.installation.CurrentGradleInstallationLocator               : loaded 2 times (x 67B)
Class com.google.common.collect.ImmutableMultimap$Builder                             : loaded 2 times (x 79B)
Class com.google.common.collect.Maps$KeySet                                           : loaded 2 times (x 133B)
Class com.google.common.cache.LocalCache$EntryFactory$7                               : loaded 2 times (x 79B)
Class com.google.common.collect.ImmutableSet$EmptySetBuilderImpl                      : loaded 2 times (x 72B)
Class com.google.common.collect.ImmutableList                                         : loaded 2 times (x 202B)
Class org.gradle.internal.service.DefaultServiceLocator                               : loaded 2 times (x 79B)
Class com.google.common.collect.ImmutableMultimap$EntryCollection                     : loaded 2 times (x 123B)
Class com.google.common.collect.Maps$EntrySet                                         : loaded 2 times (x 132B)
Class org.jetbrains.kotlin.util.capitalizeDecapitalize.CapitalizeDecapitalizeKt       : loaded 2 times (x 67B)
Class com.google.common.cache.LocalCache$EntryFactory$8                               : loaded 2 times (x 79B)
Class com.google.common.collect.ImmutableSet$SetBuilderImpl                           : loaded 2 times (x 72B)
Class jdk.internal.jrtfs.JrtDirectoryStream                                           : loaded 2 times (x 85B)
Class org.gradle.internal.installation.CurrentGradleInstallation                      : loaded 2 times (x 69B)
Class com.google.common.cache.CacheLoader$1                                           : loaded 2 times (x 71B)
Class com.google.common.collect.ForwardingObject                                      : loaded 2 times (x 68B)
Class com.google.common.collect.ImmutableList$SubList                                 : loaded 2 times (x 204B)
Class org.gradle.util.internal.GUtil                                                  : loaded 2 times (x 67B)
Class com.google.common.io.ByteSource                                                 : loaded 2 times (x 80B)
Class com.google.common.util.concurrent.AbstractFuture$SetFuture                      : loaded 2 times (x 71B)
Class com.google.common.cache.AbstractCache$StatsCounter                              : loaded 2 times (x 66B)
Class com.google.common.io.LineBuffer                                                 : loaded 2 times (x 71B)
Class com.google.common.collect.Iterators$MergingIterator                             : loaded 2 times (x 77B)
Class com.google.common.collect.RegularImmutableSet                                   : loaded 2 times (x 144B)
Class org.gradle.internal.installation.GradleInstallation                             : loaded 2 times (x 71B)
Class com.google.common.collect.Iterables                                             : loaded 2 times (x 67B)
Class com.google.common.base.Splitter$Strategy                                        : loaded 2 times (x 66B)
Class jdk.internal.jimage.decompressor.ResourceDecompressor$StringsProvider           : loaded 2 times (x 66B)

---------------  S Y S T E M  ---------------

OS:
 Windows 11 , 64 bit Build 26100 (10.0.26100.7309)
OS uptime: 1 days 13:23 hours
Hyper-V role detected

CPU: total 12 (initial active 12) (6 cores per cpu, 2 threads per core) family 6 model 141 stepping 1 microcode 0x52, cx8, cmov, fxsr, ht, mmx, 3dnowpref, sse, sse2, sse3, ssse3, sse4.1, sse4.2, popcnt, lzcnt, tsc, tscinvbit, avx, avx2, aes, erms, clmul, bmi1, bmi2, adx, avx512f, avx512dq, avx512cd, avx512bw, avx512vl, sha, fma, vzeroupper, avx512_vpopcntdq, avx512_vpclmulqdq, avx512_vaes, avx512_vnni, clflush, clflushopt, clwb, avx512_vbmi2, avx512_vbmi, hv, rdtscp, rdpid, fsrm, gfni, avx512_bitalg, f16c, cet_ibt, cet_ss, avx512_ifma
Processor Information for the first 12 processors :
  Max Mhz: 2688, Current Mhz: 2688, Mhz Limit: 2688

Memory: 4k page, system-wide physical 11925M (574M free)
TotalPageFile size 42322M (AvailPageFile size 198M)
current process WorkingSet (physical memory assigned to process): 1073M, peak: 1075M
current process commit charge ("private bytes"): 1193M, peak: 1483M

vm_info: OpenJDK 64-Bit Server VM (21.0.6+-13368085-b895.109) for windows-amd64 JRE (21.0.6+-13368085-b895.109), built on 2025-04-16T17:01:31Z by "builder" with MS VC++ 16.10 / 16.11 (VS2019)

END.
