#
# There is insufficient memory for the Java Runtime Environment to continue.
# Native memory allocation (malloc) failed to allocate 1134160 bytes. Error detail: Chunk::new
# Possible reasons:
#   The system is out of physical RAM or swap space
#   This process is running with CompressedOops enabled, and the Java Heap may be blocking the growth of the native heap
# Possible solutions:
#   Reduce memory load on the system
#   Increase physical memory or swap space
#   Check if swap backing store is full
#   Decrease Java heap size (-Xmx/-Xms)
#   Decrease number of Java threads
#   Decrease Java thread stack sizes (-Xss)
#   Set larger code cache with -XX:ReservedCodeCacheSize=
#   JVM is running with Unscaled Compressed Oops mode in which the Java heap is
#     placed in the first 4GB address space. The Java Heap base address is the
#     maximum limit for the native heap growth. Please use -XX:HeapBaseMinAddress
#     to set the Java Heap base and to place the Java Heap above 4GB virtual address.
# This output file may be truncated or incomplete.
#
#  Out of Memory Error (arena.cpp:168), pid=24732, tid=23704
#
# JRE version: OpenJDK Runtime Environment (21.0.6) (build 21.0.6+-13368085-b895.109)
# Java VM: OpenJDK 64-Bit Server VM (21.0.6+-13368085-b895.109, mixed mode, tiered, compressed oops, compressed class ptrs, g1 gc, windows-amd64)
# No core dump will be written. Minidumps are not enabled by default on client versions of Windows
#

---------------  S U M M A R Y ------------

Command Line: --add-opens=java.base/java.util=ALL-UNNAMED --add-opens=java.base/java.lang=ALL-UNNAMED --add-opens=java.base/java.lang.invoke=ALL-UNNAMED --add-opens=java.prefs/java.util.prefs=ALL-UNNAMED --add-exports=jdk.compiler/com.sun.tools.javac.api=ALL-UNNAMED --add-exports=jdk.compiler/com.sun.tools.javac.util=ALL-UNNAMED --add-opens=java.base/java.nio.charset=ALL-UNNAMED --add-opens=java.base/java.net=ALL-UNNAMED --add-opens=java.base/java.util.concurrent.atomic=ALL-UNNAMED -Xmx2048m -Dfile.encoding=UTF-8 -Duser.country=US -Duser.language=en -Duser.variant -javaagent:C:\Users\xXx\.gradle\wrapper\dists\gradle-8.9-bin\90cnw93cvbtalezasaz0blq0a\gradle-8.9\lib\agents\gradle-instrumentation-agent-8.9.jar org.gradle.launcher.daemon.bootstrap.GradleDaemon 8.9

Host: 11th Gen Intel(R) Core(TM) i5-11400H @ 2.70GHz, 12 cores, 11G,  Windows 11 , 64 bit Build 26100 (10.0.26100.7309)
Time: Wed Dec 17 19:33:40 2025 Turkey Standard Time elapsed time: 14.571982 seconds (0d 0h 0m 14s)

---------------  T H R E A D  ---------------

Current thread (0x0000026fae7c8bd0):  JavaThread "C2 CompilerThread0" daemon [_thread_in_native, id=23704, stack(0x0000008066c00000,0x0000008066d00000) (1024K)]


Current CompileTask:
C2:14572 13659       4       java.lang.Class::privateGetPublicMethods (224 bytes)

Stack: [0x0000008066c00000,0x0000008066d00000]
Native frames: (J=compiled Java code, j=interpreted, Vv=VM code, C=native code)
V  [jvm.dll+0x6d0639]
V  [jvm.dll+0x85eb03]
V  [jvm.dll+0x86105e]
V  [jvm.dll+0x861743]
V  [jvm.dll+0x27e6e6]
V  [jvm.dll+0xbff6d]
V  [jvm.dll+0xc04a3]
V  [jvm.dll+0x3b61ab]
V  [jvm.dll+0x3820c7]
V  [jvm.dll+0x38153a]
V  [jvm.dll+0x247c82]
V  [jvm.dll+0x247251]
V  [jvm.dll+0x1c5f04]
V  [jvm.dll+0x2569ac]
V  [jvm.dll+0x254ef6]
V  [jvm.dll+0x3f0e96]
V  [jvm.dll+0x806ed8]
V  [jvm.dll+0x6cef0d]
C  [ucrtbase.dll+0x37b0]
C  [KERNEL32.DLL+0x2e8d7]
C  [ntdll.dll+0x8c53c]


---------------  P R O C E S S  ---------------

Threads class SMR info:
_java_thread_list=0x0000026fb54890b0, length=116, elements={
0x0000026f946c5f60, 0x0000026fae7b19d0, 0x0000026fae7b5420, 0x0000026fae79df60,
0x0000026fae79e9b0, 0x0000026fae7c1510, 0x0000026fae7c2ad0, 0x0000026fae7c8bd0,
0x0000026fae7cd670, 0x0000026fae87a730, 0x0000026faeada640, 0x0000026fb491fc80,
0x0000026fb47deae0, 0x0000026fb4d61620, 0x0000026fb4b5eb50, 0x0000026fb4e38e80,
0x0000026fb4e98a20, 0x0000026fb4ebae60, 0x0000026fb4ebb4c0, 0x0000026fb4aef400,
0x0000026fb4af14d0, 0x0000026fb4af21f0, 0x0000026fb4af07b0, 0x0000026fb4aefa90,
0x0000026fb4af0120, 0x0000026fb4af0e40, 0x0000026fb4af1b60, 0x0000026fb72192d0,
0x0000026fb7216b70, 0x0000026fb72185b0, 0x0000026fb7219ff0, 0x0000026fb721a680,
0x0000026fb7217200, 0x0000026fb7217890, 0x0000026fb7218c40, 0x0000026fb7219960,
0x0000026fb721ad10, 0x0000026fb721b3a0, 0x0000026fb7217f20, 0x0000026fb721ba30,
0x0000026fb721d470, 0x0000026fb721c0c0, 0x0000026fb721cde0, 0x0000026fb721db00,
0x0000026fb8a612c0, 0x0000026fb8a5e4d0, 0x0000026fb8a5de40, 0x0000026fb8a5eb60,
0x0000026fb8a60c30, 0x0000026fb8a5ff10, 0x0000026fb8d04330, 0x0000026fb8d049c0,
0x0000026fb8d03ca0, 0x0000026fb8d01540, 0x0000026fb8d05050, 0x0000026fb8d01bd0,
0x0000026fb8d056e0, 0x0000026fb8d028f0, 0x0000026fb8d02f80, 0x0000026fb8d02260,
0x0000026fb8d05d70, 0x0000026fb8d06400, 0x0000026fb8d03610, 0x0000026fb8f79ef0,
0x0000026fb8f77790, 0x0000026fb8f76a70, 0x0000026fb8f784b0, 0x0000026fb8f77e20,
0x0000026fb8f77100, 0x0000026fb8f791d0, 0x0000026fb8f79860, 0x0000026fb8f7b2a0,
0x0000026fb8f7bfc0, 0x0000026fb8f7a580, 0x0000026fb8f7ac10, 0x0000026fb8f7b930,
0x0000026fb8f78b40, 0x0000026fb8f7c650, 0x0000026fb8f7da00, 0x0000026fb8f7d370,
0x0000026fb8f7cce0, 0x0000026fb8f7e090, 0x0000026fb57196a0, 0x0000026fb57182f0,
0x0000026fb5717c60, 0x0000026fb5719010, 0x0000026fb5719d30, 0x0000026fb571b770,
0x0000026fb571a3c0, 0x0000026fb571aa50, 0x0000026fb571b0e0, 0x0000026fb571be00,
0x0000026fb5718980, 0x0000026fb571c490, 0x0000026fb571cb20, 0x0000026fb571d840,
0x0000026fb57d7bb0, 0x0000026fb57d5450, 0x0000026fb57d6e90, 0x0000026fb57d5ae0,
0x0000026fb57d4dc0, 0x0000026fb57d6170, 0x0000026fb57d6800, 0x0000026fb57d7520,
0x0000026fb57d4730, 0x0000026fb57d8f60, 0x0000026fb57d9c80, 0x0000026fb57da310,
0x0000026fb57d8240, 0x0000026fb57d95f0, 0x0000026fb57db030, 0x0000026fb57da9a0,
0x0000026fb57db6c0, 0x0000026fb60986b0, 0x0000026fb757b290, 0x0000026fb6099a60
}

Java Threads: ( => current thread )
  0x0000026f946c5f60 JavaThread "main"                              [_thread_blocked, id=19276, stack(0x0000008065e00000,0x0000008065f00000) (1024K)]
  0x0000026fae7b19d0 JavaThread "Reference Handler"          daemon [_thread_blocked, id=23384, stack(0x0000008066600000,0x0000008066700000) (1024K)]
  0x0000026fae7b5420 JavaThread "Finalizer"                  daemon [_thread_blocked, id=2988, stack(0x0000008066700000,0x0000008066800000) (1024K)]
  0x0000026fae79df60 JavaThread "Signal Dispatcher"          daemon [_thread_blocked, id=19752, stack(0x0000008066800000,0x0000008066900000) (1024K)]
  0x0000026fae79e9b0 JavaThread "Attach Listener"            daemon [_thread_blocked, id=2532, stack(0x0000008066900000,0x0000008066a00000) (1024K)]
  0x0000026fae7c1510 JavaThread "Service Thread"             daemon [_thread_blocked, id=17516, stack(0x0000008066a00000,0x0000008066b00000) (1024K)]
  0x0000026fae7c2ad0 JavaThread "Monitor Deflation Thread"   daemon [_thread_blocked, id=24292, stack(0x0000008066b00000,0x0000008066c00000) (1024K)]
=>0x0000026fae7c8bd0 JavaThread "C2 CompilerThread0"         daemon [_thread_in_native, id=23704, stack(0x0000008066c00000,0x0000008066d00000) (1024K)]
  0x0000026fae7cd670 JavaThread "C1 CompilerThread0"         daemon [_thread_blocked, id=21756, stack(0x0000008066d00000,0x0000008066e00000) (1024K)]
  0x0000026fae87a730 JavaThread "Common-Cleaner"             daemon [_thread_blocked, id=21880, stack(0x0000008066e00000,0x0000008066f00000) (1024K)]
  0x0000026faeada640 JavaThread "Notification Thread"        daemon [_thread_blocked, id=8532, stack(0x0000008066f00000,0x0000008067000000) (1024K)]
  0x0000026fb491fc80 JavaThread "Daemon health stats"               [_thread_blocked, id=15212, stack(0x0000008067600000,0x0000008067700000) (1024K)]
  0x0000026fb47deae0 JavaThread "Incoming local TCP Connector on port 60825"        [_thread_in_native, id=25584, stack(0x0000008067700000,0x0000008067800000) (1024K)]
  0x0000026fb4d61620 JavaThread "Daemon periodic checks"            [_thread_blocked, id=5332, stack(0x0000008067800000,0x0000008067900000) (1024K)]
  0x0000026fb4b5eb50 JavaThread "Daemon"                            [_thread_blocked, id=10292, stack(0x0000008067900000,0x0000008067a00000) (1024K)]
  0x0000026fb4e38e80 JavaThread "Handler for socket connection from /127.0.0.1:60825 to /127.0.0.1:60826"        [_thread_in_native, id=3988, stack(0x0000008067a00000,0x0000008067b00000) (1024K)]
  0x0000026fb4e98a20 JavaThread "Cancel handler"                    [_thread_blocked, id=17428, stack(0x0000008067b00000,0x0000008067c00000) (1024K)]
  0x0000026fb4ebae60 JavaThread "Daemon worker"                     [_thread_in_native, id=23784, stack(0x0000008067c00000,0x0000008067d00000) (1024K)]
  0x0000026fb4ebb4c0 JavaThread "Asynchronous log dispatcher for DefaultDaemonConnection: socket connection from /127.0.0.1:60825 to /127.0.0.1:60826"        [_thread_blocked, id=1488, stack(0x0000008067d00000,0x0000008067e00000) (1024K)]
  0x0000026fb4aef400 JavaThread "Stdin handler"                     [_thread_blocked, id=22328, stack(0x0000008067e00000,0x0000008067f00000) (1024K)]
  0x0000026fb4af14d0 JavaThread "Daemon client event forwarder"        [_thread_blocked, id=11012, stack(0x0000008067f00000,0x0000008068000000) (1024K)]
  0x0000026fb4af21f0 JavaThread "Cache worker for journal cache (C:\Users\xXx\.gradle\caches\journal-1)"        [_thread_blocked, id=25428, stack(0x0000008068700000,0x0000008068800000) (1024K)]
  0x0000026fb4af07b0 JavaThread "File lock request listener"        [_thread_in_native, id=24272, stack(0x0000008068800000,0x0000008068900000) (1024K)]
  0x0000026fb4aefa90 JavaThread "Cache worker for file hash cache (C:\Users\xXx\.gradle\caches\8.9\fileHashes)"        [_thread_blocked, id=21080, stack(0x0000008068900000,0x0000008068a00000) (1024K)]
  0x0000026fb4af0120 JavaThread "Cache worker for file hash cache (C:\Users\xXx\AndroidStudioProjects\Notepad-for-company-ComposeUI\.gradle\8.9\fileHashes)"        [_thread_blocked, id=24792, stack(0x0000008068a00000,0x0000008068b00000) (1024K)]
  0x0000026fb4af0e40 JavaThread "Cache worker for Build Output Cleanup Cache (C:\Users\xXx\AndroidStudioProjects\Notepad-for-company-ComposeUI\.gradle\buildOutputCleanup)"        [_thread_blocked, id=13048, stack(0x0000008068b00000,0x0000008068c00000) (1024K)]
  0x0000026fb4af1b60 JavaThread "File watcher server"        daemon [_thread_in_native, id=1180, stack(0x0000008068c00000,0x0000008068d00000) (1024K)]
  0x0000026fb72192d0 JavaThread "File watcher consumer"      daemon [_thread_blocked, id=13652, stack(0x0000008068d00000,0x0000008068e00000) (1024K)]
  0x0000026fb7216b70 JavaThread "jar transforms"                    [_thread_blocked, id=23976, stack(0x0000008068e00000,0x0000008068f00000) (1024K)]
  0x0000026fb72185b0 JavaThread "jar transforms Thread 2"           [_thread_blocked, id=11752, stack(0x0000008068f00000,0x0000008069000000) (1024K)]
  0x0000026fb7219ff0 JavaThread "jar transforms Thread 3"           [_thread_blocked, id=4824, stack(0x0000008069000000,0x0000008069100000) (1024K)]
  0x0000026fb721a680 JavaThread "jar transforms Thread 4"           [_thread_blocked, id=20928, stack(0x0000008069100000,0x0000008069200000) (1024K)]
  0x0000026fb7217200 JavaThread "jar transforms Thread 5"           [_thread_blocked, id=18556, stack(0x0000008069200000,0x0000008069300000) (1024K)]
  0x0000026fb7217890 JavaThread "jar transforms Thread 6"           [_thread_blocked, id=1248, stack(0x0000008069300000,0x0000008069400000) (1024K)]
  0x0000026fb7218c40 JavaThread "jar transforms Thread 7"           [_thread_blocked, id=22912, stack(0x0000008069400000,0x0000008069500000) (1024K)]
  0x0000026fb7219960 JavaThread "jar transforms Thread 8"           [_thread_blocked, id=21816, stack(0x0000008069500000,0x0000008069600000) (1024K)]
  0x0000026fb721ad10 JavaThread "jar transforms Thread 9"           [_thread_blocked, id=6648, stack(0x0000008069600000,0x0000008069700000) (1024K)]
  0x0000026fb721b3a0 JavaThread "jar transforms Thread 10"          [_thread_blocked, id=17844, stack(0x0000008069700000,0x0000008069800000) (1024K)]
  0x0000026fb7217f20 JavaThread "jar transforms Thread 11"          [_thread_blocked, id=11464, stack(0x0000008069800000,0x0000008069900000) (1024K)]
  0x0000026fb721ba30 JavaThread "jar transforms Thread 12"          [_thread_blocked, id=21132, stack(0x0000008069900000,0x0000008069a00000) (1024K)]
  0x0000026fb721d470 JavaThread "Cache worker for checksums cache (C:\Users\xXx\AndroidStudioProjects\Notepad-for-company-ComposeUI\.gradle\8.9\checksums)"        [_thread_blocked, id=6888, stack(0x0000008069a00000,0x0000008069b00000) (1024K)]
  0x0000026fb721c0c0 JavaThread "Cache worker for file content cache (C:\Users\xXx\.gradle\caches\8.9\fileContent)"        [_thread_blocked, id=9940, stack(0x0000008069b00000,0x0000008069c00000) (1024K)]
  0x0000026fb721cde0 JavaThread "Cache worker for cache directory md-rule (C:\Users\xXx\.gradle\caches\8.9\md-rule)"        [_thread_blocked, id=11956, stack(0x0000008069c00000,0x0000008069d00000) (1024K)]
  0x0000026fb721db00 JavaThread "Cache worker for cache directory md-supplier (C:\Users\xXx\.gradle\caches\8.9\md-supplier)"        [_thread_blocked, id=6608, stack(0x0000008069d00000,0x0000008069e00000) (1024K)]
  0x0000026fb8a612c0 JavaThread "Unconstrained build operations"        [_thread_blocked, id=22560, stack(0x0000008069e00000,0x0000008069f00000) (1024K)]
  0x0000026fb8a5e4d0 JavaThread "Unconstrained build operations Thread 2"        [_thread_blocked, id=21532, stack(0x0000008069f00000,0x000000806a000000) (1024K)]
  0x0000026fb8a5de40 JavaThread "Unconstrained build operations Thread 3"        [_thread_blocked, id=21320, stack(0x000000806a000000,0x000000806a100000) (1024K)]
  0x0000026fb8a5eb60 JavaThread "Unconstrained build operations Thread 4"        [_thread_blocked, id=20472, stack(0x000000806a100000,0x000000806a200000) (1024K)]
  0x0000026fb8a60c30 JavaThread "Unconstrained build operations Thread 5"        [_thread_blocked, id=11932, stack(0x000000806a200000,0x000000806a300000) (1024K)]
  0x0000026fb8a5ff10 JavaThread "Unconstrained build operations Thread 6"        [_thread_blocked, id=18928, stack(0x000000806a300000,0x000000806a400000) (1024K)]
  0x0000026fb8d04330 JavaThread "Unconstrained build operations Thread 7"        [_thread_blocked, id=23812, stack(0x000000806a400000,0x000000806a500000) (1024K)]
  0x0000026fb8d049c0 JavaThread "Unconstrained build operations Thread 8"        [_thread_blocked, id=23908, stack(0x000000806a500000,0x000000806a600000) (1024K)]
  0x0000026fb8d03ca0 JavaThread "Unconstrained build operations Thread 9"        [_thread_blocked, id=20092, stack(0x000000806a600000,0x000000806a700000) (1024K)]
  0x0000026fb8d01540 JavaThread "Unconstrained build operations Thread 10"        [_thread_blocked, id=24356, stack(0x000000806a700000,0x000000806a800000) (1024K)]
  0x0000026fb8d05050 JavaThread "Unconstrained build operations Thread 11"        [_thread_blocked, id=19488, stack(0x000000806a800000,0x000000806a900000) (1024K)]
  0x0000026fb8d01bd0 JavaThread "Unconstrained build operations Thread 12"        [_thread_blocked, id=14264, stack(0x000000806a900000,0x000000806aa00000) (1024K)]
  0x0000026fb8d056e0 JavaThread "Unconstrained build operations Thread 13"        [_thread_blocked, id=22716, stack(0x000000806aa00000,0x000000806ab00000) (1024K)]
  0x0000026fb8d028f0 JavaThread "Unconstrained build operations Thread 14"        [_thread_blocked, id=22692, stack(0x000000806ab00000,0x000000806ac00000) (1024K)]
  0x0000026fb8d02f80 JavaThread "Unconstrained build operations Thread 15"        [_thread_blocked, id=15456, stack(0x000000806ac00000,0x000000806ad00000) (1024K)]
  0x0000026fb8d02260 JavaThread "Unconstrained build operations Thread 16"        [_thread_blocked, id=24524, stack(0x000000806ad00000,0x000000806ae00000) (1024K)]
  0x0000026fb8d05d70 JavaThread "Unconstrained build operations Thread 17"        [_thread_blocked, id=25420, stack(0x000000806ae00000,0x000000806af00000) (1024K)]
  0x0000026fb8d06400 JavaThread "Unconstrained build operations Thread 18"        [_thread_blocked, id=19912, stack(0x000000806af00000,0x000000806b000000) (1024K)]
  0x0000026fb8d03610 JavaThread "Unconstrained build operations Thread 19"        [_thread_blocked, id=25132, stack(0x000000806b000000,0x000000806b100000) (1024K)]
  0x0000026fb8f79ef0 JavaThread "Unconstrained build operations Thread 20"        [_thread_blocked, id=19480, stack(0x000000806b100000,0x000000806b200000) (1024K)]
  0x0000026fb8f77790 JavaThread "Unconstrained build operations Thread 21"        [_thread_blocked, id=14080, stack(0x000000806b200000,0x000000806b300000) (1024K)]
  0x0000026fb8f76a70 JavaThread "Unconstrained build operations Thread 22"        [_thread_blocked, id=14000, stack(0x000000806b300000,0x000000806b400000) (1024K)]
  0x0000026fb8f784b0 JavaThread "Unconstrained build operations Thread 23"        [_thread_blocked, id=18868, stack(0x000000806b400000,0x000000806b500000) (1024K)]
  0x0000026fb8f77e20 JavaThread "Unconstrained build operations Thread 24"        [_thread_blocked, id=24448, stack(0x000000806b500000,0x000000806b600000) (1024K)]
  0x0000026fb8f77100 JavaThread "Unconstrained build operations Thread 25"        [_thread_blocked, id=17952, stack(0x000000806b600000,0x000000806b700000) (1024K)]
  0x0000026fb8f791d0 JavaThread "Unconstrained build operations Thread 26"        [_thread_blocked, id=21788, stack(0x000000806b700000,0x000000806b800000) (1024K)]
  0x0000026fb8f79860 JavaThread "Unconstrained build operations Thread 27"        [_thread_blocked, id=4968, stack(0x000000806b800000,0x000000806b900000) (1024K)]
  0x0000026fb8f7b2a0 JavaThread "Unconstrained build operations Thread 28"        [_thread_blocked, id=21412, stack(0x000000806b900000,0x000000806ba00000) (1024K)]
  0x0000026fb8f7bfc0 JavaThread "Unconstrained build operations Thread 29"        [_thread_blocked, id=18664, stack(0x000000806ba00000,0x000000806bb00000) (1024K)]
  0x0000026fb8f7a580 JavaThread "Unconstrained build operations Thread 30"        [_thread_blocked, id=25316, stack(0x000000806bb00000,0x000000806bc00000) (1024K)]
  0x0000026fb8f7ac10 JavaThread "Unconstrained build operations Thread 31"        [_thread_blocked, id=22004, stack(0x000000806bc00000,0x000000806bd00000) (1024K)]
  0x0000026fb8f7b930 JavaThread "Unconstrained build operations Thread 32"        [_thread_blocked, id=5840, stack(0x000000806bd00000,0x000000806be00000) (1024K)]
  0x0000026fb8f78b40 JavaThread "Unconstrained build operations Thread 33"        [_thread_blocked, id=22312, stack(0x000000806be00000,0x000000806bf00000) (1024K)]
  0x0000026fb8f7c650 JavaThread "Unconstrained build operations Thread 34"        [_thread_blocked, id=9856, stack(0x000000806bf00000,0x000000806c000000) (1024K)]
  0x0000026fb8f7da00 JavaThread "Unconstrained build operations Thread 35"        [_thread_blocked, id=3624, stack(0x000000806c000000,0x000000806c100000) (1024K)]
  0x0000026fb8f7d370 JavaThread "Unconstrained build operations Thread 36"        [_thread_blocked, id=18468, stack(0x000000806c100000,0x000000806c200000) (1024K)]
  0x0000026fb8f7cce0 JavaThread "Unconstrained build operations Thread 37"        [_thread_blocked, id=17944, stack(0x000000806c200000,0x000000806c300000) (1024K)]
  0x0000026fb8f7e090 JavaThread "Unconstrained build operations Thread 38"        [_thread_blocked, id=956, stack(0x000000806c300000,0x000000806c400000) (1024K)]
  0x0000026fb57196a0 JavaThread "Unconstrained build operations Thread 39"        [_thread_blocked, id=21592, stack(0x000000806c400000,0x000000806c500000) (1024K)]
  0x0000026fb57182f0 JavaThread "Unconstrained build operations Thread 40"        [_thread_blocked, id=21760, stack(0x000000806c500000,0x000000806c600000) (1024K)]
  0x0000026fb5717c60 JavaThread "Unconstrained build operations Thread 41"        [_thread_blocked, id=19564, stack(0x000000806c600000,0x000000806c700000) (1024K)]
  0x0000026fb5719010 JavaThread "Unconstrained build operations Thread 42"        [_thread_blocked, id=21284, stack(0x000000806c700000,0x000000806c800000) (1024K)]
  0x0000026fb5719d30 JavaThread "Unconstrained build operations Thread 43"        [_thread_blocked, id=21100, stack(0x000000806c800000,0x000000806c900000) (1024K)]
  0x0000026fb571b770 JavaThread "Unconstrained build operations Thread 44"        [_thread_blocked, id=14664, stack(0x000000806c900000,0x000000806ca00000) (1024K)]
  0x0000026fb571a3c0 JavaThread "Unconstrained build operations Thread 45"        [_thread_blocked, id=23608, stack(0x000000806ca00000,0x000000806cb00000) (1024K)]
  0x0000026fb571aa50 JavaThread "Unconstrained build operations Thread 46"        [_thread_blocked, id=17636, stack(0x000000806cb00000,0x000000806cc00000) (1024K)]
  0x0000026fb571b0e0 JavaThread "Unconstrained build operations Thread 47"        [_thread_blocked, id=6884, stack(0x000000806cc00000,0x000000806cd00000) (1024K)]
  0x0000026fb571be00 JavaThread "Unconstrained build operations Thread 48"        [_thread_blocked, id=13100, stack(0x000000806cd00000,0x000000806ce00000) (1024K)]
  0x0000026fb5718980 JavaThread "Unconstrained build operations Thread 49"        [_thread_blocked, id=25392, stack(0x000000806ce00000,0x000000806cf00000) (1024K)]
  0x0000026fb571c490 JavaThread "Unconstrained build operations Thread 50"        [_thread_blocked, id=22772, stack(0x000000806cf00000,0x000000806d000000) (1024K)]
  0x0000026fb571cb20 JavaThread "Unconstrained build operations Thread 51"        [_thread_blocked, id=5196, stack(0x000000806d000000,0x000000806d100000) (1024K)]
  0x0000026fb571d840 JavaThread "Unconstrained build operations Thread 52"        [_thread_blocked, id=5176, stack(0x000000806d100000,0x000000806d200000) (1024K)]
  0x0000026fb57d7bb0 JavaThread "Unconstrained build operations Thread 53"        [_thread_blocked, id=17848, stack(0x0000008067400000,0x0000008067500000) (1024K)]
  0x0000026fb57d5450 JavaThread "Unconstrained build operations Thread 54"        [_thread_blocked, id=19968, stack(0x000000806d200000,0x000000806d300000) (1024K)]
  0x0000026fb57d6e90 JavaThread "Unconstrained build operations Thread 55"        [_thread_blocked, id=9132, stack(0x000000806d300000,0x000000806d400000) (1024K)]
  0x0000026fb57d5ae0 JavaThread "Unconstrained build operations Thread 56"        [_thread_blocked, id=22652, stack(0x000000806d400000,0x000000806d500000) (1024K)]
  0x0000026fb57d4dc0 JavaThread "Unconstrained build operations Thread 57"        [_thread_blocked, id=4380, stack(0x000000806d500000,0x000000806d600000) (1024K)]
  0x0000026fb57d6170 JavaThread "Unconstrained build operations Thread 58"        [_thread_blocked, id=7512, stack(0x000000806d600000,0x000000806d700000) (1024K)]
  0x0000026fb57d6800 JavaThread "Unconstrained build operations Thread 59"        [_thread_blocked, id=4776, stack(0x000000806d700000,0x000000806d800000) (1024K)]
  0x0000026fb57d7520 JavaThread "Unconstrained build operations Thread 60"        [_thread_blocked, id=9380, stack(0x000000806d800000,0x000000806d900000) (1024K)]
  0x0000026fb57d4730 JavaThread "Unconstrained build operations Thread 61"        [_thread_blocked, id=7320, stack(0x000000806d900000,0x000000806da00000) (1024K)]
  0x0000026fb57d8f60 JavaThread "Unconstrained build operations Thread 62"        [_thread_blocked, id=16620, stack(0x000000806da00000,0x000000806db00000) (1024K)]
  0x0000026fb57d9c80 JavaThread "Unconstrained build operations Thread 63"        [_thread_blocked, id=3260, stack(0x000000806db00000,0x000000806dc00000) (1024K)]
  0x0000026fb57da310 JavaThread "Unconstrained build operations Thread 64"        [_thread_blocked, id=20284, stack(0x000000806dc00000,0x000000806dd00000) (1024K)]
  0x0000026fb57d8240 JavaThread "Unconstrained build operations Thread 65"        [_thread_blocked, id=6496, stack(0x000000806dd00000,0x000000806de00000) (1024K)]
  0x0000026fb57d95f0 JavaThread "Unconstrained build operations Thread 66"        [_thread_blocked, id=24216, stack(0x000000806de00000,0x000000806df00000) (1024K)]
  0x0000026fb57db030 JavaThread "Unconstrained build operations Thread 67"        [_thread_blocked, id=9360, stack(0x000000806df00000,0x000000806e000000) (1024K)]
  0x0000026fb57da9a0 JavaThread "Unconstrained build operations Thread 68"        [_thread_blocked, id=2128, stack(0x000000806e000000,0x000000806e100000) (1024K)]
  0x0000026fb57db6c0 JavaThread "Unconstrained build operations Thread 69"        [_thread_blocked, id=21828, stack(0x000000806e100000,0x000000806e200000) (1024K)]
  0x0000026fb60986b0 JavaThread "Memory manager"                    [_thread_blocked, id=4288, stack(0x0000008067000000,0x0000008067100000) (1024K)]
  0x0000026fb757b290 JavaThread "C2 CompilerThread1"         daemon [_thread_in_native, id=25312, stack(0x000000806e200000,0x000000806e300000) (1024K)]
  0x0000026fb6099a60 JavaThread "build event listener"              [_thread_blocked, id=11824, stack(0x000000806e400000,0x000000806e500000) (1024K)]
Total: 116

Other Threads:
  0x0000026fae715440 VMThread "VM Thread"                           [id=19956, stack(0x0000008066500000,0x0000008066600000) (1024K)]
  0x0000026fae58c8f0 WatcherThread "VM Periodic Task Thread"        [id=24304, stack(0x0000008066400000,0x0000008066500000) (1024K)]
  0x0000026f96ad7000 WorkerThread "GC Thread#0"                     [id=19544, stack(0x0000008065f00000,0x0000008066000000) (1024K)]
  0x0000026fb356b3f0 WorkerThread "GC Thread#1"                     [id=23148, stack(0x0000008067100000,0x0000008067200000) (1024K)]
  0x0000026fb39ac7b0 WorkerThread "GC Thread#2"                     [id=16600, stack(0x0000008067200000,0x0000008067300000) (1024K)]
  0x0000026fb37fe850 WorkerThread "GC Thread#3"                     [id=18580, stack(0x0000008067300000,0x0000008067400000) (1024K)]
  0x0000026fb4020d00 WorkerThread "GC Thread#4"                     [id=16404, stack(0x0000008067500000,0x0000008067600000) (1024K)]
  0x0000026fb4e9b750 WorkerThread "GC Thread#5"                     [id=11696, stack(0x0000008068000000,0x0000008068100000) (1024K)]
  0x0000026fb4a04a50 WorkerThread "GC Thread#6"                     [id=16408, stack(0x0000008068100000,0x0000008068200000) (1024K)]
  0x0000026fb4afe490 WorkerThread "GC Thread#7"                     [id=16864, stack(0x0000008068200000,0x0000008068300000) (1024K)]
  0x0000026fb4b02ab0 WorkerThread "GC Thread#8"                     [id=11808, stack(0x0000008068300000,0x0000008068400000) (1024K)]
  0x0000026fb4b02e50 WorkerThread "GC Thread#9"                     [id=6036, stack(0x0000008068400000,0x0000008068500000) (1024K)]
  0x0000026f96ae7ef0 ConcurrentGCThread "G1 Main Marker"            [id=19520, stack(0x0000008066000000,0x0000008066100000) (1024K)]
  0x0000026f96ae8900 WorkerThread "G1 Conc#0"                       [id=17976, stack(0x0000008066100000,0x0000008066200000) (1024K)]
  0x0000026fb4b3d100 WorkerThread "G1 Conc#1"                       [id=18852, stack(0x0000008068500000,0x0000008068600000) (1024K)]
  0x0000026fb4b33220 WorkerThread "G1 Conc#2"                       [id=23172, stack(0x0000008068600000,0x0000008068700000) (1024K)]
  0x0000026fae460850 ConcurrentGCThread "G1 Refine#0"               [id=17752, stack(0x0000008066200000,0x0000008066300000) (1024K)]
  0x0000026fae462180 ConcurrentGCThread "G1 Service"                [id=18524, stack(0x0000008066300000,0x0000008066400000) (1024K)]
Total: 18

Threads with active compile tasks:
C2 CompilerThread0  14597 13659       4       java.lang.Class::privateGetPublicMethods (224 bytes)
C2 CompilerThread1  14597 13520       4       org.gradle.internal.instantiation.generator.AbstractClassGenerator::inspectType (560 bytes)
Total: 2

VM state: not at safepoint (normal execution)

VM Mutex/Monitor currently owned by a thread:  ([mutex/lock_event])
[0x00007ff85655ea20] SystemDictionary_lock - owner thread: 0x0000026fb4ebae60

Heap address: 0x0000000080000000, size: 2048 MB, Compressed Oops mode: 32-bit

CDS archive(s) not mapped
Compressed class space mapped at: 0x0000000100000000-0x0000000140000000, reserved size: 1073741824
Narrow klass base: 0x0000000000000000, Narrow klass shift: 3, Narrow klass range: 0x140000000

GC Precious Log:
 CardTable entry size: 512
 Card Set container configuration: InlinePtr #cards 5 size 8 Array Of Cards #cards 12 size 40 Howl #buckets 4 coarsen threshold 1843 Howl Bitmap #cards 512 size 80 coarsen threshold 460 Card regions per heap region 1 cards per card region 2048
 CPUs: 12 total, 12 available
 Memory: 11925M
 Large Page Support: Disabled
 NUMA Support: Disabled
 Compressed Oops: Enabled (32-bit)
 Heap Region Size: 1M
 Heap Min Capacity: 8M
 Heap Initial Capacity: 188M
 Heap Max Capacity: 2G
 Pre-touch: Disabled
 Parallel Workers: 10
 Concurrent Workers: 3
 Concurrent Refinement Workers: 10
 Periodic GC: Disabled

Heap:
 garbage-first heap   total 307200K, used 198892K [0x0000000080000000, 0x0000000100000000)
  region size 1024K, 20 young (20480K), 4 survivors (4096K)
 Metaspace       used 150174K, committed 152640K, reserved 1245184K
  class space    used 19280K, committed 20544K, reserved 1048576K

Heap Regions: E=young(eden), S=young(survivor), O=old, HS=humongous(starts), HC=humongous(continues), CS=collection set, F=free, TAMS=top-at-mark-start, PB=parsable bottom
|   0|0x0000000080000000, 0x0000000080100000, 0x0000000080100000|100%|HS|  |TAMS 0x0000000080000000| PB 0x0000000080000000| Complete 
|   1|0x0000000080100000, 0x0000000080200000, 0x0000000080200000|100%|HC|  |TAMS 0x0000000080100000| PB 0x0000000080100000| Complete 
|   2|0x0000000080200000, 0x0000000080300000, 0x0000000080300000|100%|HC|  |TAMS 0x0000000080200000| PB 0x0000000080200000| Complete 
|   3|0x0000000080300000, 0x0000000080400000, 0x0000000080400000|100%|HC|  |TAMS 0x0000000080300000| PB 0x0000000080300000| Complete 
|   4|0x0000000080400000, 0x0000000080500000, 0x0000000080500000|100%| O|  |TAMS 0x0000000080400000| PB 0x0000000080400000| Untracked 
|   5|0x0000000080500000, 0x0000000080600000, 0x0000000080600000|100%| O|  |TAMS 0x0000000080500000| PB 0x0000000080500000| Untracked 
|   6|0x0000000080600000, 0x0000000080700000, 0x0000000080700000|100%| O|  |TAMS 0x0000000080600000| PB 0x0000000080600000| Untracked 
|   7|0x0000000080700000, 0x0000000080800000, 0x0000000080800000|100%| O|  |TAMS 0x0000000080700000| PB 0x0000000080700000| Untracked 
|   8|0x0000000080800000, 0x0000000080900000, 0x0000000080900000|100%| O|  |TAMS 0x0000000080800000| PB 0x0000000080800000| Untracked 
|   9|0x0000000080900000, 0x0000000080a00000, 0x0000000080a00000|100%| O|  |TAMS 0x0000000080900000| PB 0x0000000080900000| Untracked 
|  10|0x0000000080a00000, 0x0000000080b00000, 0x0000000080b00000|100%|HS|  |TAMS 0x0000000080a00000| PB 0x0000000080a00000| Complete 
|  11|0x0000000080b00000, 0x0000000080c00000, 0x0000000080c00000|100%|HS|  |TAMS 0x0000000080b00000| PB 0x0000000080b00000| Complete 
|  12|0x0000000080c00000, 0x0000000080d00000, 0x0000000080d00000|100%|HS|  |TAMS 0x0000000080c00000| PB 0x0000000080c00000| Complete 
|  13|0x0000000080d00000, 0x0000000080e00000, 0x0000000080e00000|100%|HC|  |TAMS 0x0000000080d00000| PB 0x0000000080d00000| Complete 
|  14|0x0000000080e00000, 0x0000000080f00000, 0x0000000080f00000|100%|HC|  |TAMS 0x0000000080e00000| PB 0x0000000080e00000| Complete 
|  15|0x0000000080f00000, 0x0000000081000000, 0x0000000081000000|100%|HC|  |TAMS 0x0000000080f00000| PB 0x0000000080f00000| Complete 
|  16|0x0000000081000000, 0x0000000081100000, 0x0000000081100000|100%|HC|  |TAMS 0x0000000081000000| PB 0x0000000081000000| Complete 
|  17|0x0000000081100000, 0x0000000081200000, 0x0000000081200000|100%|HC|  |TAMS 0x0000000081100000| PB 0x0000000081100000| Complete 
|  18|0x0000000081200000, 0x0000000081300000, 0x0000000081300000|100%|HS|  |TAMS 0x0000000081200000| PB 0x0000000081200000| Complete 
|  19|0x0000000081300000, 0x0000000081400000, 0x0000000081400000|100%|HC|  |TAMS 0x0000000081300000| PB 0x0000000081300000| Complete 
|  20|0x0000000081400000, 0x0000000081500000, 0x0000000081500000|100%|HC|  |TAMS 0x0000000081400000| PB 0x0000000081400000| Complete 
|  21|0x0000000081500000, 0x0000000081600000, 0x0000000081600000|100%|HC|  |TAMS 0x0000000081500000| PB 0x0000000081500000| Complete 
|  22|0x0000000081600000, 0x0000000081700000, 0x0000000081700000|100%|HS|  |TAMS 0x0000000081600000| PB 0x0000000081600000| Complete 
|  23|0x0000000081700000, 0x0000000081800000, 0x0000000081800000|100%|HC|  |TAMS 0x0000000081700000| PB 0x0000000081700000| Complete 
|  24|0x0000000081800000, 0x0000000081900000, 0x0000000081900000|100%| O|  |TAMS 0x0000000081800000| PB 0x0000000081800000| Untracked 
|  25|0x0000000081900000, 0x0000000081a00000, 0x0000000081a00000|100%| O|  |TAMS 0x0000000081900000| PB 0x0000000081900000| Untracked 
|  26|0x0000000081a00000, 0x0000000081b00000, 0x0000000081b00000|100%| O|  |TAMS 0x0000000081a00000| PB 0x0000000081a00000| Untracked 
|  27|0x0000000081b00000, 0x0000000081c00000, 0x0000000081c00000|100%| O|  |TAMS 0x0000000081b00000| PB 0x0000000081b00000| Untracked 
|  28|0x0000000081c00000, 0x0000000081d00000, 0x0000000081d00000|100%| O|  |TAMS 0x0000000081c00000| PB 0x0000000081c00000| Untracked 
|  29|0x0000000081d00000, 0x0000000081e00000, 0x0000000081e00000|100%| O|  |TAMS 0x0000000081d00000| PB 0x0000000081d00000| Untracked 
|  30|0x0000000081e00000, 0x0000000081f00000, 0x0000000081f00000|100%| O|  |TAMS 0x0000000081e00000| PB 0x0000000081e00000| Untracked 
|  31|0x0000000081f00000, 0x0000000082000000, 0x0000000082000000|100%|HS|  |TAMS 0x0000000081f00000| PB 0x0000000081f00000| Complete 
|  32|0x0000000082000000, 0x0000000082100000, 0x0000000082100000|100%|HC|  |TAMS 0x0000000082000000| PB 0x0000000082000000| Complete 
|  33|0x0000000082100000, 0x0000000082200000, 0x0000000082200000|100%| O|  |TAMS 0x0000000082100000| PB 0x0000000082100000| Untracked 
|  34|0x0000000082200000, 0x0000000082300000, 0x0000000082300000|100%| O|  |TAMS 0x0000000082200000| PB 0x0000000082200000| Untracked 
|  35|0x0000000082300000, 0x0000000082400000, 0x0000000082400000|100%| O|  |TAMS 0x0000000082300000| PB 0x0000000082300000| Untracked 
|  36|0x0000000082400000, 0x0000000082500000, 0x0000000082500000|100%| O|  |TAMS 0x0000000082400000| PB 0x0000000082400000| Untracked 
|  37|0x0000000082500000, 0x0000000082600000, 0x0000000082600000|100%| O|  |TAMS 0x0000000082500000| PB 0x0000000082500000| Untracked 
|  38|0x0000000082600000, 0x0000000082700000, 0x0000000082700000|100%| O|  |TAMS 0x0000000082600000| PB 0x0000000082600000| Untracked 
|  39|0x0000000082700000, 0x0000000082800000, 0x0000000082800000|100%| O|  |TAMS 0x0000000082700000| PB 0x0000000082700000| Untracked 
|  40|0x0000000082800000, 0x0000000082900000, 0x0000000082900000|100%| O|  |TAMS 0x0000000082800000| PB 0x0000000082800000| Untracked 
|  41|0x0000000082900000, 0x0000000082a00000, 0x0000000082a00000|100%| O|  |TAMS 0x0000000082900000| PB 0x0000000082900000| Untracked 
|  42|0x0000000082a00000, 0x0000000082b00000, 0x0000000082b00000|100%| O|  |TAMS 0x0000000082a00000| PB 0x0000000082a00000| Untracked 
|  43|0x0000000082b00000, 0x0000000082c00000, 0x0000000082c00000|100%| O|  |TAMS 0x0000000082b00000| PB 0x0000000082b00000| Untracked 
|  44|0x0000000082c00000, 0x0000000082d00000, 0x0000000082d00000|100%| O|  |TAMS 0x0000000082c00000| PB 0x0000000082c00000| Untracked 
|  45|0x0000000082d00000, 0x0000000082e00000, 0x0000000082e00000|100%| O|  |TAMS 0x0000000082d00000| PB 0x0000000082d00000| Untracked 
|  46|0x0000000082e00000, 0x0000000082f00000, 0x0000000082f00000|100%|HS|  |TAMS 0x0000000082e00000| PB 0x0000000082e00000| Complete 
|  47|0x0000000082f00000, 0x0000000083000000, 0x0000000083000000|100%|HC|  |TAMS 0x0000000082f00000| PB 0x0000000082f00000| Complete 
|  48|0x0000000083000000, 0x0000000083100000, 0x0000000083100000|100%|HC|  |TAMS 0x0000000083000000| PB 0x0000000083000000| Complete 
|  49|0x0000000083100000, 0x0000000083200000, 0x0000000083200000|100%|HC|  |TAMS 0x0000000083100000| PB 0x0000000083100000| Complete 
|  50|0x0000000083200000, 0x0000000083300000, 0x0000000083300000|100%|HC|  |TAMS 0x0000000083200000| PB 0x0000000083200000| Complete 
|  51|0x0000000083300000, 0x0000000083400000, 0x0000000083400000|100%|HC|  |TAMS 0x0000000083300000| PB 0x0000000083300000| Complete 
|  52|0x0000000083400000, 0x0000000083500000, 0x0000000083500000|100%| O|  |TAMS 0x0000000083400000| PB 0x0000000083400000| Untracked 
|  53|0x0000000083500000, 0x0000000083600000, 0x0000000083600000|100%| O|  |TAMS 0x0000000083500000| PB 0x0000000083500000| Untracked 
|  54|0x0000000083600000, 0x0000000083700000, 0x0000000083700000|100%|HS|  |TAMS 0x0000000083600000| PB 0x0000000083600000| Complete 
|  55|0x0000000083700000, 0x0000000083800000, 0x0000000083800000|100%| O|  |TAMS 0x0000000083700000| PB 0x0000000083700000| Untracked 
|  56|0x0000000083800000, 0x0000000083900000, 0x0000000083900000|100%| O|  |TAMS 0x0000000083800000| PB 0x0000000083800000| Untracked 
|  57|0x0000000083900000, 0x0000000083a00000, 0x0000000083a00000|100%|HS|  |TAMS 0x0000000083900000| PB 0x0000000083900000| Complete 
|  58|0x0000000083a00000, 0x0000000083b00000, 0x0000000083b00000|100%| O|  |TAMS 0x0000000083a00000| PB 0x0000000083a00000| Untracked 
|  59|0x0000000083b00000, 0x0000000083c00000, 0x0000000083c00000|100%| O|  |TAMS 0x0000000083b00000| PB 0x0000000083b00000| Untracked 
|  60|0x0000000083c00000, 0x0000000083d00000, 0x0000000083d00000|100%|HS|  |TAMS 0x0000000083c00000| PB 0x0000000083c00000| Complete 
|  61|0x0000000083d00000, 0x0000000083e00000, 0x0000000083e00000|100%|HC|  |TAMS 0x0000000083d00000| PB 0x0000000083d00000| Complete 
|  62|0x0000000083e00000, 0x0000000083f00000, 0x0000000083f00000|100%|HC|  |TAMS 0x0000000083e00000| PB 0x0000000083e00000| Complete 
|  63|0x0000000083f00000, 0x0000000084000000, 0x0000000084000000|100%|HC|  |TAMS 0x0000000083f00000| PB 0x0000000083f00000| Complete 
|  64|0x0000000084000000, 0x0000000084100000, 0x0000000084100000|100%|HC|  |TAMS 0x0000000084000000| PB 0x0000000084000000| Complete 
|  65|0x0000000084100000, 0x0000000084200000, 0x0000000084200000|100%|HC|  |TAMS 0x0000000084100000| PB 0x0000000084100000| Complete 
|  66|0x0000000084200000, 0x0000000084300000, 0x0000000084300000|100%| O|  |TAMS 0x0000000084200000| PB 0x0000000084200000| Untracked 
|  67|0x0000000084300000, 0x0000000084400000, 0x0000000084400000|100%| O|  |TAMS 0x0000000084300000| PB 0x0000000084300000| Untracked 
|  68|0x0000000084400000, 0x0000000084500000, 0x0000000084500000|100%| O|  |TAMS 0x0000000084400000| PB 0x0000000084400000| Untracked 
|  69|0x0000000084500000, 0x0000000084600000, 0x0000000084600000|100%| O|  |TAMS 0x0000000084500000| PB 0x0000000084500000| Untracked 
|  70|0x0000000084600000, 0x0000000084700000, 0x0000000084700000|100%| O|  |TAMS 0x0000000084600000| PB 0x0000000084600000| Untracked 
|  71|0x0000000084700000, 0x0000000084800000, 0x0000000084800000|100%| O|  |TAMS 0x0000000084700000| PB 0x0000000084700000| Untracked 
|  72|0x0000000084800000, 0x0000000084900000, 0x0000000084900000|100%| O|  |TAMS 0x0000000084800000| PB 0x0000000084800000| Untracked 
|  73|0x0000000084900000, 0x0000000084a00000, 0x0000000084a00000|100%| O|  |TAMS 0x0000000084900000| PB 0x0000000084900000| Untracked 
|  74|0x0000000084a00000, 0x0000000084b00000, 0x0000000084b00000|100%| O|  |TAMS 0x0000000084a00000| PB 0x0000000084a00000| Untracked 
|  75|0x0000000084b00000, 0x0000000084c00000, 0x0000000084c00000|100%| O|  |TAMS 0x0000000084b00000| PB 0x0000000084b00000| Untracked 
|  76|0x0000000084c00000, 0x0000000084d00000, 0x0000000084d00000|100%| O|  |TAMS 0x0000000084c00000| PB 0x0000000084c00000| Untracked 
|  77|0x0000000084d00000, 0x0000000084e00000, 0x0000000084e00000|100%|HS|  |TAMS 0x0000000084d00000| PB 0x0000000084d00000| Complete 
|  78|0x0000000084e00000, 0x0000000084f00000, 0x0000000084f00000|100%| O|  |TAMS 0x0000000084e00000| PB 0x0000000084e00000| Untracked 
|  79|0x0000000084f00000, 0x0000000085000000, 0x0000000085000000|100%| O|  |TAMS 0x0000000084f00000| PB 0x0000000084f00000| Untracked 
|  80|0x0000000085000000, 0x0000000085100000, 0x0000000085100000|100%| O|  |TAMS 0x0000000085000000| PB 0x0000000085000000| Untracked 
|  81|0x0000000085100000, 0x0000000085200000, 0x0000000085200000|100%|HS|  |TAMS 0x0000000085100000| PB 0x0000000085100000| Complete 
|  82|0x0000000085200000, 0x0000000085300000, 0x0000000085300000|100%|HC|  |TAMS 0x0000000085200000| PB 0x0000000085200000| Complete 
|  83|0x0000000085300000, 0x0000000085400000, 0x0000000085400000|100%|HC|  |TAMS 0x0000000085300000| PB 0x0000000085300000| Complete 
|  84|0x0000000085400000, 0x0000000085500000, 0x0000000085500000|100%|HC|  |TAMS 0x0000000085400000| PB 0x0000000085400000| Complete 
|  85|0x0000000085500000, 0x0000000085600000, 0x0000000085600000|100%|HC|  |TAMS 0x0000000085500000| PB 0x0000000085500000| Complete 
|  86|0x0000000085600000, 0x0000000085700000, 0x0000000085700000|100%|HC|  |TAMS 0x0000000085600000| PB 0x0000000085600000| Complete 
|  87|0x0000000085700000, 0x0000000085800000, 0x0000000085800000|100%|HS|  |TAMS 0x0000000085700000| PB 0x0000000085700000| Complete 
|  88|0x0000000085800000, 0x0000000085900000, 0x0000000085900000|100%|HS|  |TAMS 0x0000000085800000| PB 0x0000000085800000| Complete 
|  89|0x0000000085900000, 0x0000000085a00000, 0x0000000085a00000|100%|HC|  |TAMS 0x0000000085900000| PB 0x0000000085900000| Complete 
|  90|0x0000000085a00000, 0x0000000085b00000, 0x0000000085b00000|100%| O|  |TAMS 0x0000000085a00000| PB 0x0000000085a00000| Untracked 
|  91|0x0000000085b00000, 0x0000000085c00000, 0x0000000085c00000|100%| O|  |TAMS 0x0000000085b00000| PB 0x0000000085b00000| Untracked 
|  92|0x0000000085c00000, 0x0000000085d00000, 0x0000000085d00000|100%| O|  |TAMS 0x0000000085c00000| PB 0x0000000085c00000| Untracked 
|  93|0x0000000085d00000, 0x0000000085e00000, 0x0000000085e00000|100%| O|Cm|TAMS 0x0000000085d00000| PB 0x0000000085d00000| Complete 
|  94|0x0000000085e00000, 0x0000000085f00000, 0x0000000085f00000|100%| O|  |TAMS 0x0000000085e00000| PB 0x0000000085e00000| Untracked 
|  95|0x0000000085f00000, 0x0000000086000000, 0x0000000086000000|100%| O|Cm|TAMS 0x0000000085f00000| PB 0x0000000085f00000| Complete 
|  96|0x0000000086000000, 0x0000000086100000, 0x0000000086100000|100%|HS|  |TAMS 0x0000000086000000| PB 0x0000000086000000| Complete 
|  97|0x0000000086100000, 0x0000000086200000, 0x0000000086200000|100%|HC|  |TAMS 0x0000000086100000| PB 0x0000000086100000| Complete 
|  98|0x0000000086200000, 0x0000000086300000, 0x0000000086300000|100%|HC|  |TAMS 0x0000000086200000| PB 0x0000000086200000| Complete 
|  99|0x0000000086300000, 0x0000000086400000, 0x0000000086400000|100%| O|  |TAMS 0x0000000086300000| PB 0x0000000086300000| Untracked 
| 100|0x0000000086400000, 0x0000000086500000, 0x0000000086500000|100%| O|  |TAMS 0x0000000086400000| PB 0x0000000086400000| Untracked 
| 101|0x0000000086500000, 0x0000000086600000, 0x0000000086600000|100%| O|  |TAMS 0x0000000086500000| PB 0x0000000086500000| Untracked 
| 102|0x0000000086600000, 0x0000000086700000, 0x0000000086700000|100%| O|  |TAMS 0x0000000086600000| PB 0x0000000086600000| Untracked 
| 103|0x0000000086700000, 0x0000000086800000, 0x0000000086800000|100%| O|  |TAMS 0x0000000086700000| PB 0x0000000086700000| Untracked 
| 104|0x0000000086800000, 0x0000000086900000, 0x0000000086900000|100%| O|  |TAMS 0x0000000086800000| PB 0x0000000086800000| Untracked 
| 105|0x0000000086900000, 0x0000000086a00000, 0x0000000086a00000|100%| O|  |TAMS 0x0000000086900000| PB 0x0000000086900000| Untracked 
| 106|0x0000000086a00000, 0x0000000086b00000, 0x0000000086b00000|100%| O|  |TAMS 0x0000000086a00000| PB 0x0000000086a00000| Untracked 
| 107|0x0000000086b00000, 0x0000000086c00000, 0x0000000086c00000|100%| O|  |TAMS 0x0000000086b00000| PB 0x0000000086b00000| Untracked 
| 108|0x0000000086c00000, 0x0000000086d00000, 0x0000000086d00000|100%| O|  |TAMS 0x0000000086c00000| PB 0x0000000086c00000| Untracked 
| 109|0x0000000086d00000, 0x0000000086e00000, 0x0000000086e00000|100%| O|  |TAMS 0x0000000086d00000| PB 0x0000000086d00000| Untracked 
| 110|0x0000000086e00000, 0x0000000086f00000, 0x0000000086f00000|100%| O|  |TAMS 0x0000000086e00000| PB 0x0000000086e00000| Untracked 
| 111|0x0000000086f00000, 0x0000000087000000, 0x0000000087000000|100%| O|  |TAMS 0x0000000086f00000| PB 0x0000000086f00000| Untracked 
| 112|0x0000000087000000, 0x0000000087100000, 0x0000000087100000|100%| O|Cm|TAMS 0x0000000087000000| PB 0x0000000087000000| Complete 
| 113|0x0000000087100000, 0x0000000087200000, 0x0000000087200000|100%| O|  |TAMS 0x0000000087100000| PB 0x0000000087100000| Untracked 
| 114|0x0000000087200000, 0x0000000087300000, 0x0000000087300000|100%| O|  |TAMS 0x0000000087200000| PB 0x0000000087200000| Untracked 
| 115|0x0000000087300000, 0x0000000087400000, 0x0000000087400000|100%| O|  |TAMS 0x0000000087300000| PB 0x0000000087300000| Untracked 
| 116|0x0000000087400000, 0x0000000087500000, 0x0000000087500000|100%| O|  |TAMS 0x0000000087400000| PB 0x0000000087400000| Untracked 
| 117|0x0000000087500000, 0x0000000087600000, 0x0000000087600000|100%| O|  |TAMS 0x0000000087500000| PB 0x0000000087500000| Untracked 
| 118|0x0000000087600000, 0x0000000087700000, 0x0000000087700000|100%| O|  |TAMS 0x0000000087600000| PB 0x0000000087600000| Untracked 
| 119|0x0000000087700000, 0x0000000087800000, 0x0000000087800000|100%| O|  |TAMS 0x0000000087700000| PB 0x0000000087700000| Untracked 
| 120|0x0000000087800000, 0x0000000087900000, 0x0000000087900000|100%| O|  |TAMS 0x0000000087800000| PB 0x0000000087800000| Untracked 
| 121|0x0000000087900000, 0x0000000087a00000, 0x0000000087a00000|100%| O|Cm|TAMS 0x0000000087900000| PB 0x0000000087900000| Complete 
| 122|0x0000000087a00000, 0x0000000087b00000, 0x0000000087b00000|100%| O|  |TAMS 0x0000000087a00000| PB 0x0000000087a00000| Untracked 
| 123|0x0000000087b00000, 0x0000000087c00000, 0x0000000087c00000|100%|HS|  |TAMS 0x0000000087b00000| PB 0x0000000087b00000| Complete 
| 124|0x0000000087c00000, 0x0000000087d00000, 0x0000000087d00000|100%|HC|  |TAMS 0x0000000087c00000| PB 0x0000000087c00000| Complete 
| 125|0x0000000087d00000, 0x0000000087e00000, 0x0000000087e00000|100%|HS|  |TAMS 0x0000000087d00000| PB 0x0000000087d00000| Complete 
| 126|0x0000000087e00000, 0x0000000087f00000, 0x0000000087f00000|100%|HS|  |TAMS 0x0000000087e00000| PB 0x0000000087e00000| Complete 
| 127|0x0000000087f00000, 0x0000000088000000, 0x0000000088000000|100%| O|  |TAMS 0x0000000087f00000| PB 0x0000000087f00000| Untracked 
| 128|0x0000000088000000, 0x0000000088100000, 0x0000000088100000|100%|HS|  |TAMS 0x0000000088000000| PB 0x0000000088000000| Complete 
| 129|0x0000000088100000, 0x0000000088200000, 0x0000000088200000|100%|HS|  |TAMS 0x0000000088100000| PB 0x0000000088100000| Complete 
| 130|0x0000000088200000, 0x0000000088300000, 0x0000000088300000|100%| O|  |TAMS 0x0000000088200000| PB 0x0000000088200000| Untracked 
| 131|0x0000000088300000, 0x0000000088400000, 0x0000000088400000|100%| O|  |TAMS 0x0000000088300000| PB 0x0000000088300000| Untracked 
| 132|0x0000000088400000, 0x0000000088500000, 0x0000000088500000|100%| O|  |TAMS 0x0000000088400000| PB 0x0000000088400000| Untracked 
| 133|0x0000000088500000, 0x0000000088600000, 0x0000000088600000|100%| O|  |TAMS 0x0000000088500000| PB 0x0000000088500000| Untracked 
| 134|0x0000000088600000, 0x0000000088700000, 0x0000000088700000|100%| O|  |TAMS 0x0000000088600000| PB 0x0000000088600000| Untracked 
| 135|0x0000000088700000, 0x000000008877de80, 0x0000000088800000| 49%| O|  |TAMS 0x0000000088700000| PB 0x0000000088700000| Untracked 
| 136|0x0000000088800000, 0x0000000088800000, 0x0000000088900000|  0%| F|  |TAMS 0x0000000088800000| PB 0x0000000088800000| Untracked 
| 137|0x0000000088900000, 0x0000000088a00000, 0x0000000088a00000|100%|HS|  |TAMS 0x0000000088900000| PB 0x0000000088900000| Complete 
| 138|0x0000000088a00000, 0x0000000088b00000, 0x0000000088b00000|100%| O|  |TAMS 0x0000000088a00000| PB 0x0000000088a00000| Untracked 
| 139|0x0000000088b00000, 0x0000000088c00000, 0x0000000088c00000|100%| O|  |TAMS 0x0000000088b00000| PB 0x0000000088b00000| Untracked 
| 140|0x0000000088c00000, 0x0000000088d00000, 0x0000000088d00000|100%| O|  |TAMS 0x0000000088c00000| PB 0x0000000088c00000| Untracked 
| 141|0x0000000088d00000, 0x0000000088e00000, 0x0000000088e00000|100%| O|  |TAMS 0x0000000088d00000| PB 0x0000000088d00000| Untracked 
| 142|0x0000000088e00000, 0x0000000088f00000, 0x0000000088f00000|100%| O|  |TAMS 0x0000000088e00000| PB 0x0000000088e00000| Untracked 
| 143|0x0000000088f00000, 0x0000000089000000, 0x0000000089000000|100%| O|  |TAMS 0x0000000088f00000| PB 0x0000000088f00000| Untracked 
| 144|0x0000000089000000, 0x0000000089100000, 0x0000000089100000|100%| O|  |TAMS 0x0000000089000000| PB 0x0000000089000000| Untracked 
| 145|0x0000000089100000, 0x0000000089200000, 0x0000000089200000|100%| O|  |TAMS 0x0000000089100000| PB 0x0000000089100000| Untracked 
| 146|0x0000000089200000, 0x0000000089300000, 0x0000000089300000|100%| O|  |TAMS 0x0000000089200000| PB 0x0000000089200000| Untracked 
| 147|0x0000000089300000, 0x0000000089400000, 0x0000000089400000|100%| O|  |TAMS 0x0000000089300000| PB 0x0000000089300000| Untracked 
| 148|0x0000000089400000, 0x0000000089500000, 0x0000000089500000|100%| O|  |TAMS 0x0000000089400000| PB 0x0000000089400000| Untracked 
| 149|0x0000000089500000, 0x0000000089600000, 0x0000000089600000|100%| O|  |TAMS 0x0000000089500000| PB 0x0000000089500000| Untracked 
| 150|0x0000000089600000, 0x0000000089600000, 0x0000000089700000|  0%| F|  |TAMS 0x0000000089600000| PB 0x0000000089600000| Untracked 
| 151|0x0000000089700000, 0x0000000089700000, 0x0000000089800000|  0%| F|  |TAMS 0x0000000089700000| PB 0x0000000089700000| Untracked 
| 152|0x0000000089800000, 0x0000000089800000, 0x0000000089900000|  0%| F|  |TAMS 0x0000000089800000| PB 0x0000000089800000| Untracked 
| 153|0x0000000089900000, 0x0000000089900000, 0x0000000089a00000|  0%| F|  |TAMS 0x0000000089900000| PB 0x0000000089900000| Untracked 
| 154|0x0000000089a00000, 0x0000000089a00000, 0x0000000089b00000|  0%| F|  |TAMS 0x0000000089a00000| PB 0x0000000089a00000| Untracked 
| 155|0x0000000089b00000, 0x0000000089b00000, 0x0000000089c00000|  0%| F|  |TAMS 0x0000000089b00000| PB 0x0000000089b00000| Untracked 
| 156|0x0000000089c00000, 0x0000000089c00000, 0x0000000089d00000|  0%| F|  |TAMS 0x0000000089c00000| PB 0x0000000089c00000| Untracked 
| 157|0x0000000089d00000, 0x0000000089d00000, 0x0000000089e00000|  0%| F|  |TAMS 0x0000000089d00000| PB 0x0000000089d00000| Untracked 
| 158|0x0000000089e00000, 0x0000000089e00000, 0x0000000089f00000|  0%| F|  |TAMS 0x0000000089e00000| PB 0x0000000089e00000| Untracked 
| 159|0x0000000089f00000, 0x0000000089f00000, 0x000000008a000000|  0%| F|  |TAMS 0x0000000089f00000| PB 0x0000000089f00000| Untracked 
| 160|0x000000008a000000, 0x000000008a000000, 0x000000008a100000|  0%| F|  |TAMS 0x000000008a000000| PB 0x000000008a000000| Untracked 
| 161|0x000000008a100000, 0x000000008a100000, 0x000000008a200000|  0%| F|  |TAMS 0x000000008a100000| PB 0x000000008a100000| Untracked 
| 162|0x000000008a200000, 0x000000008a200000, 0x000000008a300000|  0%| F|  |TAMS 0x000000008a200000| PB 0x000000008a200000| Untracked 
| 163|0x000000008a300000, 0x000000008a300000, 0x000000008a400000|  0%| F|  |TAMS 0x000000008a300000| PB 0x000000008a300000| Untracked 
| 164|0x000000008a400000, 0x000000008a400000, 0x000000008a500000|  0%| F|  |TAMS 0x000000008a400000| PB 0x000000008a400000| Untracked 
| 165|0x000000008a500000, 0x000000008a500000, 0x000000008a600000|  0%| F|  |TAMS 0x000000008a500000| PB 0x000000008a500000| Untracked 
| 166|0x000000008a600000, 0x000000008a600000, 0x000000008a700000|  0%| F|  |TAMS 0x000000008a600000| PB 0x000000008a600000| Untracked 
| 167|0x000000008a700000, 0x000000008a7bd4b8, 0x000000008a800000| 73%| S|CS|TAMS 0x000000008a700000| PB 0x000000008a700000| Complete 
| 168|0x000000008a800000, 0x000000008a900000, 0x000000008a900000|100%| S|CS|TAMS 0x000000008a800000| PB 0x000000008a800000| Complete 
| 169|0x000000008a900000, 0x000000008aa00000, 0x000000008aa00000|100%| S|CS|TAMS 0x000000008a900000| PB 0x000000008a900000| Complete 
| 170|0x000000008aa00000, 0x000000008ab00000, 0x000000008ab00000|100%| S|CS|TAMS 0x000000008aa00000| PB 0x000000008aa00000| Complete 
| 171|0x000000008ab00000, 0x000000008ab00000, 0x000000008ac00000|  0%| F|  |TAMS 0x000000008ab00000| PB 0x000000008ab00000| Untracked 
| 172|0x000000008ac00000, 0x000000008ac00000, 0x000000008ad00000|  0%| F|  |TAMS 0x000000008ac00000| PB 0x000000008ac00000| Untracked 
| 173|0x000000008ad00000, 0x000000008ad00000, 0x000000008ae00000|  0%| F|  |TAMS 0x000000008ad00000| PB 0x000000008ad00000| Untracked 
| 174|0x000000008ae00000, 0x000000008ae00000, 0x000000008af00000|  0%| F|  |TAMS 0x000000008ae00000| PB 0x000000008ae00000| Untracked 
| 175|0x000000008af00000, 0x000000008af00000, 0x000000008b000000|  0%| F|  |TAMS 0x000000008af00000| PB 0x000000008af00000| Untracked 
| 176|0x000000008b000000, 0x000000008b000000, 0x000000008b100000|  0%| F|  |TAMS 0x000000008b000000| PB 0x000000008b000000| Untracked 
| 177|0x000000008b100000, 0x000000008b100000, 0x000000008b200000|  0%| F|  |TAMS 0x000000008b100000| PB 0x000000008b100000| Untracked 
| 178|0x000000008b200000, 0x000000008b200000, 0x000000008b300000|  0%| F|  |TAMS 0x000000008b200000| PB 0x000000008b200000| Untracked 
| 179|0x000000008b300000, 0x000000008b300000, 0x000000008b400000|  0%| F|  |TAMS 0x000000008b300000| PB 0x000000008b300000| Untracked 
| 180|0x000000008b400000, 0x000000008b400000, 0x000000008b500000|  0%| F|  |TAMS 0x000000008b400000| PB 0x000000008b400000| Untracked 
| 181|0x000000008b500000, 0x000000008b500000, 0x000000008b600000|  0%| F|  |TAMS 0x000000008b500000| PB 0x000000008b500000| Untracked 
| 182|0x000000008b600000, 0x000000008b600000, 0x000000008b700000|  0%| F|  |TAMS 0x000000008b600000| PB 0x000000008b600000| Untracked 
| 183|0x000000008b700000, 0x000000008b700000, 0x000000008b800000|  0%| F|  |TAMS 0x000000008b700000| PB 0x000000008b700000| Untracked 
| 184|0x000000008b800000, 0x000000008b800000, 0x000000008b900000|  0%| F|  |TAMS 0x000000008b800000| PB 0x000000008b800000| Untracked 
| 185|0x000000008b900000, 0x000000008b900000, 0x000000008ba00000|  0%| F|  |TAMS 0x000000008b900000| PB 0x000000008b900000| Untracked 
| 186|0x000000008ba00000, 0x000000008ba00000, 0x000000008bb00000|  0%| F|  |TAMS 0x000000008ba00000| PB 0x000000008ba00000| Untracked 
| 187|0x000000008bb00000, 0x000000008bb00000, 0x000000008bc00000|  0%| F|  |TAMS 0x000000008bb00000| PB 0x000000008bb00000| Untracked 
| 188|0x000000008bc00000, 0x000000008bc00000, 0x000000008bd00000|  0%| F|  |TAMS 0x000000008bc00000| PB 0x000000008bc00000| Untracked 
| 189|0x000000008bd00000, 0x000000008bd00000, 0x000000008be00000|  0%| F|  |TAMS 0x000000008bd00000| PB 0x000000008bd00000| Untracked 
| 190|0x000000008be00000, 0x000000008be00000, 0x000000008bf00000|  0%| F|  |TAMS 0x000000008be00000| PB 0x000000008be00000| Untracked 
| 191|0x000000008bf00000, 0x000000008bf00000, 0x000000008c000000|  0%| F|  |TAMS 0x000000008bf00000| PB 0x000000008bf00000| Untracked 
| 192|0x000000008c000000, 0x000000008c000000, 0x000000008c100000|  0%| F|  |TAMS 0x000000008c000000| PB 0x000000008c000000| Untracked 
| 193|0x000000008c100000, 0x000000008c100000, 0x000000008c200000|  0%| F|  |TAMS 0x000000008c100000| PB 0x000000008c100000| Untracked 
| 194|0x000000008c200000, 0x000000008c200000, 0x000000008c300000|  0%| F|  |TAMS 0x000000008c200000| PB 0x000000008c200000| Untracked 
| 195|0x000000008c300000, 0x000000008c300000, 0x000000008c400000|  0%| F|  |TAMS 0x000000008c300000| PB 0x000000008c300000| Untracked 
| 196|0x000000008c400000, 0x000000008c400000, 0x000000008c500000|  0%| F|  |TAMS 0x000000008c400000| PB 0x000000008c400000| Untracked 
| 197|0x000000008c500000, 0x000000008c500000, 0x000000008c600000|  0%| F|  |TAMS 0x000000008c500000| PB 0x000000008c500000| Untracked 
| 198|0x000000008c600000, 0x000000008c600000, 0x000000008c700000|  0%| F|  |TAMS 0x000000008c600000| PB 0x000000008c600000| Untracked 
| 199|0x000000008c700000, 0x000000008c700000, 0x000000008c800000|  0%| F|  |TAMS 0x000000008c700000| PB 0x000000008c700000| Untracked 
| 200|0x000000008c800000, 0x000000008c800000, 0x000000008c900000|  0%| F|  |TAMS 0x000000008c800000| PB 0x000000008c800000| Untracked 
| 201|0x000000008c900000, 0x000000008c900000, 0x000000008ca00000|  0%| F|  |TAMS 0x000000008c900000| PB 0x000000008c900000| Untracked 
| 202|0x000000008ca00000, 0x000000008ca00000, 0x000000008cb00000|  0%| F|  |TAMS 0x000000008ca00000| PB 0x000000008ca00000| Untracked 
| 203|0x000000008cb00000, 0x000000008cb00000, 0x000000008cc00000|  0%| F|  |TAMS 0x000000008cb00000| PB 0x000000008cb00000| Untracked 
| 204|0x000000008cc00000, 0x000000008cc00000, 0x000000008cd00000|  0%| F|  |TAMS 0x000000008cc00000| PB 0x000000008cc00000| Untracked 
| 205|0x000000008cd00000, 0x000000008cd00000, 0x000000008ce00000|  0%| F|  |TAMS 0x000000008cd00000| PB 0x000000008cd00000| Untracked 
| 206|0x000000008ce00000, 0x000000008ce00000, 0x000000008cf00000|  0%| F|  |TAMS 0x000000008ce00000| PB 0x000000008ce00000| Untracked 
| 207|0x000000008cf00000, 0x000000008cf00000, 0x000000008d000000|  0%| F|  |TAMS 0x000000008cf00000| PB 0x000000008cf00000| Untracked 
| 208|0x000000008d000000, 0x000000008d000000, 0x000000008d100000|  0%| F|  |TAMS 0x000000008d000000| PB 0x000000008d000000| Untracked 
| 209|0x000000008d100000, 0x000000008d100000, 0x000000008d200000|  0%| F|  |TAMS 0x000000008d100000| PB 0x000000008d100000| Untracked 
| 210|0x000000008d200000, 0x000000008d200000, 0x000000008d300000|  0%| F|  |TAMS 0x000000008d200000| PB 0x000000008d200000| Untracked 
| 211|0x000000008d300000, 0x000000008d300000, 0x000000008d400000|  0%| F|  |TAMS 0x000000008d300000| PB 0x000000008d300000| Untracked 
| 212|0x000000008d400000, 0x000000008d400000, 0x000000008d500000|  0%| F|  |TAMS 0x000000008d400000| PB 0x000000008d400000| Untracked 
| 213|0x000000008d500000, 0x000000008d500000, 0x000000008d600000|  0%| F|  |TAMS 0x000000008d500000| PB 0x000000008d500000| Untracked 
| 214|0x000000008d600000, 0x000000008d600000, 0x000000008d700000|  0%| F|  |TAMS 0x000000008d600000| PB 0x000000008d600000| Untracked 
| 215|0x000000008d700000, 0x000000008d700000, 0x000000008d800000|  0%| F|  |TAMS 0x000000008d700000| PB 0x000000008d700000| Untracked 
| 216|0x000000008d800000, 0x000000008d800000, 0x000000008d900000|  0%| F|  |TAMS 0x000000008d800000| PB 0x000000008d800000| Untracked 
| 217|0x000000008d900000, 0x000000008d900000, 0x000000008da00000|  0%| F|  |TAMS 0x000000008d900000| PB 0x000000008d900000| Untracked 
| 218|0x000000008da00000, 0x000000008da00000, 0x000000008db00000|  0%| F|  |TAMS 0x000000008da00000| PB 0x000000008da00000| Untracked 
| 219|0x000000008db00000, 0x000000008db00000, 0x000000008dc00000|  0%| F|  |TAMS 0x000000008db00000| PB 0x000000008db00000| Untracked 
| 220|0x000000008dc00000, 0x000000008dc00000, 0x000000008dd00000|  0%| F|  |TAMS 0x000000008dc00000| PB 0x000000008dc00000| Untracked 
| 221|0x000000008dd00000, 0x000000008dd00000, 0x000000008de00000|  0%| F|  |TAMS 0x000000008dd00000| PB 0x000000008dd00000| Untracked 
| 222|0x000000008de00000, 0x000000008de00000, 0x000000008df00000|  0%| F|  |TAMS 0x000000008de00000| PB 0x000000008de00000| Untracked 
| 223|0x000000008df00000, 0x000000008df00000, 0x000000008e000000|  0%| F|  |TAMS 0x000000008df00000| PB 0x000000008df00000| Untracked 
| 224|0x000000008e000000, 0x000000008e000000, 0x000000008e100000|  0%| F|  |TAMS 0x000000008e000000| PB 0x000000008e000000| Untracked 
| 225|0x000000008e100000, 0x000000008e100000, 0x000000008e200000|  0%| F|  |TAMS 0x000000008e100000| PB 0x000000008e100000| Untracked 
| 226|0x000000008e200000, 0x000000008e200000, 0x000000008e300000|  0%| F|  |TAMS 0x000000008e200000| PB 0x000000008e200000| Untracked 
| 227|0x000000008e300000, 0x000000008e300000, 0x000000008e400000|  0%| F|  |TAMS 0x000000008e300000| PB 0x000000008e300000| Untracked 
| 228|0x000000008e400000, 0x000000008e400000, 0x000000008e500000|  0%| F|  |TAMS 0x000000008e400000| PB 0x000000008e400000| Untracked 
| 229|0x000000008e500000, 0x000000008e500000, 0x000000008e600000|  0%| F|  |TAMS 0x000000008e500000| PB 0x000000008e500000| Untracked 
| 230|0x000000008e600000, 0x000000008e600000, 0x000000008e700000|  0%| F|  |TAMS 0x000000008e600000| PB 0x000000008e600000| Untracked 
| 231|0x000000008e700000, 0x000000008e700000, 0x000000008e800000|  0%| F|  |TAMS 0x000000008e700000| PB 0x000000008e700000| Untracked 
| 232|0x000000008e800000, 0x000000008e800000, 0x000000008e900000|  0%| F|  |TAMS 0x000000008e800000| PB 0x000000008e800000| Untracked 
| 233|0x000000008e900000, 0x000000008e900000, 0x000000008ea00000|  0%| F|  |TAMS 0x000000008e900000| PB 0x000000008e900000| Untracked 
| 234|0x000000008ea00000, 0x000000008ea00000, 0x000000008eb00000|  0%| F|  |TAMS 0x000000008ea00000| PB 0x000000008ea00000| Untracked 
| 235|0x000000008eb00000, 0x000000008eb00000, 0x000000008ec00000|  0%| F|  |TAMS 0x000000008eb00000| PB 0x000000008eb00000| Untracked 
| 236|0x000000008ec00000, 0x000000008ec00000, 0x000000008ed00000|  0%| F|  |TAMS 0x000000008ec00000| PB 0x000000008ec00000| Untracked 
| 237|0x000000008ed00000, 0x000000008ed00000, 0x000000008ee00000|  0%| F|  |TAMS 0x000000008ed00000| PB 0x000000008ed00000| Untracked 
| 238|0x000000008ee00000, 0x000000008ee00000, 0x000000008ef00000|  0%| F|  |TAMS 0x000000008ee00000| PB 0x000000008ee00000| Untracked 
| 239|0x000000008ef00000, 0x000000008ef00000, 0x000000008f000000|  0%| F|  |TAMS 0x000000008ef00000| PB 0x000000008ef00000| Untracked 
| 240|0x000000008f000000, 0x000000008f000000, 0x000000008f100000|  0%| F|  |TAMS 0x000000008f000000| PB 0x000000008f000000| Untracked 
| 241|0x000000008f100000, 0x000000008f100000, 0x000000008f200000|  0%| F|  |TAMS 0x000000008f100000| PB 0x000000008f100000| Untracked 
| 242|0x000000008f200000, 0x000000008f200000, 0x000000008f300000|  0%| F|  |TAMS 0x000000008f200000| PB 0x000000008f200000| Untracked 
| 243|0x000000008f300000, 0x000000008f300000, 0x000000008f400000|  0%| F|  |TAMS 0x000000008f300000| PB 0x000000008f300000| Untracked 
| 244|0x000000008f400000, 0x000000008f400000, 0x000000008f500000|  0%| F|  |TAMS 0x000000008f400000| PB 0x000000008f400000| Untracked 
| 245|0x000000008f500000, 0x000000008f500000, 0x000000008f600000|  0%| F|  |TAMS 0x000000008f500000| PB 0x000000008f500000| Untracked 
| 246|0x000000008f600000, 0x000000008f600000, 0x000000008f700000|  0%| F|  |TAMS 0x000000008f600000| PB 0x000000008f600000| Untracked 
| 247|0x000000008f700000, 0x000000008f700000, 0x000000008f800000|  0%| F|  |TAMS 0x000000008f700000| PB 0x000000008f700000| Untracked 
| 248|0x000000008f800000, 0x000000008f800000, 0x000000008f900000|  0%| F|  |TAMS 0x000000008f800000| PB 0x000000008f800000| Untracked 
| 249|0x000000008f900000, 0x000000008f900000, 0x000000008fa00000|  0%| F|  |TAMS 0x000000008f900000| PB 0x000000008f900000| Untracked 
| 250|0x000000008fa00000, 0x000000008fa00000, 0x000000008fb00000|  0%| F|  |TAMS 0x000000008fa00000| PB 0x000000008fa00000| Untracked 
| 251|0x000000008fb00000, 0x000000008fb00000, 0x000000008fc00000|  0%| F|  |TAMS 0x000000008fb00000| PB 0x000000008fb00000| Untracked 
| 252|0x000000008fc00000, 0x000000008fc00000, 0x000000008fd00000|  0%| F|  |TAMS 0x000000008fc00000| PB 0x000000008fc00000| Untracked 
| 253|0x000000008fd00000, 0x000000008fd00000, 0x000000008fe00000|  0%| F|  |TAMS 0x000000008fd00000| PB 0x000000008fd00000| Untracked 
| 254|0x000000008fe00000, 0x000000008fe00000, 0x000000008ff00000|  0%| F|  |TAMS 0x000000008fe00000| PB 0x000000008fe00000| Untracked 
| 255|0x000000008ff00000, 0x000000008ff00000, 0x0000000090000000|  0%| F|  |TAMS 0x000000008ff00000| PB 0x000000008ff00000| Untracked 
| 256|0x0000000090000000, 0x0000000090000000, 0x0000000090100000|  0%| F|  |TAMS 0x0000000090000000| PB 0x0000000090000000| Untracked 
| 257|0x0000000090100000, 0x0000000090200000, 0x0000000090200000|100%| E|  |TAMS 0x0000000090100000| PB 0x0000000090100000| Complete 
| 258|0x0000000090200000, 0x0000000090300000, 0x0000000090300000|100%| E|CS|TAMS 0x0000000090200000| PB 0x0000000090200000| Complete 
| 259|0x0000000090300000, 0x0000000090400000, 0x0000000090400000|100%| E|CS|TAMS 0x0000000090300000| PB 0x0000000090300000| Complete 
| 260|0x0000000090400000, 0x0000000090500000, 0x0000000090500000|100%| E|CS|TAMS 0x0000000090400000| PB 0x0000000090400000| Complete 
| 261|0x0000000090500000, 0x0000000090600000, 0x0000000090600000|100%| E|CS|TAMS 0x0000000090500000| PB 0x0000000090500000| Complete 
| 262|0x0000000090600000, 0x0000000090700000, 0x0000000090700000|100%| E|CS|TAMS 0x0000000090600000| PB 0x0000000090600000| Complete 
| 263|0x0000000090700000, 0x0000000090800000, 0x0000000090800000|100%| E|CS|TAMS 0x0000000090700000| PB 0x0000000090700000| Complete 
| 264|0x0000000090800000, 0x0000000090900000, 0x0000000090900000|100%| E|CS|TAMS 0x0000000090800000| PB 0x0000000090800000| Complete 
| 265|0x0000000090900000, 0x0000000090a00000, 0x0000000090a00000|100%| E|CS|TAMS 0x0000000090900000| PB 0x0000000090900000| Complete 
|2014|0x00000000fde00000, 0x00000000fdf00000, 0x00000000fdf00000|100%| E|CS|TAMS 0x00000000fde00000| PB 0x00000000fde00000| Complete 
|2015|0x00000000fdf00000, 0x00000000fe000000, 0x00000000fe000000|100%| E|CS|TAMS 0x00000000fdf00000| PB 0x00000000fdf00000| Complete 
|2016|0x00000000fe000000, 0x00000000fe100000, 0x00000000fe100000|100%| E|CS|TAMS 0x00000000fe000000| PB 0x00000000fe000000| Complete 
|2017|0x00000000fe100000, 0x00000000fe200000, 0x00000000fe200000|100%| O|  |TAMS 0x00000000fe100000| PB 0x00000000fe100000| Untracked 
|2018|0x00000000fe200000, 0x00000000fe300000, 0x00000000fe300000|100%| O|  |TAMS 0x00000000fe200000| PB 0x00000000fe200000| Untracked 
|2019|0x00000000fe300000, 0x00000000fe400000, 0x00000000fe400000|100%| O|  |TAMS 0x00000000fe300000| PB 0x00000000fe300000| Untracked 
|2020|0x00000000fe400000, 0x00000000fe500000, 0x00000000fe500000|100%| O|  |TAMS 0x00000000fe400000| PB 0x00000000fe400000| Untracked 
|2021|0x00000000fe500000, 0x00000000fe600000, 0x00000000fe600000|100%| O|  |TAMS 0x00000000fe500000| PB 0x00000000fe500000| Untracked 
|2022|0x00000000fe600000, 0x00000000fe700000, 0x00000000fe700000|100%| O|  |TAMS 0x00000000fe600000| PB 0x00000000fe600000| Untracked 
|2023|0x00000000fe700000, 0x00000000fe800000, 0x00000000fe800000|100%| O|  |TAMS 0x00000000fe700000| PB 0x00000000fe700000| Untracked 
|2024|0x00000000fe800000, 0x00000000fe900000, 0x00000000fe900000|100%| O|  |TAMS 0x00000000fe800000| PB 0x00000000fe800000| Untracked 
|2025|0x00000000fe900000, 0x00000000fea00000, 0x00000000fea00000|100%| O|  |TAMS 0x00000000fe900000| PB 0x00000000fe900000| Untracked 
|2026|0x00000000fea00000, 0x00000000feb00000, 0x00000000feb00000|100%| O|  |TAMS 0x00000000fea00000| PB 0x00000000fea00000| Untracked 
|2027|0x00000000feb00000, 0x00000000fec00000, 0x00000000fec00000|100%| O|  |TAMS 0x00000000feb00000| PB 0x00000000feb00000| Untracked 
|2028|0x00000000fec00000, 0x00000000fed00000, 0x00000000fed00000|100%| O|  |TAMS 0x00000000fec00000| PB 0x00000000fec00000| Untracked 
|2029|0x00000000fed00000, 0x00000000fee00000, 0x00000000fee00000|100%| O|  |TAMS 0x00000000fed00000| PB 0x00000000fed00000| Untracked 
|2030|0x00000000fee00000, 0x00000000fef00000, 0x00000000fef00000|100%| O|  |TAMS 0x00000000fee00000| PB 0x00000000fee00000| Untracked 
|2031|0x00000000fef00000, 0x00000000ff000000, 0x00000000ff000000|100%| O|  |TAMS 0x00000000fef00000| PB 0x00000000fef00000| Untracked 
|2032|0x00000000ff000000, 0x00000000ff100000, 0x00000000ff100000|100%| O|  |TAMS 0x00000000ff000000| PB 0x00000000ff000000| Untracked 
|2033|0x00000000ff100000, 0x00000000ff200000, 0x00000000ff200000|100%| O|  |TAMS 0x00000000ff100000| PB 0x00000000ff100000| Untracked 
|2034|0x00000000ff200000, 0x00000000ff300000, 0x00000000ff300000|100%| O|Cm|TAMS 0x00000000ff200000| PB 0x00000000ff200000| Complete 
|2035|0x00000000ff300000, 0x00000000ff400000, 0x00000000ff400000|100%| O|  |TAMS 0x00000000ff300000| PB 0x00000000ff300000| Untracked 
|2036|0x00000000ff400000, 0x00000000ff500000, 0x00000000ff500000|100%| E|CS|TAMS 0x00000000ff400000| PB 0x00000000ff400000| Complete 
|2037|0x00000000ff500000, 0x00000000ff600000, 0x00000000ff600000|100%| E|CS|TAMS 0x00000000ff500000| PB 0x00000000ff500000| Complete 
|2038|0x00000000ff600000, 0x00000000ff700000, 0x00000000ff700000|100%| E|CS|TAMS 0x00000000ff600000| PB 0x00000000ff600000| Complete 
|2039|0x00000000ff700000, 0x00000000ff800000, 0x00000000ff800000|100%| E|CS|TAMS 0x00000000ff700000| PB 0x00000000ff700000| Complete 
|2040|0x00000000ff800000, 0x00000000ff900000, 0x00000000ff900000|100%| O|  |TAMS 0x00000000ff800000| PB 0x00000000ff800000| Untracked 
|2041|0x00000000ff900000, 0x00000000ffa00000, 0x00000000ffa00000|100%| O|  |TAMS 0x00000000ff900000| PB 0x00000000ff900000| Untracked 
|2042|0x00000000ffa00000, 0x00000000ffb00000, 0x00000000ffb00000|100%| O|  |TAMS 0x00000000ffa00000| PB 0x00000000ffa00000| Untracked 
|2043|0x00000000ffb00000, 0x00000000ffc00000, 0x00000000ffc00000|100%| O|  |TAMS 0x00000000ffb00000| PB 0x00000000ffb00000| Untracked 
|2044|0x00000000ffc00000, 0x00000000ffd00000, 0x00000000ffd00000|100%| O|  |TAMS 0x00000000ffc00000| PB 0x00000000ffc00000| Untracked 
|2045|0x00000000ffd00000, 0x00000000ffe00000, 0x00000000ffe00000|100%| O|  |TAMS 0x00000000ffd00000| PB 0x00000000ffd00000| Untracked 
|2046|0x00000000ffe00000, 0x00000000fff00000, 0x00000000fff00000|100%| O|  |TAMS 0x00000000ffe00000| PB 0x00000000ffe00000| Untracked 
|2047|0x00000000fff00000, 0x0000000100000000, 0x0000000100000000|100%| O|  |TAMS 0x00000000fff00000| PB 0x00000000fff00000| Untracked 

Card table byte_map: [0x0000026fa9530000,0x0000026fa9930000] _byte_map_base: 0x0000026fa9130000

Marking Bits: (CMBitMap*) 0x0000026f96ad7610
 Bits: [0x0000026fa9930000, 0x0000026fab930000)

Polling page: 0x0000026f94890000

Metaspace:

Usage:
  Non-class:    127.84 MB used.
      Class:     18.83 MB used.
       Both:    146.67 MB used.

Virtual space:
  Non-class space:      192.00 MB reserved,     129.00 MB ( 67%) committed,  3 nodes.
      Class space:        1.00 GB reserved,      20.06 MB (  2%) committed,  1 nodes.
             Both:        1.19 GB reserved,     149.06 MB ( 12%) committed. 

Chunk freelists:
   Non-Class:  14.41 MB
       Class:  11.83 MB
        Both:  26.23 MB

MaxMetaspaceSize: unlimited
CompressedClassSpaceSize: 1.00 GB
Initial GC threshold: 21.00 MB
Current GC threshold: 247.19 MB
CDS: off
 - commit_granule_bytes: 65536.
 - commit_granule_words: 8192.
 - virtual_space_node_default_size: 8388608.
 - enlarge_chunks_in_place: 1.
 - use_allocation_guard: 0.


Internal statistics:

num_allocs_failed_limit: 6.
num_arena_births: 4496.
num_arena_deaths: 0.
num_vsnodes_births: 4.
num_vsnodes_deaths: 0.
num_space_committed: 2383.
num_space_uncommitted: 0.
num_chunks_returned_to_freelist: 6.
num_chunks_taken_from_freelist: 10314.
num_chunk_merges: 6.
num_chunk_splits: 7309.
num_chunks_enlarged: 5143.
num_inconsistent_stats: 0.

CodeHeap 'non-profiled nmethods': size=120000Kb used=6780Kb max_used=7134Kb free=113219Kb
 bounds [0x0000026fa16a0000, 0x0000026fa1da0000, 0x0000026fa8bd0000]
CodeHeap 'profiled nmethods': size=120000Kb used=21541Kb max_used=22235Kb free=98458Kb
 bounds [0x0000026f99bd0000, 0x0000026f9b190000, 0x0000026fa1100000]
CodeHeap 'non-nmethods': size=5760Kb used=3383Kb max_used=3425Kb free=2377Kb
 bounds [0x0000026fa1100000, 0x0000026fa1470000, 0x0000026fa16a0000]
 total_blobs=12628 nmethods=11487 adapters=1043
 compilation: enabled
              stopped_count=0, restarted_count=0
 full_count=0

Compilation events (20 events):
Event: 13.292 Thread 0x0000026fb7581f90 nmethod 13652 0x0000026fa1d95690 code [0x0000026fa1d95860, 0x0000026fa1d95b30]
Event: 13.301 Thread 0x0000026fb7581f90 13653       4       java.lang.ref.Reference::enqueueFromPending (19 bytes)
Event: 13.312 Thread 0x0000026fb7581f90 nmethod 13653 0x0000026fa1d95e10 code [0x0000026fa1d960c0, 0x0000026fa1d97120]
Event: 13.370 Thread 0x0000026fae7cd670 13654       1       org.gradle.internal.extensibility.ExtensibleDynamicObject::getConvention (5 bytes)
Event: 13.371 Thread 0x0000026fae7cd670 nmethod 13654 0x0000026fa1adca90 code [0x0000026fa1adcc20, 0x0000026fa1adcce8]
Event: 13.372 Thread 0x0000026fae7c8bd0 13655       4       org.gradle.internal.util.Trie::find (135 bytes)
Event: 13.375 Thread 0x0000026fae7c8bd0 nmethod 13655 0x0000026fa1743c90 code [0x0000026fa1743e60, 0x0000026fa17441c8]
Event: 13.387 Thread 0x0000026fae7cd670 13656       1       org.gradle.internal.extensibility.DefaultConvention::getExtraProperties (5 bytes)
Event: 13.387 Thread 0x0000026fae7cd670 nmethod 13656 0x0000026fa1b6c590 code [0x0000026fa1b6c720, 0x0000026fa1b6c7e8]
Event: 13.422 Thread 0x0000026fae7cd670 13657       3       org.gradle.internal.code.DefaultUserCodeApplicationContext::current (11 bytes)
Event: 13.422 Thread 0x0000026fae7cd670 nmethod 13657 0x0000026f99beb090 code [0x0000026f99beb240, 0x0000026f99beb508]
Event: 13.427 Thread 0x0000026fae7c8bd0 13658       4       java.lang.CharacterDataLatin1::isUpperCase (16 bytes)
Event: 13.427 Thread 0x0000026fae7c8bd0 nmethod 13658 0x0000026fa1b8ab90 code [0x0000026fa1b8ad20, 0x0000026fa1b8ade0]
Event: 13.438 Thread 0x0000026fae7c8bd0 13659       4       java.lang.Class::privateGetPublicMethods (224 bytes)
Event: 13.471 Thread 0x0000026fae7cd670 13661       3       org.gradle.api.internal.collections.AbstractIterationOrderRetainingElementSource$RealizedElementCollectionIterator::next (46 bytes)
Event: 13.471 Thread 0x0000026fae7cd670 nmethod 13661 0x0000026f9a4f2890 code [0x0000026f9a4f2a80, 0x0000026f9a4f2e50]
Event: 13.471 Thread 0x0000026fae7cd670 13662       3       org.gradle.api.internal.collections.AbstractIterationOrderRetainingElementSource$RealizedElementCollectionIterator::checkForComodification (23 bytes)
Event: 13.471 Thread 0x0000026fae7cd670 nmethod 13662 0x0000026f99fe9710 code [0x0000026f99fe98c0, 0x0000026f99fe9ae0]
Event: 14.106 Thread 0x0000026fae7cd670 13663       3       java.util.concurrent.ThreadPoolExecutor::runStateAtLeast (11 bytes)
Event: 14.107 Thread 0x0000026fae7cd670 nmethod 13663 0x0000026f99c1c390 code [0x0000026f99c1c520, 0x0000026f99c1c660]

GC Heap History (20 events):
Event: 8.288 GC heap before
{Heap before GC invocations=31 (full 0):
 garbage-first heap   total 227328K, used 142815K [0x0000000080000000, 0x0000000100000000)
  region size 1024K, 12 young (12288K), 10 survivors (10240K)
 Metaspace       used 92347K, committed 94208K, reserved 1179648K
  class space    used 12681K, committed 13632K, reserved 1048576K
}
Event: 8.292 GC heap after
{Heap after GC invocations=32 (full 0):
 garbage-first heap   total 227328K, used 143887K [0x0000000080000000, 0x0000000100000000)
  region size 1024K, 2 young (2048K), 2 survivors (2048K)
 Metaspace       used 92347K, committed 94208K, reserved 1179648K
  class space    used 12681K, committed 13632K, reserved 1048576K
}
Event: 8.776 GC heap before
{Heap before GC invocations=33 (full 0):
 garbage-first heap   total 242688K, used 198159K [0x0000000080000000, 0x0000000100000000)
  region size 1024K, 54 young (55296K), 2 survivors (2048K)
 Metaspace       used 98351K, committed 100288K, reserved 1179648K
  class space    used 13238K, committed 14208K, reserved 1048576K
}
Event: 8.780 GC heap after
{Heap after GC invocations=34 (full 0):
 garbage-first heap   total 242688K, used 146942K [0x0000000080000000, 0x0000000100000000)
  region size 1024K, 5 young (5120K), 5 survivors (5120K)
 Metaspace       used 98351K, committed 100288K, reserved 1179648K
  class space    used 13238K, committed 14208K, reserved 1048576K
}
Event: 9.309 GC heap before
{Heap before GC invocations=34 (full 0):
 garbage-first heap   total 242688K, used 210430K [0x0000000080000000, 0x0000000100000000)
  region size 1024K, 67 young (68608K), 5 survivors (5120K)
 Metaspace       used 106242K, committed 108480K, reserved 1179648K
  class space    used 14234K, committed 15360K, reserved 1048576K
}
Event: 9.313 GC heap after
{Heap after GC invocations=35 (full 0):
 garbage-first heap   total 242688K, used 148429K [0x0000000080000000, 0x0000000100000000)
  region size 1024K, 8 young (8192K), 8 survivors (8192K)
 Metaspace       used 106242K, committed 108480K, reserved 1179648K
  class space    used 14234K, committed 15360K, reserved 1048576K
}
Event: 9.603 GC heap before
{Heap before GC invocations=35 (full 0):
 garbage-first heap   total 242688K, used 178125K [0x0000000080000000, 0x0000000100000000)
  region size 1024K, 38 young (38912K), 8 survivors (8192K)
 Metaspace       used 109981K, committed 112256K, reserved 1179648K
  class space    used 14704K, committed 15872K, reserved 1048576K
}
Event: 9.609 GC heap after
{Heap after GC invocations=36 (full 0):
 garbage-first heap   total 242688K, used 151079K [0x0000000080000000, 0x0000000100000000)
  region size 1024K, 6 young (6144K), 6 survivors (6144K)
 Metaspace       used 109981K, committed 112256K, reserved 1179648K
  class space    used 14704K, committed 15872K, reserved 1048576K
}
Event: 10.078 GC heap before
{Heap before GC invocations=37 (full 0):
 garbage-first heap   total 256000K, used 218663K [0x0000000080000000, 0x0000000100000000)
  region size 1024K, 71 young (72704K), 6 survivors (6144K)
 Metaspace       used 113268K, committed 115520K, reserved 1179648K
  class space    used 15039K, committed 16192K, reserved 1048576K
}
Event: 10.083 GC heap after
{Heap after GC invocations=38 (full 0):
 garbage-first heap   total 256000K, used 154399K [0x0000000080000000, 0x0000000100000000)
  region size 1024K, 6 young (6144K), 6 survivors (6144K)
 Metaspace       used 113268K, committed 115520K, reserved 1179648K
  class space    used 15039K, committed 16192K, reserved 1048576K
}
Event: 10.751 GC heap before
{Heap before GC invocations=38 (full 0):
 garbage-first heap   total 256000K, used 230175K [0x0000000080000000, 0x0000000100000000)
  region size 1024K, 80 young (81920K), 6 survivors (6144K)
 Metaspace       used 123302K, committed 125568K, reserved 1179648K
  class space    used 16051K, committed 17216K, reserved 1048576K
}
Event: 10.756 GC heap after
{Heap after GC invocations=39 (full 0):
 garbage-first heap   total 256000K, used 157619K [0x0000000080000000, 0x0000000100000000)
  region size 1024K, 8 young (8192K), 8 survivors (8192K)
 Metaspace       used 123302K, committed 125568K, reserved 1179648K
  class space    used 16051K, committed 17216K, reserved 1048576K
}
Event: 11.266 GC heap before
{Heap before GC invocations=39 (full 0):
 garbage-first heap   total 256000K, used 209843K [0x0000000080000000, 0x0000000100000000)
  region size 1024K, 60 young (61440K), 8 survivors (8192K)
 Metaspace       used 131406K, committed 133696K, reserved 1179648K
  class space    used 16875K, committed 18048K, reserved 1048576K
}
Event: 11.270 GC heap after
{Heap after GC invocations=40 (full 0):
 garbage-first heap   total 256000K, used 159315K [0x0000000080000000, 0x0000000100000000)
  region size 1024K, 6 young (6144K), 6 survivors (6144K)
 Metaspace       used 131406K, committed 133696K, reserved 1179648K
  class space    used 16875K, committed 18048K, reserved 1048576K
}
Event: 11.876 GC heap before
{Heap before GC invocations=41 (full 0):
 garbage-first heap   total 275456K, used 242259K [0x0000000080000000, 0x0000000100000000)
  region size 1024K, 80 young (81920K), 6 survivors (6144K)
 Metaspace       used 135811K, committed 138112K, reserved 1179648K
  class space    used 17381K, committed 18560K, reserved 1048576K
}
Event: 11.881 GC heap after
{Heap after GC invocations=42 (full 0):
 garbage-first heap   total 275456K, used 173649K [0x0000000080000000, 0x0000000100000000)
  region size 1024K, 10 young (10240K), 10 survivors (10240K)
 Metaspace       used 135811K, committed 138112K, reserved 1179648K
  class space    used 17381K, committed 18560K, reserved 1048576K
}
Event: 12.557 GC heap before
{Heap before GC invocations=42 (full 0):
 garbage-first heap   total 275456K, used 255569K [0x0000000080000000, 0x0000000100000000)
  region size 1024K, 85 young (87040K), 10 survivors (10240K)
 Metaspace       used 142752K, committed 145152K, reserved 1179648K
  class space    used 18316K, committed 19520K, reserved 1048576K
}
Event: 12.563 GC heap after
{Heap after GC invocations=43 (full 0):
 garbage-first heap   total 275456K, used 179942K [0x0000000080000000, 0x0000000100000000)
  region size 1024K, 7 young (7168K), 7 survivors (7168K)
 Metaspace       used 142752K, committed 145152K, reserved 1179648K
  class space    used 18316K, committed 19520K, reserved 1048576K
}
Event: 13.296 GC heap before
{Heap before GC invocations=43 (full 0):
 garbage-first heap   total 275456K, used 251622K [0x0000000080000000, 0x0000000100000000)
  region size 1024K, 78 young (79872K), 7 survivors (7168K)
 Metaspace       used 149214K, committed 151680K, reserved 1245184K
  class space    used 19149K, committed 20416K, reserved 1048576K
}
Event: 13.301 GC heap after
{Heap after GC invocations=44 (full 0):
 garbage-first heap   total 275456K, used 183532K [0x0000000080000000, 0x0000000100000000)
  region size 1024K, 4 young (4096K), 4 survivors (4096K)
 Metaspace       used 149214K, committed 151680K, reserved 1245184K
  class space    used 19149K, committed 20416K, reserved 1048576K
}

Dll operation events (3 events):
Event: 0.006 Loaded shared library C:\Program Files\Android\Android Studio\jbr\bin\java.dll
Event: 0.020 Loaded shared library C:\Program Files\Android\Android Studio\jbr\bin\zip.dll
Event: 0.381 Loaded shared library C:\Program Files\Android\Android Studio\jbr\bin\verify.dll

Deoptimization events (20 events):
Event: 13.245 Thread 0x0000026fb4ebae60 Uncommon trap: trap_request=0xffffffde fr.pc=0x0000026fa1d927cc relative=0x00000000000004cc
Event: 13.245 Thread 0x0000026fb4ebae60 Uncommon trap: reason=class_check action=maybe_recompile pc=0x0000026fa1d927cc method=kotlin.reflect.jvm.internal.impl.protobuf.CodedInputStream.tryRefillBuffer(I)Z @ 175 c2
Event: 13.245 Thread 0x0000026fb4ebae60 DEOPT PACKING pc=0x0000026fa1d927cc sp=0x0000008067cf5680
Event: 13.245 Thread 0x0000026fb4ebae60 DEOPT UNPACKING pc=0x0000026fa1157da2 sp=0x0000008067cf5568 mode 2
Event: 13.245 Thread 0x0000026fb4ebae60 Uncommon trap: trap_request=0xffffffde fr.pc=0x0000026fa1d927cc relative=0x00000000000004cc
Event: 13.245 Thread 0x0000026fb4ebae60 Uncommon trap: reason=class_check action=maybe_recompile pc=0x0000026fa1d927cc method=kotlin.reflect.jvm.internal.impl.protobuf.CodedInputStream.tryRefillBuffer(I)Z @ 175 c2
Event: 13.245 Thread 0x0000026fb4ebae60 DEOPT PACKING pc=0x0000026fa1d927cc sp=0x0000008067cf5680
Event: 13.245 Thread 0x0000026fb4ebae60 DEOPT UNPACKING pc=0x0000026fa1157da2 sp=0x0000008067cf5568 mode 2
Event: 13.245 Thread 0x0000026fb4ebae60 Uncommon trap: trap_request=0xffffffde fr.pc=0x0000026fa1d927cc relative=0x00000000000004cc
Event: 13.245 Thread 0x0000026fb4ebae60 Uncommon trap: reason=class_check action=maybe_recompile pc=0x0000026fa1d927cc method=kotlin.reflect.jvm.internal.impl.protobuf.CodedInputStream.tryRefillBuffer(I)Z @ 175 c2
Event: 13.245 Thread 0x0000026fb4ebae60 DEOPT PACKING pc=0x0000026fa1d927cc sp=0x0000008067cf5780
Event: 13.245 Thread 0x0000026fb4ebae60 DEOPT UNPACKING pc=0x0000026fa1157da2 sp=0x0000008067cf5668 mode 2
Event: 13.245 Thread 0x0000026fb4ebae60 Uncommon trap: trap_request=0xffffffde fr.pc=0x0000026fa1d927cc relative=0x00000000000004cc
Event: 13.245 Thread 0x0000026fb4ebae60 Uncommon trap: reason=class_check action=maybe_recompile pc=0x0000026fa1d927cc method=kotlin.reflect.jvm.internal.impl.protobuf.CodedInputStream.tryRefillBuffer(I)Z @ 175 c2
Event: 13.245 Thread 0x0000026fb4ebae60 DEOPT PACKING pc=0x0000026fa1d927cc sp=0x0000008067cf5780
Event: 13.245 Thread 0x0000026fb4ebae60 DEOPT UNPACKING pc=0x0000026fa1157da2 sp=0x0000008067cf5668 mode 2
Event: 13.468 Thread 0x0000026fb4ebae60 Uncommon trap: trap_request=0xffffff45 fr.pc=0x0000026fa1a23474 relative=0x0000000000000bf4
Event: 13.468 Thread 0x0000026fb4ebae60 Uncommon trap: reason=unstable_if action=reinterpret pc=0x0000026fa1a23474 method=java.util.regex.Pattern.escape(ZZZ)I @ 8 c2
Event: 13.468 Thread 0x0000026fb4ebae60 DEOPT PACKING pc=0x0000026fa1a23474 sp=0x0000008067cf56c0
Event: 13.468 Thread 0x0000026fb4ebae60 DEOPT UNPACKING pc=0x0000026fa1157da2 sp=0x0000008067cf5658 mode 2

Classes loaded (20 events):
Event: 13.021 Loading class javax/management/NotificationListener
Event: 13.021 Loading class javax/management/NotificationListener done
Event: 13.021 Loading class javax/management/NotificationFilter
Event: 13.021 Loading class javax/management/NotificationFilter done
Event: 13.021 Loading class javax/management/ListenerNotFoundException
Event: 13.021 Loading class javax/management/OperationsException
Event: 13.021 Loading class javax/management/JMException
Event: 13.021 Loading class javax/management/JMException done
Event: 13.021 Loading class javax/management/OperationsException done
Event: 13.021 Loading class javax/management/ListenerNotFoundException done
Event: 13.021 Loading class jdk/jfr/FlightRecorder
Event: 13.021 Loading class jdk/jfr/FlightRecorder done
Event: 13.021 Loading class jdk/management/jfr/FlightRecorderMXBeanImpl$MXBeanListener
Event: 13.021 Loading class jdk/jfr/FlightRecorderListener
Event: 13.021 Loading class jdk/jfr/FlightRecorderListener done
Event: 13.021 Loading class jdk/management/jfr/FlightRecorderMXBeanImpl$MXBeanListener done
Event: 13.058 Loading class com/sun/jmx/mbeanserver/StandardMBeanSupport
Event: 13.058 Loading class com/sun/jmx/mbeanserver/StandardMBeanSupport done
Event: 13.058 Loading class com/sun/jmx/mbeanserver/StandardMBeanIntrospector
Event: 13.058 Loading class com/sun/jmx/mbeanserver/StandardMBeanIntrospector done

Classes unloaded (0 events):
No events

Classes redefined (0 events):
No events

Internal exceptions (20 events):
Event: 11.212 Thread 0x0000026fb4ebae60 Exception <a 'sun/nio/fs/WindowsException'{0x000000008afd8598}> (0x000000008afd8598) 
thrown [s\src\hotspot\share\prims\jni.cpp, line 535]
Event: 11.246 Thread 0x0000026fb4ebae60 Implicit null exception at 0x0000026fa1a43f5d to 0x0000026fa1a44448
Event: 11.246 Thread 0x0000026fb4ebae60 Implicit null exception at 0x0000026fa1a44cdf to 0x0000026fa1a451ac
Event: 12.350 Thread 0x0000026fb4ebae60 Implicit null exception at 0x0000026fa1cdeb74 to 0x0000026fa1cdf3de
Event: 12.781 Thread 0x0000026fb4ebae60 Implicit null exception at 0x0000026fa1a22375 to 0x0000026fa1a22488
Event: 12.901 Thread 0x0000026fb4ebae60 Exception <a 'java/lang/NoSuchMethodError'{0x000000008cc7f5e0}: static Lorg/jetbrains/kotlin/gradle/plugin/internal/DefaultConfigurationTimePropertiesAccessorVariantFactory;.<clinit>()V> (0x000000008cc7f5e0) 
thrown [s\src\hotspot\share\prims\jni.cpp, line 1139]
Event: 12.902 Thread 0x0000026fb4ebae60 Exception <a 'java/lang/NoSuchMethodError'{0x000000008cc9e950}: static Lorg/jetbrains/kotlin/gradle/plugin/internal/DefaultProjectIsolationStartParameterAccessor$Factory;.<clinit>()V> (0x000000008cc9e950) 
thrown [s\src\hotspot\share\prims\jni.cpp, line 1139]
Event: 12.904 Thread 0x0000026fb4ebae60 Exception <a 'java/lang/NoSuchMethodError'{0x000000008ccbe6b0}: static Lorg/jetbrains/kotlin/gradle/plugin/internal/DefaultSourceSetCompatibilityHelperVariantFactory;.<clinit>()V> (0x000000008ccbe6b0) 
thrown [s\src\hotspot\share\prims\jni.cpp, line 1139]
Event: 12.905 Thread 0x0000026fb4ebae60 Exception <a 'java/lang/NoSuchMethodError'{0x000000008cce8df8}: static Lorg/jetbrains/kotlin/gradle/plugin/internal/DefaultArtifactTypeAttributeAccessorVariantFactory;.<clinit>()V> (0x000000008cce8df8) 
thrown [s\src\hotspot\share\prims\jni.cpp, line 1139]
Event: 12.906 Thread 0x0000026fb4ebae60 Exception <a 'java/lang/NoSuchMethodError'{0x000000008cb137b8}: static Lorg/jetbrains/kotlin/gradle/plugin/internal/DefaultCompatibilityConventionRegistrar$Factory;.<clinit>()V> (0x000000008cb137b8) 
thrown [s\src\hotspot\share\prims\jni.cpp, line 1139]
Event: 12.907 Thread 0x0000026fb4ebae60 Exception <a 'java/lang/NoSuchMethodError'{0x000000008cb33280}: static Lorg/jetbrains/kotlin/gradle/plugin/internal/DefaultJavaSourceSetsAccessorVariantFactory;.<clinit>()V> (0x000000008cb33280) 
thrown [s\src\hotspot\share\prims\jni.cpp, line 1139]
Event: 12.908 Thread 0x0000026fb4ebae60 Exception <a 'java/lang/NoSuchMethodError'{0x000000008cb52420}: static Lorg/jetbrains/kotlin/gradle/plugin/internal/DefaultIdeaSyncDetectorVariantFactory;.<clinit>()V> (0x000000008cb52420) 
thrown [s\src\hotspot\share\prims\jni.cpp, line 1139]
Event: 12.908 Thread 0x0000026fb4ebae60 Exception <a 'java/lang/NoSuchMethodError'{0x000000008cb72fc8}: static Lorg/jetbrains/kotlin/gradle/plugin/internal/DefaultKotlinTestReportCompatibilityHelperVariantFactory;.<clinit>()V> (0x000000008cb72fc8) 
thrown [s\src\hotspot\share\prims\jni.cpp, line 1139]
Event: 12.910 Thread 0x0000026fb4ebae60 Exception <a 'java/lang/NoSuchMethodError'{0x000000008cb933a8}: static Lorg/jetbrains/kotlin/gradle/plugin/internal/DefaultMppTestReportHelperVariantFactory;.<clinit>()V> (0x000000008cb933a8) 
thrown [s\src\hotspot\share\prims\jni.cpp, line 1139]
Event: 12.911 Thread 0x0000026fb4ebae60 Exception <a 'java/lang/NoSuchMethodError'{0x000000008cbb24b0}: static Lorg/jetbrains/kotlin/gradle/plugin/internal/DefaultConfigurationCacheStartParameterAccessorVariantFactory;.<clinit>()V> (0x000000008cbb24b0) 
thrown [s\src\hotspot\share\prims\jni.cpp, line 1139]
Event: 12.912 Thread 0x0000026fb4ebae60 Exception <a 'java/lang/NoSuchMethodError'{0x000000008cbd2a48}: static Lorg/jetbrains/kotlin/gradle/plugin/internal/MavenPluginConfigurator$DefaultMavenPluginConfiguratorVariantFactory;.<clinit>()V> (0x000000008cbd2a48) 
thrown [s\src\hotspot\share\prims\jni.cpp, line 1139]
Event: 12.913 Thread 0x0000026fb4ebae60 Exception <a 'java/lang/NoSuchMethodError'{0x000000008cbf1c28}: static Lorg/jetbrains/kotlin/gradle/targets/js/nodejs/DefaultUnameExecutorVariantFactory;.<clinit>()V> (0x000000008cbf1c28) 
thrown [s\src\hotspot\share\prims\jni.cpp, line 1139]
Event: 12.915 Thread 0x0000026fb4ebae60 Exception <a 'java/lang/NoSuchMethodError'{0x000000008ca11ae8}: static Lorg/jetbrains/kotlin/gradle/plugin/internal/DefaultBasePluginConfigurationVariantFactory;.<clinit>()V> (0x000000008ca11ae8) 
thrown [s\src\hotspot\share\prims\jni.cpp, line 1139]
Event: 12.916 Thread 0x0000026fb4ebae60 Exception <a 'java/lang/NoSuchMethodError'{0x000000008ca31b20}: static Lorg/jetbrains/kotlin/gradle/plugin/internal/DefaultAttributeConfigurationHelperVariantFactory;.<clinit>()V> (0x000000008ca31b20) 
thrown [s\src\hotspot\share\prims\jni.cpp, line 1139]
Event: 12.949 Thread 0x0000026fb4ebae60 Exception <a 'java/lang/IncompatibleClassChangeError'{0x000000008c9c8b18}: Found class java.lang.Object, but interface was expected> (0x000000008c9c8b18) 
thrown [s\src\hotspot\share\interpreter\linkResolver.cpp, line 851]

ZGC Phase Switch (0 events):
No events

VM Operations (20 events):
Event: 12.554 Executing VM operation: ICBufferFull
Event: 12.555 Executing VM operation: ICBufferFull done
Event: 12.557 Executing VM operation: G1CollectForAllocation (G1 Evacuation Pause)
Event: 12.563 Executing VM operation: G1CollectForAllocation (G1 Evacuation Pause) done
Event: 12.870 Executing VM operation: HandshakeAllThreads (Deoptimize)
Event: 12.871 Executing VM operation: HandshakeAllThreads (Deoptimize) done
Event: 13.032 Executing VM operation: ICBufferFull
Event: 13.032 Executing VM operation: ICBufferFull done
Event: 13.088 Executing VM operation: HandshakeAllThreads (Deoptimize)
Event: 13.088 Executing VM operation: HandshakeAllThreads (Deoptimize) done
Event: 13.187 Executing VM operation: HandshakeAllThreads (Deoptimize)
Event: 13.187 Executing VM operation: HandshakeAllThreads (Deoptimize) done
Event: 13.296 Executing VM operation: G1CollectForAllocation (G1 Evacuation Pause)
Event: 13.301 Executing VM operation: G1CollectForAllocation (G1 Evacuation Pause) done
Event: 13.359 Executing VM operation: G1PauseRemark
Event: 13.364 Executing VM operation: G1PauseRemark done
Event: 13.387 Executing VM operation: G1PauseCleanup
Event: 13.387 Executing VM operation: G1PauseCleanup done
Event: 14.387 Executing VM operation: Cleanup
Event: 14.388 Executing VM operation: Cleanup done

Memory protections (0 events):
No events

Nmethod flushes (20 events):
Event: 13.363 Thread 0x0000026fae715440 flushing  nmethod 0x0000026f99ee7190
Event: 13.363 Thread 0x0000026fae715440 flushing  nmethod 0x0000026f9aa81410
Event: 13.363 Thread 0x0000026fae715440 flushing  nmethod 0x0000026f9aa8b290
Event: 13.363 Thread 0x0000026fae715440 flushing  nmethod 0x0000026f9aa8bd90
Event: 13.363 Thread 0x0000026fae715440 flushing  nmethod 0x0000026f9ab04490
Event: 13.363 Thread 0x0000026fae715440 flushing  nmethod 0x0000026f9ab08d90
Event: 13.363 Thread 0x0000026fae715440 flushing  nmethod 0x0000026f9ab09690
Event: 13.363 Thread 0x0000026fae715440 flushing  nmethod 0x0000026f9ab0b190
Event: 13.363 Thread 0x0000026fae715440 flushing  nmethod 0x0000026f9ab0b890
Event: 13.363 Thread 0x0000026fae715440 flushing  nmethod 0x0000026f9ab0c090
Event: 13.363 Thread 0x0000026fae715440 flushing  nmethod 0x0000026f9ab0c910
Event: 13.363 Thread 0x0000026fae715440 flushing  nmethod 0x0000026f9ab0d290
Event: 13.363 Thread 0x0000026fae715440 flushing  nmethod 0x0000026f9ab0db10
Event: 13.363 Thread 0x0000026fae715440 flushing  nmethod 0x0000026f9ab0ee10
Event: 13.363 Thread 0x0000026fae715440 flushing  nmethod 0x0000026f9ab54310
Event: 13.363 Thread 0x0000026fae715440 flushing  nmethod 0x0000026f9ab58890
Event: 13.363 Thread 0x0000026fae715440 flushing  nmethod 0x0000026f9acb6e10
Event: 13.363 Thread 0x0000026fae715440 flushing  nmethod 0x0000026f9acb7190
Event: 13.363 Thread 0x0000026fae715440 flushing  nmethod 0x0000026f9acb9090
Event: 13.363 Thread 0x0000026fae715440 flushing  nmethod 0x0000026f9adc5d10

Events (20 events):
Event: 11.378 Thread 0x0000026fb4ebae60 Thread added: 0x0000026fb57d6170
Event: 11.381 Thread 0x0000026fb4ebae60 Thread added: 0x0000026fb57d6800
Event: 11.381 Thread 0x0000026fb4ebae60 Thread added: 0x0000026fb57d7520
Event: 11.382 Thread 0x0000026fb4ebae60 Thread added: 0x0000026fb57d4730
Event: 11.382 Thread 0x0000026fb4ebae60 Thread added: 0x0000026fb57d8f60
Event: 11.382 Thread 0x0000026fb4ebae60 Thread added: 0x0000026fb57d9c80
Event: 11.382 Thread 0x0000026fb4ebae60 Thread added: 0x0000026fb57da310
Event: 11.382 Thread 0x0000026fb4ebae60 Thread added: 0x0000026fb57d8240
Event: 11.382 Thread 0x0000026fb4ebae60 Thread added: 0x0000026fb57d95f0
Event: 11.383 Thread 0x0000026fb4ebae60 Thread added: 0x0000026fb57db030
Event: 11.383 Thread 0x0000026fb4ebae60 Thread added: 0x0000026fb57da9a0
Event: 11.383 Thread 0x0000026fb4ebae60 Thread added: 0x0000026fb57db6c0
Event: 11.383 Thread 0x0000026fae7cd670 Thread added: 0x0000026fb757d4a0
Event: 11.511 Thread 0x0000026fb757d4a0 Thread exited: 0x0000026fb757d4a0
Event: 11.512 Thread 0x0000026fb757e240 Thread exited: 0x0000026fb757e240
Event: 12.172 Thread 0x0000026fb4ebae60 Thread added: 0x0000026fb60986b0
Event: 12.280 Thread 0x0000026fae7cd670 Thread added: 0x0000026fb757b290
Event: 12.355 Thread 0x0000026fae7cd670 Thread added: 0x0000026fb7581f90
Event: 13.090 Thread 0x0000026fb4ebae60 Thread added: 0x0000026fb6099a60
Event: 13.422 Thread 0x0000026fb7581f90 Thread exited: 0x0000026fb7581f90


Dynamic libraries:
0x00007ff7a0ae0000 - 0x00007ff7a0aea000 	C:\Program Files\Android\Android Studio\jbr\bin\java.exe
0x00007ff958380000 - 0x00007ff9585e7000 	C:\WINDOWS\SYSTEM32\ntdll.dll
0x00007ff957980000 - 0x00007ff957a49000 	C:\WINDOWS\System32\KERNEL32.DLL
0x00007ff9559e0000 - 0x00007ff955dcf000 	C:\WINDOWS\System32\KERNELBASE.dll
0x00007ff955f20000 - 0x00007ff95606b000 	C:\WINDOWS\System32\ucrtbase.dll
0x00007ff94e160000 - 0x00007ff94e178000 	C:\Program Files\Android\Android Studio\jbr\bin\jli.dll
0x00007ff94fdf0000 - 0x00007ff94fe0b000 	C:\Program Files\Android\Android Studio\jbr\bin\VCRUNTIME140.dll
0x00007ff957780000 - 0x00007ff957945000 	C:\WINDOWS\System32\USER32.dll
0x00007ff9365a0000 - 0x00007ff936833000 	C:\WINDOWS\WinSxS\amd64_microsoft.windows.common-controls_6595b64144ccf1df_6.0.26100.7309_none_3e05feeae336a044\COMCTL32.dll
0x00007ff955700000 - 0x00007ff955727000 	C:\WINDOWS\System32\win32u.dll
0x00007ff957480000 - 0x00007ff9574ab000 	C:\WINDOWS\System32\GDI32.dll
0x00007ff956b30000 - 0x00007ff956bd9000 	C:\WINDOWS\System32\msvcrt.dll
0x00007ff955730000 - 0x00007ff95585c000 	C:\WINDOWS\System32\gdi32full.dll
0x00007ff955de0000 - 0x00007ff955e83000 	C:\WINDOWS\System32\msvcp_win.dll
0x00007ff958300000 - 0x00007ff958331000 	C:\WINDOWS\System32\IMM32.DLL
0x00007ff94fde0000 - 0x00007ff94fdec000 	C:\Program Files\Android\Android Studio\jbr\bin\vcruntime140_1.dll
0x00007ff926700000 - 0x00007ff92678d000 	C:\Program Files\Android\Android Studio\jbr\bin\msvcp140.dll
0x00007ff8559b0000 - 0x00007ff85663b000 	C:\Program Files\Android\Android Studio\jbr\bin\server\jvm.dll
0x00007ff957ba0000 - 0x00007ff957c54000 	C:\WINDOWS\System32\ADVAPI32.dll
0x00007ff957ce0000 - 0x00007ff957d86000 	C:\WINDOWS\System32\sechost.dll
0x00007ff9574b0000 - 0x00007ff9575c8000 	C:\WINDOWS\System32\RPCRT4.dll
0x00007ff956be0000 - 0x00007ff956c54000 	C:\WINDOWS\System32\WS2_32.dll
0x00007ff954dc0000 - 0x00007ff954e1e000 	C:\WINDOWS\SYSTEM32\POWRPROF.dll
0x00007ff94eb10000 - 0x00007ff94eb1b000 	C:\WINDOWS\SYSTEM32\VERSION.dll
0x00007ff946230000 - 0x00007ff946265000 	C:\WINDOWS\SYSTEM32\WINMM.dll
0x00007ff954d10000 - 0x00007ff954d24000 	C:\WINDOWS\SYSTEM32\UMPDC.dll
0x00007ff954250000 - 0x00007ff95426b000 	C:\WINDOWS\SYSTEM32\kernel.appcore.dll
0x00007ff94f560000 - 0x00007ff94f56a000 	C:\Program Files\Android\Android Studio\jbr\bin\jimage.dll
0x00007ff952d80000 - 0x00007ff952fc2000 	C:\WINDOWS\SYSTEM32\DBGHELP.DLL
0x00007ff957d90000 - 0x00007ff958116000 	C:\WINDOWS\System32\combase.dll
0x00007ff956a50000 - 0x00007ff956b26000 	C:\WINDOWS\System32\OLEAUT32.dll
0x00007ff94e0a0000 - 0x00007ff94e0dc000 	C:\WINDOWS\SYSTEM32\dbgcore.DLL
0x00007ff956070000 - 0x00007ff956115000 	C:\WINDOWS\System32\bcryptPrimitives.dll
0x00007ff941950000 - 0x00007ff94195e000 	C:\Program Files\Android\Android Studio\jbr\bin\instrument.dll
0x00007ff94e080000 - 0x00007ff94e0a0000 	C:\Program Files\Android\Android Studio\jbr\bin\java.dll
0x00007ff941a10000 - 0x00007ff941a28000 	C:\Program Files\Android\Android Studio\jbr\bin\zip.dll
0x00007ff956120000 - 0x00007ff956873000 	C:\WINDOWS\System32\SHELL32.dll
0x00007ff9554d0000 - 0x00007ff95563a000 	C:\WINDOWS\System32\wintypes.dll
0x00007ff9530b0000 - 0x00007ff95390e000 	C:\WINDOWS\SYSTEM32\windows.storage.dll
0x00007ff9575f0000 - 0x00007ff9576e4000 	C:\WINDOWS\System32\SHCORE.dll
0x00007ff957b30000 - 0x00007ff957b96000 	C:\WINDOWS\System32\shlwapi.dll
0x00007ff9553f0000 - 0x00007ff955419000 	C:\WINDOWS\SYSTEM32\profapi.dll
0x00007ff94e2f0000 - 0x00007ff94e300000 	C:\Program Files\Android\Android Studio\jbr\bin\net.dll
0x00007ff94e180000 - 0x00007ff94e2a8000 	C:\WINDOWS\SYSTEM32\WINHTTP.dll
0x00007ff9547f0000 - 0x00007ff95485b000 	C:\WINDOWS\system32\mswsock.dll
0x00007ff9419f0000 - 0x00007ff941a06000 	C:\Program Files\Android\Android Studio\jbr\bin\nio.dll
0x00007ff940750000 - 0x00007ff940760000 	C:\Program Files\Android\Android Studio\jbr\bin\verify.dll
0x00007ff9405f0000 - 0x00007ff940617000 	C:\Users\xXx\.gradle\native\c067742578af261105cb4f569cf0c3c89f3d7b1fecec35dd04571415982c5e48\windows-amd64\native-platform.dll
0x00007ff8e2610000 - 0x00007ff8e2754000 	C:\Users\xXx\.gradle\native\100fb08df4bc3b14c8652ba06237920a3bd2aa13389f12d3474272988ae205f9\windows-amd64\native-platform-file-events.dll
0x00007ff9419e0000 - 0x00007ff9419e9000 	C:\Program Files\Android\Android Studio\jbr\bin\management.dll
0x00007ff940770000 - 0x00007ff94077b000 	C:\Program Files\Android\Android Studio\jbr\bin\management_ext.dll
0x00007ff956e40000 - 0x00007ff956e48000 	C:\WINDOWS\System32\PSAPI.DLL
0x00007ff954ab0000 - 0x00007ff954acb000 	C:\WINDOWS\SYSTEM32\CRYPTSP.dll
0x00007ff9541b0000 - 0x00007ff9541ea000 	C:\WINDOWS\system32\rsaenh.dll
0x00007ff9548a0000 - 0x00007ff9548cb000 	C:\WINDOWS\SYSTEM32\USERENV.dll
0x00007ff9553c0000 - 0x00007ff9553ea000 	C:\WINDOWS\SYSTEM32\bcrypt.dll
0x00007ff954ad0000 - 0x00007ff954adc000 	C:\WINDOWS\SYSTEM32\CRYPTBASE.dll
0x00007ff953c30000 - 0x00007ff953c64000 	C:\WINDOWS\SYSTEM32\IPHLPAPI.DLL
0x00007ff958120000 - 0x00007ff95812a000 	C:\WINDOWS\System32\NSI.dll
0x00007ff94e0f0000 - 0x00007ff94e0f9000 	C:\Program Files\Android\Android Studio\jbr\bin\extnet.dll
0x00007ff8b2cf0000 - 0x00007ff8b2cf8000 	C:\WINDOWS\system32\wshunix.dll

dbghelp: loaded successfully - version: 4.0.5 - missing functions: none
symbol engine: initialized successfully - sym options: 0x614 - pdb path: .;C:\Program Files\Android\Android Studio\jbr\bin;C:\WINDOWS\SYSTEM32;C:\WINDOWS\WinSxS\amd64_microsoft.windows.common-controls_6595b64144ccf1df_6.0.26100.7309_none_3e05feeae336a044;C:\Program Files\Android\Android Studio\jbr\bin\server;C:\Users\xXx\.gradle\native\c067742578af261105cb4f569cf0c3c89f3d7b1fecec35dd04571415982c5e48\windows-amd64;C:\Users\xXx\.gradle\native\100fb08df4bc3b14c8652ba06237920a3bd2aa13389f12d3474272988ae205f9\windows-amd64

VM Arguments:
jvm_args: --add-opens=java.base/java.util=ALL-UNNAMED --add-opens=java.base/java.lang=ALL-UNNAMED --add-opens=java.base/java.lang.invoke=ALL-UNNAMED --add-opens=java.prefs/java.util.prefs=ALL-UNNAMED --add-exports=jdk.compiler/com.sun.tools.javac.api=ALL-UNNAMED --add-exports=jdk.compiler/com.sun.tools.javac.util=ALL-UNNAMED --add-opens=java.base/java.nio.charset=ALL-UNNAMED --add-opens=java.base/java.net=ALL-UNNAMED --add-opens=java.base/java.util.concurrent.atomic=ALL-UNNAMED -Xmx2048m -Dfile.encoding=UTF-8 -Duser.country=US -Duser.language=en -Duser.variant -javaagent:C:\Users\xXx\.gradle\wrapper\dists\gradle-8.9-bin\90cnw93cvbtalezasaz0blq0a\gradle-8.9\lib\agents\gradle-instrumentation-agent-8.9.jar 
java_command: org.gradle.launcher.daemon.bootstrap.GradleDaemon 8.9
java_class_path (initial): C:\Users\xXx\.gradle\wrapper\dists\gradle-8.9-bin\90cnw93cvbtalezasaz0blq0a\gradle-8.9\lib\gradle-daemon-main-8.9.jar
Launcher Type: SUN_STANDARD

[Global flags]
     intx CICompilerCount                          = 4                                         {product} {ergonomic}
     uint ConcGCThreads                            = 3                                         {product} {ergonomic}
     uint G1ConcRefinementThreads                  = 10                                        {product} {ergonomic}
   size_t G1HeapRegionSize                         = 1048576                                   {product} {ergonomic}
    uintx GCDrainStackTargetSize                   = 64                                        {product} {ergonomic}
   size_t InitialHeapSize                          = 197132288                                 {product} {ergonomic}
   size_t MarkStackSize                            = 4194304                                   {product} {ergonomic}
   size_t MaxHeapSize                              = 2147483648                                {product} {command line}
   size_t MaxNewSize                               = 1287651328                                {product} {ergonomic}
   size_t MinHeapDeltaBytes                        = 1048576                                   {product} {ergonomic}
   size_t MinHeapSize                              = 8388608                                   {product} {ergonomic}
    uintx NonNMethodCodeHeapSize                   = 5839372                                {pd product} {ergonomic}
    uintx NonProfiledCodeHeapSize                  = 122909434                              {pd product} {ergonomic}
    uintx ProfiledCodeHeapSize                     = 122909434                              {pd product} {ergonomic}
    uintx ReservedCodeCacheSize                    = 251658240                              {pd product} {ergonomic}
     bool SegmentedCodeCache                       = true                                      {product} {ergonomic}
   size_t SoftMaxHeapSize                          = 2147483648                             {manageable} {ergonomic}
     bool UseCompressedOops                        = true                           {product lp64_product} {ergonomic}
     bool UseG1GC                                  = true                                      {product} {ergonomic}
     bool UseLargePagesIndividualAllocation        = false                                  {pd product} {ergonomic}

Logging:
Log output configuration:
 #0: stdout all=warning uptime,level,tags foldmultilines=false
 #1: stderr all=off uptime,level,tags foldmultilines=false

Environment Variables:
JAVA_HOME=C:\Program Files\Java\jdk-23
PATH=C:\Program Files\ImageMagick-7.1.2-Q16-HDRI;C:\Python312\Scripts\;C:\Python312\;c:\windows\system32;c:\windows;c:\windows\system32\wbem;c:\windows\system32\windowspowershell\v1.0\;c:\windows\system32\openssh\;c:\program files\nvidia corporation\nvidia nvdlisr;c:\program files\git\cmd;C:\Program Files (x86)\NVIDIA Corporation\PhysX\Common;C:\Program Files\nodejs\;C:\ProgramData\chocolatey\bin;C:\WINDOWS\system32;C:\WINDOWS;C:\WINDOWS\System32\Wbem;C:\WINDOWS\System32\WindowsPowerShell\v1.0\;C:\WINDOWS\System32\OpenSSH\;C:\Program Files\Java\jdk-23\bin;;C:\Program Files\Docker\Docker\resources\bin;C:\Users\xXx\AppData\Local\Programs\Python\Python310\Scripts\;C:\Users\xXx\AppData\Local\Programs\Python\Python310\;C:\Users\xXx\AppData\Local\Microsoft\WindowsApps;C:\Users\xXx\AppData\Local\Programs\Microsoft VS Code\bin;C:\Program Files\JetBrains\PyCharm Community Edition 2023.2.1\bin;;C:\Program Files\JetBrains\IntelliJ IDEA 2023.2.4\bin;;C:\src\flutter\bin;C:\src\flutter;C:\Program Files\heroku\bin;C:\Users\xXx\AppData\Roaming\npm;C:\Users\xXx\AppData\Local\PowerToys\DSCModules\;C:\Users\xXx\AppData\Local\Google\Cloud SDK\google-cloud-sdk\bin
USERNAME=xXx
OS=Windows_NT
PROCESSOR_IDENTIFIER=Intel64 Family 6 Model 141 Stepping 1, GenuineIntel
TMP=C:\Users\xXx\AppData\Local\Temp
TEMP=C:\Users\xXx\AppData\Local\Temp




Periodic native trim disabled

JNI global refs:
JNI global refs: 29, weak refs: 0

JNI global refs memory usage: 835, weak refs: 833

Process memory usage:
Resident Set Size: 664204K (5% of 12212196K total physical memory with 557264K free physical memory)

OOME stack traces (most recent first):
Classloader memory used:
Loader org.gradle.internal.classloader.VisitableURLClassLoader                         : 94470K
Loader bootstrap                                                                       : 28176K
Loader org.gradle.internal.classloader.VisitableURLClassLoader$InstrumentingVisitableURLClassLoader: 13229K
Loader org.gradle.initialization.MixInLegacyTypesClassLoader                           : 11719K
Loader org.gradle.internal.classloader.VisitableURLClassLoader                         : 1078K
Loader jdk.internal.loader.ClassLoaders$PlatformClassLoader                            : 497K
Loader jdk.internal.reflect.DelegatingClassLoader                                      : 348K
Loader jdk.internal.jrtfs.JrtFileSystemProvider$JrtFsLoader                            : 326K
Loader jdk.internal.loader.ClassLoaders$AppClassLoader                                 : 230K
Loader org.gradle.groovy.scripts.internal.DefaultScriptCompilationHandler$ScriptClassLoader: 90728B
Loader org.codehaus.groovy.runtime.callsite.CallSiteClassLoader                        : 49592B

Classes loaded by more than one classloader:
Class Program                                                                         : loaded 4 times (x 70B)
Class org.gradle.api.GradleException                                                  : loaded 3 times (x 78B)
Class com.google.common.collect.RegularImmutableMap$KeySet                            : loaded 2 times (x 146B)
Class kotlin.NotImplementedError                                                      : loaded 2 times (x 78B)
Class org.gradle.internal.classloader.FilteringClassLoader                            : loaded 2 times (x 101B)
Class [Lcom.google.common.base.AbstractIterator$State;                                : loaded 2 times (x 65B)
Class com.google.common.base.CharMatcher$IsEither                                     : loaded 2 times (x 107B)
Class jdk.internal.jimage.BasicImageReader                                            : loaded 2 times (x 91B)
Class org.gradle.internal.classloader.ClassLoaderHierarchy                            : loaded 2 times (x 66B)
Class com.google.common.collect.ImmutableEnumSet                                      : loaded 2 times (x 142B)
Class com.google.common.util.concurrent.ExecutionError                                : loaded 2 times (x 78B)
Class com.google.common.collect.ImmutableList$1                                       : loaded 2 times (x 93B)
Class org.gradle.api.internal.classpath.ManifestUtil                                  : loaded 2 times (x 67B)
Class com.google.common.collect.RegularImmutableMap                                   : loaded 2 times (x 117B)
Class com.google.common.collect.ImmutableMap$MapViewOfValuesAsSingletonSets           : loaded 2 times (x 121B)
Class org.jetbrains.plugins.gradle.model.GradleExtensions                             : loaded 2 times (x 66B)
Class org.jetbrains.plugins.gradle.model.AnnotationProcessingModel                    : loaded 2 times (x 66B)
Class [Lorg.objectweb.asm.Symbol;                                                     : loaded 2 times (x 65B)
Class org.objectweb.asm.ClassVisitor                                                  : loaded 2 times (x 84B)
Class com.google.common.collect.UnmodifiableListIterator                              : loaded 2 times (x 91B)
Class jdk.internal.jimage.decompressor.StringSharingDecompressorFactory               : loaded 2 times (x 70B)
Class ijInit2_a4saqb87dqb4tevfffproke3k                                               : loaded 2 times (x 175B)
Class org.gradle.internal.operations.MultipleBuildOperationFailures                   : loaded 2 times (x 91B)
Class org.objectweb.asm.MethodTooLargeException                                       : loaded 2 times (x 79B)
Class [Lcom.google.common.cache.CacheBuilder$OneWeigher;                              : loaded 2 times (x 65B)
Class com.google.common.base.Suppliers                                                : loaded 2 times (x 67B)
Class com.google.common.base.Platform$JdkPatternCompiler                              : loaded 2 times (x 71B)
Class org.gradle.internal.classloader.DefaultClassLoaderFactory                       : loaded 2 times (x 78B)
Class com.google.common.base.CharMatcher$None                                         : loaded 2 times (x 108B)
Class kotlin.collections.AbstractList$Companion                                       : loaded 2 times (x 67B)
Class org.gradle.internal.classloader.ClassLoaderVisitor                              : loaded 2 times (x 72B)
Class [Lcom.google.common.collect.ImmutableMapEntry;                                  : loaded 2 times (x 65B)
Class org.gradle.api.internal.classpath.EffectiveClassPath                            : loaded 2 times (x 86B)
Class com.google.common.collect.ImmutableEnumMap                                      : loaded 2 times (x 121B)
Class com.google.common.collect.ListMultimap                                          : loaded 2 times (x 66B)
Class org.gradle.tooling.internal.gradle.DefaultProjectIdentifier                     : loaded 2 times (x 82B)
Class com.google.common.collect.Sets$1                                                : loaded 2 times (x 135B)
Class org.objectweb.asm.AnnotationVisitor                                             : loaded 2 times (x 74B)
Class com.google.common.base.Splitter                                                 : loaded 2 times (x 68B)
Class org.gradle.api.internal.DefaultClassPathProvider                                : loaded 2 times (x 72B)
Class com.google.common.collect.Sets$2                                                : loaded 2 times (x 135B)
Class [Lorg.gradle.api.internal.ClassPathProvider;                                    : loaded 2 times (x 65B)
Class org.gradle.api.internal.ClassPathProvider                                       : loaded 2 times (x 66B)
Class com.google.common.collect.Sets$3                                                : loaded 2 times (x 135B)
Class com.google.common.util.concurrent.AbstractFuture$SafeAtomicHelper               : loaded 2 times (x 75B)
Class com.google.common.cache.LocalCache$LocalLoadingCache                            : loaded 2 times (x 130B)
Class com.google.common.base.AbstractIterator$State                                   : loaded 2 times (x 75B)
Class jdk.internal.jrtfs.SystemImage                                                  : loaded 2 times (x 70B)
Class org.gradle.internal.service.UnknownServiceException                             : loaded 2 times (x 79B)
Class com.google.common.collect.Sets$4                                                : loaded 2 times (x 135B)
Class org.objectweb.asm.ModuleVisitor                                                 : loaded 2 times (x 77B)
Class com.google.common.cache.LocalCache$Strength$1                                   : loaded 2 times (x 77B)
Class org.jetbrains.kotlin.idea.gradleTooling.KotlinDslScriptAdditionalTask           : loaded 2 times (x 66B)
Class com.google.common.util.concurrent.SettableFuture                                : loaded 2 times (x 110B)
Class com.google.common.cache.LocalCache$Strength$2                                   : loaded 2 times (x 77B)
Class com.google.common.cache.LocalCache$Strength$3                                   : loaded 2 times (x 77B)
Class com.google.common.collect.MapDifference                                         : loaded 2 times (x 66B)
Class com.google.common.base.Splitter$1                                               : loaded 2 times (x 73B)
Class org.objectweb.asm.FieldWriter                                                   : loaded 2 times (x 74B)
Class com.google.common.cache.CacheBuilder$NullListener                               : loaded 2 times (x 78B)
Class org.gradle.internal.classpath.TransformedClassPath                              : loaded 2 times (x 92B)
Class com.google.common.cache.CacheLoader$FunctionToCacheLoader                       : loaded 2 times (x 71B)
Class com.google.common.collect.Iterators$ArrayItr                                    : loaded 2 times (x 93B)
Class com.google.common.collect.ImmutableCollection$Builder                           : loaded 2 times (x 72B)
Class jdk.internal.jrtfs.SystemImage$1                                                : loaded 2 times (x 74B)
Class kotlin.enums.EnumEntriesList                                                    : loaded 2 times (x 219B)
Class com.google.common.base.Joiner                                                   : loaded 2 times (x 75B)
Class com.google.common.base.MoreObjects                                              : loaded 2 times (x 67B)
Class jdk.internal.jrtfs.SystemImage$2                                                : loaded 2 times (x 72B)
Class [Lorg.objectweb.asm.Type;                                                       : loaded 2 times (x 65B)
Class com.google.common.base.Equivalence$Identity                                     : loaded 2 times (x 78B)
Class com.google.common.collect.UnmodifiableIterator                                  : loaded 2 times (x 76B)
Class org.jetbrains.plugins.gradle.model.IntelliJSettings                             : loaded 2 times (x 66B)
Class org.jetbrains.kotlin.idea.gradleTooling.KotlinSourceSetContainer                : loaded 2 times (x 66B)
Class org.gradle.internal.service.ServiceLocator                                      : loaded 2 times (x 66B)
Class com.google.common.base.Ascii                                                    : loaded 2 times (x 67B)
Class com.google.common.collect.SingletonImmutableBiMap                               : loaded 2 times (x 139B)
Class com.google.common.cache.LocalCache$1                                            : loaded 2 times (x 85B)
Class com.google.common.collect.AbstractMapEntry                                      : loaded 2 times (x 77B)
Class jdk.internal.jrtfs.JrtFileSystemProvider                                        : loaded 2 times (x 97B)
Class org.gradle.tooling.model.UnsupportedMethodException                             : loaded 2 times (x 78B)
Class com.google.common.cache.LocalCache$2                                            : loaded 2 times (x 138B)
Class com.google.common.collect.AbstractMultimap                                      : loaded 2 times (x 119B)
Class com.google.common.util.concurrent.AbstractFuture$UnsafeAtomicHelper$1           : loaded 2 times (x 72B)
Class com.google.common.collect.RegularImmutableAsList                                : loaded 2 times (x 212B)
Class com.google.common.util.concurrent.AbstractFuture$Trusted                        : loaded 2 times (x 66B)
Class com.google.common.collect.Iterators                                             : loaded 2 times (x 67B)
Class com.google.common.base.CharMatcher$RangesMatcher                                : loaded 2 times (x 108B)
Class com.google.common.util.concurrent.UncheckedExecutionException                   : loaded 2 times (x 78B)
Class com.google.common.collect.Lists$StringAsImmutableList                           : loaded 2 times (x 203B)
Class org.gradle.kotlin.dsl.VersionCatalogAccessorsKt                                 : loaded 2 times (x 67B)
Class jdk.internal.jimage.ImageLocation                                               : loaded 2 times (x 86B)
Class jdk.internal.jrtfs.JrtDirectoryStream$1                                         : loaded 2 times (x 79B)
Class sync_studio_tooling3_csyavcvy8qihsmw5ynbkadv50                                  : loaded 2 times (x 175B)
Class com.google.common.base.CharMatcher$JavaLetterOrDigit                            : loaded 2 times (x 107B)
Class org.gradle.internal.InternalTransformer                                         : loaded 2 times (x 66B)
Class org.objectweb.asm.ClassWriter                                                   : loaded 2 times (x 102B)
Class com.google.common.cache.CacheLoader$UnsupportedLoadingOperationException        : loaded 2 times (x 78B)
Class com.google.common.base.CharMatcher$And                                          : loaded 2 times (x 108B)
Class jdk.internal.jimage.ImageBufferCache$1                                          : loaded 2 times (x 79B)
Class org.gradle.internal.time.DefaultTimer                                           : loaded 2 times (x 76B)
Class org.gradle.internal.classloader.ClasspathUtil$1                                 : loaded 2 times (x 72B)
Class org.objectweb.asm.FieldVisitor                                                  : loaded 2 times (x 73B)
Class com.google.common.collect.IndexedImmutableSet                                   : loaded 2 times (x 146B)
Class com.google.common.collect.ImmutableMap$1                                        : loaded 2 times (x 77B)
Class com.google.common.collect.BiMap                                                 : loaded 2 times (x 66B)
Class jdk.internal.jimage.ImageBufferCache$2                                          : loaded 2 times (x 87B)
Class org.gradle.api.internal.classpath.DefaultModuleRegistry$DefaultModule           : loaded 2 times (x 82B)
Class com.google.common.primitives.Ints                                               : loaded 2 times (x 67B)
Class com.google.common.collect.AbstractIterator                                      : loaded 2 times (x 78B)
Class com.google.common.math.MathPreconditions                                        : loaded 2 times (x 67B)
Class com.google.common.collect.Multiset                                              : loaded 2 times (x 66B)
Class com.google.common.collect.ArrayListMultimapGwtSerializationDependencies         : loaded 2 times (x 168B)
Class com.google.common.collect.ObjectArrays                                          : loaded 2 times (x 67B)
Class com.google.common.collect.AbstractIndexedListIterator                           : loaded 2 times (x 92B)
Class org.gradle.internal.time.DefaultCountdownTimer                                  : loaded 2 times (x 84B)
Class com.google.common.collect.ImmutableMapEntrySet                                  : loaded 2 times (x 147B)
Class org.gradle.tooling.internal.gradle.DefaultBuildIdentifier                       : loaded 2 times (x 75B)
Class kotlin.Function                                                                 : loaded 2 times (x 66B)
Class org.gradle.api.internal.classpath.Module                                        : loaded 2 times (x 66B)
Class com.google.common.cache.Weigher                                                 : loaded 2 times (x 66B)
Class org.gradle.api.internal.classpath.UnknownModuleException                        : loaded 2 times (x 78B)
Class com.google.common.base.Stopwatch                                                : loaded 2 times (x 68B)
Class com.google.common.cache.LocalCache$Strength                                     : loaded 2 times (x 77B)
Class com.google.common.cache.Cache                                                   : loaded 2 times (x 66B)
Class jdk.internal.jimage.ImageHeader                                                 : loaded 2 times (x 67B)
Class com.intellij.openapi.externalSystem.model.project.dependencies.ProjectDependencies: loaded 2 times (x 66B)
Class com.google.common.util.concurrent.AbstractFuture$Cancellation                   : loaded 2 times (x 68B)
Class com.google.common.collect.ImmutableMap$Builder                                  : loaded 2 times (x 78B)
Class com.google.common.base.NullnessCasts                                            : loaded 2 times (x 67B)
Class com.google.common.cache.RemovalListener                                         : loaded 2 times (x 66B)
Class org.gradle.tooling.internal.gradle.GradleProjectIdentity                        : loaded 2 times (x 66B)
Class org.gradle.api.internal.DefaultClassPathRegistry                                : loaded 2 times (x 72B)
Class com.google.common.primitives.IntsMethodsForWeb                                  : loaded 2 times (x 67B)
Class com.google.common.collect.Multimap                                              : loaded 2 times (x 66B)
Class org.gradle.api.internal.ClassPathRegistry                                       : loaded 2 times (x 66B)
Class org.gradle.internal.classpath.DefaultClassPath$ImmutableUniqueList              : loaded 2 times (x 195B)
Class jdk.internal.jimage.decompressor.ResourceDecompressor                           : loaded 2 times (x 66B)
Class com.google.common.cache.CacheBuilder                                            : loaded 2 times (x 68B)
Class com.google.common.collect.SingletonImmutableList                                : loaded 2 times (x 203B)
Class com.google.common.collect.Platform                                              : loaded 2 times (x 67B)
Class Settings_gradle$1                                                               : loaded 2 times (x 70B)
Class org.gradle.internal.classpath.ClassPath                                         : loaded 2 times (x 66B)
Class org.gradle.api.UncheckedIOException                                             : loaded 2 times (x 78B)
Class com.google.common.collect.ImmutableList$ReverseImmutableList                    : loaded 2 times (x 204B)
Class com.google.common.base.JdkPattern                                               : loaded 2 times (x 71B)
Class org.objectweb.asm.SymbolTable$Entry                                             : loaded 2 times (x 70B)
Class com.google.common.util.concurrent.AbstractFuture$AtomicHelper                   : loaded 2 times (x 74B)
Class org.jetbrains.kotlin.idea.gradleTooling.KotlinGradleModel                       : loaded 2 times (x 66B)
Class org.objectweb.asm.Edge                                                          : loaded 2 times (x 68B)
Class com.google.common.base.Suppliers$SupplierOfInstance                             : loaded 2 times (x 75B)
Class com.google.common.collect.Iterators$1                                           : loaded 2 times (x 77B)
Class jdk.internal.jimage.ImageStringsReader                                          : loaded 2 times (x 76B)
Class org.gradle.tooling.model.Model                                                  : loaded 2 times (x 66B)
Class com.google.common.cache.LocalCache$ComputingValueReference                      : loaded 2 times (x 92B)
Class com.google.common.collect.SingletonImmutableSet                                 : loaded 2 times (x 142B)
Class com.google.common.collect.ImmutableMap$IteratorBasedImmutableMap                : loaded 2 times (x 121B)
Class kotlin.UninitializedPropertyAccessException                                     : loaded 2 times (x 78B)
Class com.google.common.cache.LocalCache$Segment                                      : loaded 2 times (x 150B)
Class jdk.internal.jimage.ImageReader                                                 : loaded 2 times (x 71B)
Class org.jetbrains.plugins.gradle.model.IntelliJProjectSettings                      : loaded 2 times (x 66B)
Class [Lorg.objectweb.asm.SymbolTable$Entry;                                          : loaded 2 times (x 65B)
Class com.google.common.cache.CacheLoader                                             : loaded 2 times (x 70B)
Class com.google.common.collect.Iterators$4                                           : loaded 2 times (x 78B)
Class com.google.common.collect.ImmutableBiMap                                        : loaded 2 times (x 139B)
Class com.google.common.collect.AbstractListMultimap                                  : loaded 2 times (x 168B)
Class jdk.internal.jimage.ImageReader$SharedImageReader                               : loaded 2 times (x 91B)
Class org.gradle.internal.installation.GradleInstallation$1                           : loaded 2 times (x 71B)
Class org.gradle.api.internal.classpath.ModuleRegistry                                : loaded 2 times (x 66B)
Class com.google.common.util.concurrent.internal.InternalFutureFailureAccess          : loaded 2 times (x 68B)
Class com.google.common.collect.Iterators$5                                           : loaded 2 times (x 78B)
Class com.google.common.collect.ImmutableSet$JdkBackedSetBuilderImpl                  : loaded 2 times (x 72B)
Class com.google.common.base.Splitter$SplittingIterator                               : loaded 2 times (x 80B)
Class jdk.internal.jimage.decompressor.ResourceDecompressorFactory                    : loaded 2 times (x 70B)
Class org.jetbrains.plugins.gradle.model.VersionCatalogsModel                         : loaded 2 times (x 66B)
Class com.google.common.util.concurrent.AbstractFuture$UnsafeAtomicHelper             : loaded 2 times (x 74B)
Class com.google.common.cache.LocalCache$LocalManualCache$1                           : loaded 2 times (x 71B)
Class com.google.common.base.CharMatcher$ForPredicate                                 : loaded 2 times (x 108B)
Class com.google.common.collect.ImmutableCollection                                   : loaded 2 times (x 121B)
Class com.google.common.base.CharMatcher$AnyOf                                        : loaded 2 times (x 108B)
Class jdk.internal.jimage.ImageReader$Node                                            : loaded 2 times (x 80B)
Class org.gradle.api.internal.classpath.DefaultModuleRegistry                         : loaded 2 times (x 79B)
Class com.google.common.util.concurrent.ListenableFuture                              : loaded 2 times (x 66B)
Class com.google.common.cache.ReferenceEntry                                          : loaded 2 times (x 66B)
Class com.google.common.collect.ImmutableSet$CachingAsList                            : loaded 2 times (x 143B)
Class com.google.common.base.Converter                                                : loaded 2 times (x 86B)
Class com.google.common.collect.Lists                                                 : loaded 2 times (x 67B)
Class com.google.common.base.CharMatcher$Any                                          : loaded 2 times (x 108B)
Class jdk.internal.jimage.BasicImageReader$1                                          : loaded 2 times (x 73B)
Class com.google.common.util.concurrent.AbstractFuture                                : loaded 2 times (x 102B)
Class com.google.common.base.FunctionalEquivalence                                    : loaded 2 times (x 79B)
Class com.google.common.collect.Iterators$9                                           : loaded 2 times (x 77B)
Class com.google.common.collect.AbstractMapBasedMultimap                              : loaded 2 times (x 135B)
Class com.google.common.collect.ImmutableAsList                                       : loaded 2 times (x 205B)
Class org.objectweb.asm.RecordComponentVisitor                                        : loaded 2 times (x 73B)
Class com.google.common.cache.CacheLoader$SupplierToCacheLoader                       : loaded 2 times (x 71B)
Class com.google.common.collect.Maps$EntryTransformer                                 : loaded 2 times (x 66B)
Class jdk.internal.jimage.decompressor.Decompressor                                   : loaded 2 times (x 68B)
Class jdk.internal.jimage.ImageReader$Resource                                        : loaded 2 times (x 80B)
Class org.gradle.internal.time.MonotonicClock                                         : loaded 2 times (x 73B)
Class org.gradle.internal.service.ServiceLookupException                              : loaded 2 times (x 78B)
Class [Lcom.google.common.cache.LocalCache$EntryFactory;                              : loaded 2 times (x 65B)
Class com.google.common.base.CharMatcher$JavaLetter                                   : loaded 2 times (x 107B)
Class jdk.internal.jrtfs.JrtFileAttributes                                            : loaded 2 times (x 79B)
Class org.gradle.internal.classloader.ClassLoaderFactory                              : loaded 2 times (x 66B)
Class com.google.common.cache.LocalCache$LocalManualCache                             : loaded 2 times (x 95B)
Class com.google.common.base.CharMatcher$IsNot                                        : loaded 2 times (x 107B)
Class com.google.common.base.CommonPattern                                            : loaded 2 times (x 70B)
Class org.gradle.internal.service.CachingServiceLocator                               : loaded 2 times (x 78B)
Class com.google.common.math.IntMath                                                  : loaded 2 times (x 67B)
Class org.jetbrains.plugins.gradle.model.RepositoryModels                             : loaded 2 times (x 66B)
Class com.google.common.collect.Iterators$10                                          : loaded 2 times (x 77B)
Class com.google.common.collect.ImmutableMapEntry                                     : loaded 2 times (x 81B)
Class com.google.common.base.CharMatcher$JavaDigit                                    : loaded 2 times (x 107B)
Class org.gradle.internal.time.TimeSource                                             : loaded 2 times (x 66B)
Class com.google.common.base.Equivalence                                              : loaded 2 times (x 78B)
Class com.google.common.collect.ImmutableMapEntry$NonTerminalImmutableMapEntry        : loaded 2 times (x 81B)
Class com.google.common.base.Function                                                 : loaded 2 times (x 66B)
Class org.gradle.tooling.internal.gradle.GradleBuildIdentity                          : loaded 2 times (x 66B)
Class kotlin.enums.EnumEntries                                                        : loaded 2 times (x 66B)
Class com.google.common.cache.CacheBuilder$OneWeigher                                 : loaded 2 times (x 78B)
Class com.google.common.collect.RegularImmutableList                                  : loaded 2 times (x 208B)
Class org.gradle.internal.exceptions.ResolutionProvider                               : loaded 2 times (x 66B)
Class com.google.common.collect.ImmutableBiMapFauxverideShim                          : loaded 2 times (x 116B)
Class jdk.internal.jimage.ImageBufferCache                                            : loaded 2 times (x 67B)
Class jdk.internal.jrtfs.JrtPath                                                      : loaded 2 times (x 114B)
Class org.gradle.tooling.model.ProjectIdentifier                                      : loaded 2 times (x 66B)
Class org.gradle.internal.classloader.ClasspathUtil                                   : loaded 2 times (x 67B)
Class org.jetbrains.kotlin.tooling.core.HasExtras                                     : loaded 2 times (x 66B)
Class com.google.common.base.Charsets                                                 : loaded 2 times (x 67B)
Class com.google.common.util.concurrent.Uninterruptibles                              : loaded 2 times (x 67B)
Class com.google.common.collect.Maps                                                  : loaded 2 times (x 67B)
Class com.google.common.base.CharMatcher$JavaUpperCase                                : loaded 2 times (x 107B)
Class org.gradle.internal.time.TimeSource$1                                           : loaded 2 times (x 73B)
Class kotlin.jvm.internal.DefaultConstructorMarker                                    : loaded 2 times (x 67B)
Class org.gradle.api.specs.Spec                                                       : loaded 2 times (x 66B)
Class [Lcom.google.common.collect.ImmutableEntry;                                     : loaded 2 times (x 65B)
Class jdk.internal.jimage.ImageReader$SharedImageReader$LocationVisitor               : loaded 2 times (x 66B)
Class com.google.common.cache.LocalCache$LoadingValueReference                        : loaded 2 times (x 92B)
Class com.google.common.base.Platform                                                 : loaded 2 times (x 67B)
Class Build_gradle$1                                                                  : loaded 2 times (x 74B)
Class jdk.internal.jimage.decompressor.ResourceDecompressorRepository                 : loaded 2 times (x 67B)
Class org.gradle.internal.time.Clock                                                  : loaded 2 times (x 66B)
Class com.google.common.primitives.Ints$IntConverter                                  : loaded 2 times (x 86B)
Class com.google.common.collect.Maps$8                                                : loaded 2 times (x 78B)
Class jdk.internal.jimage.ImageReader$Directory                                       : loaded 2 times (x 80B)
Class kotlin.collections.AbstractList                                                 : loaded 2 times (x 193B)
Class kotlin.collections.AbstractCollection                                           : loaded 2 times (x 113B)
Class org.jetbrains.kotlin.tooling.core.Extras                                        : loaded 2 times (x 66B)
Class com.google.common.collect.Sets$SetView                                          : loaded 2 times (x 134B)
Class com.google.common.cache.LocalCache$StrongValueReference                         : loaded 2 times (x 86B)
Class com.google.common.util.concurrent.AbstractFuture$SynchronizedHelper             : loaded 2 times (x 74B)
Class com.google.common.base.CharMatcher$Invisible                                    : loaded 2 times (x 108B)
Class org.objectweb.asm.Type                                                          : loaded 2 times (x 68B)
Class org.gradle.internal.classloader.VisitableURLClassLoader$InstrumentingVisitableURLClassLoader: loaded 2 times (x 119B)
Class org.objectweb.asm.ByteVector                                                    : loaded 2 times (x 75B)
Class [Lcom.google.common.cache.CacheBuilder$NullListener;                            : loaded 2 times (x 65B)
Class com.google.common.math.IntMath$1                                                : loaded 2 times (x 67B)
Class org.gradle.internal.classloader.VisitableURLClassLoader$Spec                    : loaded 2 times (x 70B)
Class org.gradle.internal.classpath.DefaultClassPath                                  : loaded 2 times (x 86B)
Class org.objectweb.asm.Symbol                                                        : loaded 2 times (x 69B)
Class com.google.common.base.AbstractIterator                                         : loaded 2 times (x 76B)
Class jdk.internal.jimage.decompressor.ZipDecompressorFactory                         : loaded 2 times (x 70B)
Class com.google.common.collect.RegularImmutableMap$Values                            : loaded 2 times (x 203B)
Class com.google.common.collect.ImmutableSet                                          : loaded 2 times (x 141B)
Class com.google.common.base.CharMatcher$BitSetMatcher                                : loaded 2 times (x 108B)
Class com.google.common.base.CharMatcher$Ascii                                        : loaded 2 times (x 108B)
Class org.gradle.internal.classloader.ClassLoaderSpec                                 : loaded 2 times (x 67B)
Class org.objectweb.asm.AnnotationWriter                                              : loaded 2 times (x 75B)
Class com.google.common.cache.CacheStats                                              : loaded 2 times (x 67B)
Class org.objectweb.asm.RecordComponentWriter                                         : loaded 2 times (x 74B)
Class com.google.common.util.concurrent.AbstractFuture$Listener                       : loaded 2 times (x 68B)
Class com.google.common.base.CharMatcher$Or                                           : loaded 2 times (x 108B)
Class Settings_gradle$1$1                                                             : loaded 2 times (x 70B)
Class kotlin.Unit                                                                     : loaded 2 times (x 67B)
Class org.objectweb.asm.Attribute                                                     : loaded 2 times (x 73B)
Class com.google.common.base.Supplier                                                 : loaded 2 times (x 66B)
Class org.gradle.internal.classloader.VisitableURLClassLoader                         : loaded 2 times (x 113B)
Class com.google.common.util.concurrent.AbstractFuture$Waiter                         : loaded 2 times (x 68B)
Class Settings_gradle                                                                 : loaded 2 times (x 124B)
Class org.gradle.internal.Cast                                                        : loaded 2 times (x 67B)
Class org.gradle.api.Action                                                           : loaded 2 times (x 66B)
Class com.google.common.collect.Sets                                                  : loaded 2 times (x 67B)
Class org.objectweb.asm.Handler                                                       : loaded 2 times (x 68B)
Class com.google.common.base.Ticker                                                   : loaded 2 times (x 68B)
Class com.google.common.base.Strings                                                  : loaded 2 times (x 67B)
Class com.google.common.base.CharMatcher$FastMatcher                                  : loaded 2 times (x 107B)
Class jdk.internal.jimage.decompressor.ZipDecompressor                                : loaded 2 times (x 71B)
Class kotlin.jvm.functions.Function1                                                  : loaded 2 times (x 66B)
Class org.gradle.internal.agents.InstrumentingClassLoader                             : loaded 2 times (x 66B)
Class [Lcom.google.common.cache.LocalCache$Segment;                                   : loaded 2 times (x 65B)
Class [Lcom.google.common.cache.LocalCache$Strength;                                  : loaded 2 times (x 65B)
Class com.google.common.cache.CacheBuilder$1                                          : loaded 2 times (x 81B)
Class com.google.common.collect.ImmutableMap                                          : loaded 2 times (x 116B)
Class com.google.common.base.Predicate                                                : loaded 2 times (x 66B)
Class org.gradle.internal.classpath.DefaultClassPath$ImmutableUniqueList$Builder      : loaded 2 times (x 71B)
Class com.google.common.cache.LocalCache                                              : loaded 2 times (x 183B)
Class com.google.common.cache.CacheBuilder$2                                          : loaded 2 times (x 68B)
Class com.google.common.base.CharMatcher$NegatedFastMatcher                           : loaded 2 times (x 109B)
Class [Lcom.google.common.collect.AbstractMapEntry;                                   : loaded 2 times (x 65B)
Class com.google.common.collect.ImmutableEntry                                        : loaded 2 times (x 78B)
Class com.google.common.collect.ArrayListMultimap                                     : loaded 2 times (x 168B)
Class com.google.common.base.AbstractIterator$1                                       : loaded 2 times (x 67B)
Class com.google.common.base.CharMatcher$Digit                                        : loaded 2 times (x 108B)
Class com.google.common.base.PairwiseEquivalence                                      : loaded 2 times (x 79B)
Class org.gradle.internal.exceptions.NonGradleCauseExceptionsHolder                   : loaded 2 times (x 66B)
Class com.google.common.collect.CollectPreconditions                                  : loaded 2 times (x 67B)
Class com.google.common.base.CharMatcher$JavaIsoControl                               : loaded 2 times (x 108B)
Class jdk.internal.jimage.ImageStrings                                                : loaded 2 times (x 66B)
Class com.google.common.collect.SortedMapDifference                                   : loaded 2 times (x 66B)
Class com.google.common.base.CharMatcher$JavaLowerCase                                : loaded 2 times (x 107B)
Class org.jetbrains.plugins.gradle.tooling.ModelBuilderService$Parameter              : loaded 2 times (x 66B)
Class com.google.common.cache.LocalCache$EntryFactory                                 : loaded 2 times (x 79B)
Class org.jetbrains.kotlin.tooling.core.HasMutableExtras                              : loaded 2 times (x 66B)
Class com.google.common.cache.LocalCache$AbstractReferenceEntry                       : loaded 2 times (x 103B)
Class com.google.common.base.Splitter$1$1                                             : loaded 2 times (x 82B)
Class com.google.common.base.CharMatcher$Whitespace                                   : loaded 2 times (x 108B)
Class kotlin.enums.EnumEntriesKt                                                      : loaded 2 times (x 67B)
Class org.gradle.internal.IoActions                                                   : loaded 2 times (x 67B)
Class org.objectweb.asm.SymbolTable                                                   : loaded 2 times (x 68B)
Class com.google.common.cache.CacheLoader$InvalidCacheLoadException                   : loaded 2 times (x 78B)
Class com.google.common.collect.ImmutableSet$RegularSetBuilderImpl                    : loaded 2 times (x 73B)
Class com.google.common.base.CharMatcher$SingleWidth                                  : loaded 2 times (x 108B)
Class org.gradle.internal.classloader.SystemClassLoaderSpec                           : loaded 2 times (x 67B)
Class com.google.common.cache.LocalCache$StrongEntry                                  : loaded 2 times (x 104B)
Class com.google.common.util.concurrent.AbstractFuture$TrustedFuture                  : loaded 2 times (x 110B)
Class com.google.common.cache.LoadingCache                                            : loaded 2 times (x 66B)
Class org.gradle.internal.exceptions.MultiCauseException                              : loaded 2 times (x 66B)
Class org.gradle.internal.time.CountdownTimer                                         : loaded 2 times (x 66B)
Class kotlin.jvm.internal.Intrinsics                                                  : loaded 2 times (x 67B)
Class org.objectweb.asm.MethodWriter                                                  : loaded 2 times (x 102B)
Class [Lcom.google.common.cache.Weigher;                                              : loaded 2 times (x 65B)
Class com.google.common.collect.RegularImmutableMap$BucketOverflowException           : loaded 2 times (x 78B)
Class jdk.internal.jrtfs.JrtFileSystem                                                : loaded 2 times (x 98B)
Class org.gradle.tooling.model.ProjectModel                                           : loaded 2 times (x 66B)
Class jdk.internal.jimage.decompressor.CompressedResourceHeader                       : loaded 2 times (x 67B)
Class kotlin.KotlinNullPointerException                                               : loaded 2 times (x 79B)
Class com.google.common.collect.RegularImmutableBiMap                                 : loaded 2 times (x 144B)
Class com.google.common.cache.LocalCache$ValueReference                               : loaded 2 times (x 66B)
Class com.google.common.base.CharMatcher$Negated                                      : loaded 2 times (x 109B)
Class com.google.common.base.CharMatcher$Is                                           : loaded 2 times (x 107B)
Class org.jetbrains.plugins.gradle.model.tests.ExternalTestsModel                     : loaded 2 times (x 66B)
Class org.gradle.internal.exceptions.DefaultMultiCauseException                       : loaded 2 times (x 91B)
Class com.google.common.util.concurrent.AbstractFuture$Failure                        : loaded 2 times (x 68B)
Class com.google.common.base.Equivalence$Equals                                       : loaded 2 times (x 78B)
Class com.google.common.collect.Hashing                                               : loaded 2 times (x 67B)
Class com.google.common.base.PatternCompiler                                          : loaded 2 times (x 66B)
Class com.google.common.base.Preconditions                                            : loaded 2 times (x 67B)
Class com.google.common.base.Joiner$1                                                 : loaded 2 times (x 76B)
Class org.objectweb.asm.Label                                                         : loaded 2 times (x 69B)
Class org.objectweb.asm.CurrentFrame                                                  : loaded 2 times (x 69B)
Class org.objectweb.asm.ClassTooLargeException                                        : loaded 2 times (x 79B)
Class com.google.common.collect.PeekingIterator                                       : loaded 2 times (x 66B)
Class com.google.common.base.CharMatcher                                              : loaded 2 times (x 107B)
Class org.gradle.internal.time.Time                                                   : loaded 2 times (x 67B)
Class com.google.common.base.Joiner$2                                                 : loaded 2 times (x 75B)
Class org.objectweb.asm.Frame                                                         : loaded 2 times (x 69B)
Class org.objectweb.asm.MethodVisitor                                                 : loaded 2 times (x 101B)
Class com.google.common.cache.LocalCache$EntryFactory$1                               : loaded 2 times (x 79B)
Class [Lcom.google.common.cache.RemovalListener;                                      : loaded 2 times (x 65B)
Class com.google.common.base.CharMatcher$1                                            : loaded 2 times (x 109B)
Class com.google.common.base.CharMatcher$NamedFastMatcher                             : loaded 2 times (x 108B)
Class com.google.common.cache.LocalCache$EntryFactory$2                               : loaded 2 times (x 79B)
Class org.jetbrains.plugins.gradle.model.DependencyAccessorsModel                     : loaded 2 times (x 66B)
Class org.objectweb.asm.ModuleWriter                                                  : loaded 2 times (x 78B)
Class com.google.common.cache.LocalCache$EntryFactory$3                               : loaded 2 times (x 79B)
Class com.google.common.base.Ticker$1                                                 : loaded 2 times (x 68B)
Class com.google.common.collect.ImmutableMapEntrySet$RegularEntrySet                  : loaded 2 times (x 147B)
Class com.google.common.collect.Maps$BiMapConverter                                   : loaded 2 times (x 86B)
Class org.jetbrains.kotlin.idea.gradleTooling.KotlinMPPGradleModel                    : loaded 2 times (x 66B)
Class org.gradle.tooling.model.BuildIdentifier                                        : loaded 2 times (x 66B)
Class com.google.common.cache.LocalCache$EntryFactory$4                               : loaded 2 times (x 79B)
Class com.google.common.collect.ImmutableSet$Builder                                  : loaded 2 times (x 81B)
Class com.google.common.base.CharMatcher$InRange                                      : loaded 2 times (x 107B)
Class org.jetbrains.kotlin.idea.gradleTooling.PrepareKotlinIdeImportTaskModel         : loaded 2 times (x 66B)
Class com.google.common.cache.LocalCache$EntryFactory$5                               : loaded 2 times (x 79B)
Class com.google.common.cache.LocalCache$EntryFactory$6                               : loaded 2 times (x 79B)
Class Build_gradle                                                                    : loaded 2 times (x 68B)
Class org.gradle.internal.time.Timer                                                  : loaded 2 times (x 66B)
Class kotlin.jvm.internal.markers.KMappedMarker                                       : loaded 2 times (x 66B)
Class org.gradle.internal.installation.CurrentGradleInstallationLocator               : loaded 2 times (x 67B)
Class com.google.common.cache.LocalCache$EntryFactory$7                               : loaded 2 times (x 79B)
Class com.google.common.collect.ImmutableSet$EmptySetBuilderImpl                      : loaded 2 times (x 72B)
Class com.google.common.collect.ImmutableList                                         : loaded 2 times (x 202B)
Class org.gradle.internal.service.DefaultServiceLocator                               : loaded 2 times (x 79B)
Class com.google.common.cache.LocalCache$EntryFactory$8                               : loaded 2 times (x 79B)
Class com.google.common.collect.ImmutableSet$SetBuilderImpl                           : loaded 2 times (x 72B)
Class jdk.internal.jrtfs.JrtDirectoryStream                                           : loaded 2 times (x 85B)
Class org.gradle.util.GradleVersion                                                   : loaded 2 times (x 79B)
Class org.gradle.internal.installation.CurrentGradleInstallation                      : loaded 2 times (x 69B)
Class com.google.common.cache.CacheLoader$1                                           : loaded 2 times (x 71B)
Class com.google.common.collect.ImmutableList$SubList                                 : loaded 2 times (x 204B)
Class org.jetbrains.plugins.gradle.javaModel.JavaGradleManifestModel                  : loaded 2 times (x 66B)
Class org.gradle.util.internal.GUtil                                                  : loaded 2 times (x 67B)
Class com.google.common.util.concurrent.AbstractFuture$SetFuture                      : loaded 2 times (x 71B)
Class com.google.common.cache.AbstractCache$StatsCounter                              : loaded 2 times (x 66B)
Class com.google.common.collect.Iterators$MergingIterator                             : loaded 2 times (x 77B)
Class com.google.common.collect.RegularImmutableSet                                   : loaded 2 times (x 144B)
Class org.gradle.internal.installation.GradleInstallation                             : loaded 2 times (x 71B)
Class com.google.common.collect.Iterables                                             : loaded 2 times (x 67B)
Class com.google.common.base.Splitter$Strategy                                        : loaded 2 times (x 66B)
Class jdk.internal.jimage.decompressor.ResourceDecompressor$StringsProvider           : loaded 2 times (x 66B)

---------------  S Y S T E M  ---------------

OS:
 Windows 11 , 64 bit Build 26100 (10.0.26100.7309)
OS uptime: 1 days 13:19 hours
Hyper-V role detected

CPU: total 12 (initial active 12) (6 cores per cpu, 2 threads per core) family 6 model 141 stepping 1 microcode 0x52, cx8, cmov, fxsr, ht, mmx, 3dnowpref, sse, sse2, sse3, ssse3, sse4.1, sse4.2, popcnt, lzcnt, tsc, tscinvbit, avx, avx2, aes, erms, clmul, bmi1, bmi2, adx, avx512f, avx512dq, avx512cd, avx512bw, avx512vl, sha, fma, vzeroupper, avx512_vpopcntdq, avx512_vpclmulqdq, avx512_vaes, avx512_vnni, clflush, clflushopt, clwb, avx512_vbmi2, avx512_vbmi, hv, rdtscp, rdpid, fsrm, gfni, avx512_bitalg, f16c, cet_ibt, cet_ss, avx512_ifma
Processor Information for the first 12 processors :
  Max Mhz: 2688, Current Mhz: 2688, Mhz Limit: 2688

Memory: 4k page, system-wide physical 11925M (542M free)
TotalPageFile size 42322M (AvailPageFile size 5M)
current process WorkingSet (physical memory assigned to process): 650M, peak: 651M
current process commit charge ("private bytes"): 710M, peak: 714M

vm_info: OpenJDK 64-Bit Server VM (21.0.6+-13368085-b895.109) for windows-amd64 JRE (21.0.6+-13368085-b895.109), built on 2025-04-16T17:01:31Z by "builder" with MS VC++ 16.10 / 16.11 (VS2019)

END.
